hour_sin,hour_cos,is_weekend,environmental_isolation_indicator,cctv_coverage,police_proximity,transit_access,infrastructure_score,historical_baseline,validated_report_signal,target_risk_score
0.7091470245426238,-0.7050606339757902,0.0,0.26170568373590597,0.672702994208898,0.5719958782835928,0.3936355202774421,0.648256954077822,0.03879945472888746,0.0,0.0
-0.30474544107798307,0.9524338381967461,0.0,0.24697879907199982,0.7966813971913723,0.8054323292999863,0.4734356593750214,0.17238636210516622,0.18677252823112933,0.0,0.0
-0.993607013953309,-0.1128942063295941,1.0,0.9062545805210367,0.250467898792499,0.760160929790159,0.8545473932021803,0.8723945633548149,0.8312458050899425,0.0,39.80739506511746
-0.5809452546235756,-0.8139426338080277,1.0,0.2495461998495061,0.6248740996069989,0.15389990469377368,0.34000438605989214,0.6131162390692415,0.7667683563383357,0.0,24.989707848508623
0.8306611155250836,0.5567783321525935,1.0,0.271949726128631,0.5717459831437487,0.1492494697414739,0.8696496848121713,0.15720388355695425,0.3506426914571469,0.0,10.019673370702595
0.8305767256191273,0.5569042133615161,0.0,0.7593982624179637,0.8328303767882711,0.2681743677449133,0.08813443097669149,0.9623380574812068,0.3768106277742125,0.0,29.990395569102667
0.356902679914622,0.9341415722842876,0.0,0.44973984245054,0.9060870604812605,0.3610747263410372,0.7767984372086307,0.5183654633353206,0.5335544335535795,0.0,11.57988367620363
-0.745203575725982,0.6668370346083147,1.0,0.7767105569551812,0.012156771477386807,0.4084555814084826,0.8475476330547363,0.072898451871655,0.0002410046851345493,0.0,23.67539822818893
-0.5934386130800211,-0.804879253370132,0.0,0.06536615756438524,0.6740199190587927,0.6796972168333453,0.18181765283733875,0.6268329044150672,0.24124433603802786,0.0,4.124271579755391
-0.9655004873279975,-0.2604012460980155,0.0,0.4875711936733843,0.05183579911972902,0.056680432165835404,0.43034653237220044,0.2531989070128102,0.20823180860821444,0.0,15.662070509262591
0.12897590750357515,0.9916477274131319,0.0,0.03361360018328263,0.5488586650773559,0.034672704226066386,0.16549977466365562,0.8036934518773025,0.25048294674976346,0.0,0.0
-0.18793766729175437,0.9821809574680899,1.0,0.06265320345535452,0.2876327290436782,0.391910562943909,0.7066041289942178,0.8178220735661906,0.8059058425334413,0.0,20.37489448380023
-0.8688100205733447,0.49514558278484566,1.0,0.906437453344411,0.3067765995221412,0.6971636921379805,0.5353477680616567,0.9789473558546619,0.27967385654644317,0.0,26.550434905445915
0.9721334342823116,0.2344282106540905,0.0,0.13924537111759516,0.3529585034523566,0.19343534295648257,0.635323346708321,0.5018695310245037,0.19152132205014816,0.0,0.0
0.9096497052716458,0.4153762315048948,1.0,0.5324206822752171,0.6212924490496101,0.6415044812562517,0.19648696695621115,0.45495687972773713,0.5042634607930315,0.0,14.848337106241651
0.9137272651170562,0.4063280509412376,1.0,0.41109560260070654,0.3340499656687692,0.25982813794029946,0.21174586205241952,0.7534756054464806,0.8656450363727319,0.0,26.62660142808137
0.9424828733430509,-0.3342544441814148,0.0,0.3473433262588427,0.7326990505902804,0.8860861088135163,0.04149732550990637,0.13247065634192656,0.24134970383749987,0.0,0.0
-0.15492273883096372,-0.9879265888683799,0.0,0.8998333456872725,0.4045273855738697,0.8956899442666165,0.3220675351957297,0.5469155137931242,0.0785362427927987,0.0,17.02603799039773
0.41468995970402817,-0.9099627669969094,1.0,0.0218233967754895,0.06835320030995862,0.2972872042813265,0.559744661333675,0.5462476001308509,0.3564047358496647,0.0,0.0
0.9666336845378194,-0.25616268252194624,0.0,0.6637896861755891,0.7837598424841072,0.2299937539632405,0.8579349139973288,0.08947312281038722,0.7476518245649778,0.0,26.0025462594119
-0.6463509675019145,-0.763040252417485,0.0,0.9633944342135504,0.285758324592706,0.41130397206623126,0.6669274474586807,0.41798408550691357,0.5506905446947946,0.0,30.140905734271527
0.7684822349792403,0.6398711233688482,0.0,0.5601681834618419,0.43276687959926263,0.24053158518014872,0.43539632339975143,0.853284798567202,0.8167933695743474,0.0,32.35087180233771
0.9651441734268996,-0.2617187889703503,1.0,0.9368224620330918,0.6854438832219015,0.6723838432917036,0.9531201143941378,0.8561536219946603,0.959592147609234,0.0,38.14847445664451
0.7444250219304749,-0.6677060631174558,1.0,0.05225787928602377,0.332456157148712,0.8260646845482855,0.7192452005758319,0.099237664919681,0.792662476751617,0.0,6.85680045247608
0.27252888267486164,-0.9621476020382691,1.0,0.4187933190741614,0.056585656146715624,0.673092130911217,0.93016520286255,0.09072088274783086,0.6038030788437534,0.0,21.188099585105874
-0.9756749867935116,0.21922207951180683,0.0,0.26015779096205116,0.3739210470128136,0.8243504472493495,0.5275879732721657,0.2626954770019353,0.4933415880523805,0.0,0.0
0.9504211307793977,0.3109657122063638,1.0,0.7308209649807298,0.9444485826943034,0.39699216220747413,0.2589042747931396,0.8747660625539935,0.04006908634826667,0.0,13.848228029329787
-0.08931842543569637,-0.9960031219216574,1.0,0.9812970904972467,0.6417343972985582,0.15631697070886086,0.052826686364721986,0.12890258507349894,0.9843219788140413,0.0,56.35222388034164
-0.5485740945237635,-0.8361019452300258,0.0,0.2565300624442478,0.6714791486672069,0.7379509473975921,0.7260848514838505,0.7199968026274463,0.3834811225750425,0.0,4.197913035478145
0.2877307596276625,0.9577113395820728,1.0,0.6541746014740745,0.6322821536376398,0.3604745051415539,0.12130299800553412,0.10116561961310322,0.1522282139168668,0.0,26.26431977448737
-0.6254625667895214,-0.7802541749616362,0.0,0.19809763275974013,0.1989921389594368,0.6712708252291325,0.3027751282719672,0.6231378537478254,0.6667088553964567,0.0,7.065778866966241
0.8778884203730792,0.4788652434400096,0.0,0.5653302545716099,0.41833386410228013,0.27064394198176567,0.5324709078838974,0.3560672991191448,0.28428828909545933,0.0,17.504803332973925
0.39744537670736263,0.9176258347136608,0.0,0.4639324866883362,0.7509397983633183,0.08122963480667267,0.5644165877797477,0.788913962965867,0.5857782709310476,0.0,14.66172398888672
-0.3156690192070119,0.9488693641976661,0.0,0.9720053296315371,0.10137289755315915,0.9925817954877634,0.600583196987136,0.2336904488253636,0.5867679078445912,0.0,34.99696490036944
-0.21426598946335887,0.9767753507123773,0.0,0.6085272726964666,0.27785277608971226,0.15620150793059928,0.16625533034970064,0.6392018293899598,0.44572982090286917,0.0,23.764548656915476
-0.9334362093944542,0.3587434222272412,0.0,0.3495063720868188,0.2763191084658536,0.988420993963481,0.37973740482164875,0.23568253457588495,0.8361186155450426,0.0,15.670215970566066
0.9417000332346805,-0.3364536333669197,0.0,0.11409578488793337,0.432018927594506,0.9772799325664473,0.6171942271169667,0.7136602831121538,0.26496706155544303,0.0,0.0
0.5758896825432107,0.8175274145496774,1.0,0.15124682873493456,0.9803687409421851,0.7938181039080396,0.9698188646337847,0.8736780345607488,0.44863259161773417,0.0,0.0
-0.9158301063518043,-0.4015659551053138,0.0,0.2253169299512351,0.06750254668382194,0.6594229620819976,0.7276311376996887,0.12680179912676004,0.5376921285909715,0.0,7.435372222453915
0.36723352182846,-0.9301287762699668,0.0,0.250966661340298,0.518700994380595,0.5778070502510847,0.9226037570939578,0.8665956885955035,0.6636247207672996,1.0,34.36856837333916
0.6938263303963623,0.7201423631815571,0.0,0.8506160578411378,0.17936468201221045,0.8661015453778347,0.762212058314177,0.5935752544142979,0.7839718505055895,1.0,63.74806727636572
0.03029972937737329,-0.9995408577940463,1.0,0.5612227882825249,0.9706765454097441,0.28943952161948794,0.5917169688924004,0.12711049086702397,0.39480728287825606,0.0,16.53940782627626
0.21439213409386648,0.9767476710177904,0.0,0.5233909113743664,0.1133035047274642,0.46768121248487704,0.19202336913634455,0.427541855359712,0.646046944096596,0.0,26.03177033600657
-0.5394272128406218,0.8420322333776769,0.0,0.11476887186921747,0.40360100236159124,0.6193899693665019,0.666685651892513,0.1608602934850979,0.15061095306851913,0.0,0.0
0.9984787282218318,-0.0551382742612918,1.0,0.860139693349435,0.7378849848346062,0.4111904758694911,0.6233795659599071,0.7003478888665695,0.9326481005424786,0.0,45.32092854424431
-0.8527133145341029,-0.5223791757107705,0.0,0.7228143032084837,0.7045544280274453,0.427486454090268,0.6024691704572664,0.7588681344179496,0.38305880642100354,0.0,19.370058866028288
0.9257651188581799,-0.37809912021254427,0.0,0.06766836190000158,0.42272863689393225,0.3302846675020844,0.48978586798824075,0.10579652027279896,0.7295214219764384,0.0,8.662830822420062
-0.12575724167442504,-0.9920610445766128,0.0,0.7078350972297687,0.34652416795271823,0.564231816684536,0.5286566039892756,0.5061398526946443,0.020341081882177647,0.0,12.910839276361534
-0.28929411702837055,-0.9572402592101815,1.0,0.5435382173426461,0.39761237855287057,0.850574528015116,0.33444252711810407,0.8146250560259172,0.205187142904807,0.0,1.9370264646346929
0.9173910570290107,0.3979869953694397,0.0,0.08172534574677826,0.2642762631586393,0.20152837800631285,0.5193126926423032,0.9361630415509965,0.487082544323578,0.0,3.785592794649294
-0.18994430643181504,0.9817948667894617,1.0,0.45830064152865646,0.2053329387067998,0.9344330387534414,0.19755590567847825,0.51351786674177,0.8782524677323466,0.0,36.255474176261146
-0.9875574436818665,0.15725868951678645,0.0,0.484696287130047,0.48303969755889,0.6890876537482297,0.8051743973603768,0.950279223611407,0.5272551499506771,0.0,17.184273623014487
-0.37104988584474,0.9286129345505615,1.0,0.16577454016327575,0.2685337560676073,0.8232732126800302,0.1857769546987078,0.5356889704560298,0.929870482293879,1.0,40.27451932728539
-0.6137638445285067,0.78948967260477,1.0,0.9456981470002823,0.2874616648972501,0.5561906926300116,0.08496628988946642,0.39419049459990796,0.48379689658279634,0.0,57.64480290867301
-0.5770595596384521,-0.8167020660129836,1.0,0.8499753714806619,0.6567560634745571,0.7795167014240635,0.43624602635715737,0.8482031285528955,0.49044909673594994,0.0,26.377171418444018
-0.4714009757676244,0.8819189985737531,0.0,0.6690223373291083,0.9685373316998922,0.01620039733946721,0.6583074395060619,0.49298271045808906,0.11974678850053189,0.0,1.3101018389566956
0.5278054980860888,0.8493652666492171,1.0,0.4622955610006072,0.6036372005593751,0.8183804247795352,0.43771682493354136,0.47190251056452304,0.8026562441522198,0.0,33.51082789601898
0.9429546928847456,0.33292108249048313,0.0,0.4117655415845085,0.07697946706496628,0.04013885908536652,0.2767541319513086,0.4903124894098283,0.2469654124670625,0.0,17.29080423964949
0.2803622148983242,0.959894279833621,0.0,0.6509734671509542,0.07558361385406698,0.8899133763628625,0.5581711838904407,0.8467850018697454,0.8996124893723151,0.0,36.01055768268114
0.890062335087963,-0.45583883079193976,0.0,0.5454318694069055,0.951423220845566,0.9919627472386433,0.34700233541219994,0.8319415416880521,0.9108242203303961,0.0,4.775731016131164
0.6438055103810564,-0.7651891692927884,1.0,0.062273105881885615,0.29729079030733363,0.2940674621767778,0.9328676901266331,0.4035199924402112,0.9433101118741497,0.0,23.059344923883746
0.9910167227518148,-0.1337380096541465,1.0,0.5125026487703317,0.09206698608247543,0.21031855628579366,0.9226451396035721,0.333299859870525,0.52023048910309,0.0,17.42961416749204
-0.8801005634085846,0.47478731900493293,1.0,0.8064036172328395,0.5990445871503816,0.7653633638580407,0.5023718199720955,0.4919280240391293,0.6770937847836443,0.0,33.324537001849414
0.7833551255749052,-0.6215744100552439,0.0,0.45923987759695806,0.6236487782902661,0.2530263409202532,0.3278839940182585,0.572772509737109,0.7785158800616635,0.0,27.022007455793734
0.981170077619888,-0.1931457449269411,0.0,0.05195657755426841,0.6485048201186882,0.8655623831722035,0.7371324139566391,0.23833721062799695,0.1310146186504656,1.0,2.4290711986067697
-0.26506121000752286,-0.964231587819725,1.0,0.7862781993840331,0.2674020278575413,0.10284259215747671,0.03671294348306664,0.7939550847155906,0.6009571949974972,0.0,44.55625029584082
0.7742018003813089,0.6329388377136766,0.0,0.2013637821359744,0.015110684214475034,0.12595519637935826,0.47476900604365124,0.4864827657324229,0.03429790130331167,0.0,0.0
-0.946700358525079,0.32211555561395483,0.0,0.2586208348880388,0.9650153694544719,0.9791515551006156,0.33632339427033353,0.3340455484199596,0.4975660833887259,0.0,0.0
0.45147303553945384,0.8922847629433056,0.0,0.1647063534322959,0.2508930456911025,0.6738388982700046,0.9205358851025547,0.10682099296399061,0.1548426816202274,0.0,0.0
-0.08229862069199761,0.9966077147163745,0.0,0.33021506487149754,0.6760262880525475,0.8468872244289528,0.012003027272682543,0.23884516040360693,0.1829229259620847,0.0,0.0
-0.9902483425065841,0.13931338831197437,0.0,0.756751505688635,0.7066298698787096,0.324329377351518,0.5528148757183491,0.9492811717559837,0.3650475666926015,0.0,17.322928443156208
0.9485319308723327,0.31668150579976145,0.0,0.5193858595039373,0.6100074170794857,0.6764837495206044,0.740663581066626,0.3050996868195266,0.432437166716503,0.0,6.048439548179184
0.03468952405659721,0.9993981373410332,0.0,0.20488127415071256,0.3129073942136482,0.5942418273085972,0.48501798752404124,0.16885928936703531,0.6231724245321872,0.0,9.969940827986454
-0.9165993429185775,0.39980700914470213,0.0,0.8778300781520408,0.27109625376406576,0.603150120122947,0.08540303016272166,0.4606727916549932,0.07442841843851566,0.0,23.84159407409361
-0.963484057580873,-0.2677657012903204,1.0,0.8795818549515292,0.5976682827027031,0.6825324595377216,0.9724613900279022,0.3070877433602487,0.5036917612374446,0.0,29.65090466926765
-0.9913135554767875,-0.1315197123170908,0.0,0.8705784250460069,0.8660956336116915,0.5753591731290986,0.5180104313760979,0.035159250271194153,0.18262513025310112,0.0,10.867442428443479
-0.9910827207690457,0.13324804161047119,0.0,0.23879621138153928,0.9467337289233956,0.42906236930266595,0.6141862443190114,0.32314521727941725,0.5739751750317419,0.0,0.0
0.44863397022799306,0.8937155927684535,0.0,0.4512393441809881,0.10590580440375763,0.27592269438054684,0.23660978270750732,0.5441086239394686,0.6374046122611835,0.0,24.66523637379563
0.7766221838721656,-0.6299666527028459,0.0,0.9849896561408751,0.15482861259771985,0.768581330913202,0.4834980851068038,0.5517123720199669,0.5567092565528539,0.0,51.31157385482093
0.6653979389638157,0.7464888363684391,1.0,0.7720124763099904,0.9447362587830797,0.2262724300031862,0.42914949195832186,0.3565589211768887,0.7382955104783077,0.0,47.08571736793002
-0.7579381649939835,0.6523264045288624,1.0,0.027167421225559818,0.7365352283347926,0.6923543061544142,0.07489584200198374,0.44730275625260063,0.3356092442409013,0.0,13.077454451284478
-0.6995052756093438,-0.7146274339785004,0.0,0.06520459126049205,0.8829938248297731,0.23333282264932664,0.10616035354746722,0.9655179182347664,0.7651065916331309,0.0,9.779096344531142
0.8735744706996852,-0.4866905013884747,0.0,0.46393137681233276,0.20263263413534316,0.6253301699544539,0.8374725196187746,0.3773484772303116,0.43276708170819367,0.0,8.24414237316947
0.3888185502373557,0.9213143518861089,1.0,0.9092202058615602,0.5875858711094019,0.7470782671290289,0.23981995220659025,0.258226813259983,0.4841844983225968,0.0,45.51578737968459
0.9274866854821855,-0.37385618659221015,1.0,0.5387017979527142,0.7011395944174736,0.2187138889065392,0.19495827149863054,0.24346704406676012,0.6481021272610714,0.0,22.208462990684396
0.8904830059712505,-0.45501650088365564,0.0,0.4978125080342902,0.6801118854469727,0.05994330086130828,0.5049114512501393,0.45776461270413416,0.01835838399922396,0.0,5.708279053031337
-0.9918015329292956,-0.12778779002353627,0.0,0.10547369995663058,0.4081516908666981,0.13097374299417408,0.7687471313625129,0.7595201487169441,0.6539942214202483,1.0,41.78107069193149
-0.7606404337702034,-0.6491734209853919,0.0,0.656780104724294,0.015394891691308477,0.6059969672710255,0.06194651857898792,0.2059881841884732,0.6185851490721154,0.0,33.81827894529523
-0.6508194401113678,0.7592325443321866,1.0,0.8221031606002255,0.5829260568042631,0.8494464062257355,0.5768079196382558,0.7092961271407681,0.3098471167532799,0.0,39.39749088988059
0.17369332972027482,-0.9847997904196995,0.0,0.38042000750756233,0.25310153917960876,0.04499682123542437,0.11921044284057336,0.021149823349416286,0.08579428489948948,0.0,2.8428850540329202
0.6826864303079203,0.7307114600671246,1.0,0.7756118509253275,0.45025424614289034,0.7341512590416462,0.03646105082561846,0.418932977983946,0.09093544991304114,0.0,28.54616934114422
-0.973451708828782,-0.22889248694162992,0.0,0.9644766539008116,0.9575810150838173,0.3413186459500521,0.05274395216221739,0.7758650652027869,0.9232237469852286,0.0,46.05958153692061
-0.9977048675243237,0.06771260826664162,0.0,0.2037664591276891,0.3990353176424347,0.4785283699195225,0.8341641082084413,0.3387329557744314,0.6892793212258371,0.0,10.394101495962216
-0.375573953828092,-0.9267924283279046,0.0,0.5233296311947413,0.8398016066644267,0.9288595498455656,0.11797248362806156,0.5637371014453995,0.1271026137707404,1.0,20.229903251734342
-0.9913347404608994,0.1313599343609812,0.0,0.28713795808457554,0.18854060574925113,0.33197150473584547,0.04515136441229195,0.2049792328259108,0.35672316930890635,0.0,13.98805056319743
0.03897354461874594,-0.9992402427944196,0.0,0.7928544190338394,0.6724604980250288,0.46533693393948605,0.4378998871429123,0.7419953911261723,0.5924829939015964,0.0,25.07756831972227
-0.1423493963088421,-0.9898164725697932,0.0,0.5775933658811575,0.9770069544389435,0.013682414760681105,0.8439934719420248,0.05227910326875962,0.8355717050906487,0.0,25.888810242327658
0.43970771023943056,-0.8981409296741781,0.0,0.6345824175503038,0.10189310087293679,0.08159872000483837,0.26240837648930193,0.8525426448755004,0.04366092871300853,0.0,21.18827244451654
0.15903494844120417,0.9872729537338211,1.0,0.7979141596158941,0.008319942227192012,0.258591591134784,0.4217126175259164,0.19819638642166815,0.23663313147000886,0.0,34.549071129757095
0.6271601604996506,0.7788903215999365,0.0,0.3959704726624549,0.43358279263261434,0.027852240821074403,0.03992253256375122,0.8743980317083307,0.88974899029538,0.0,41.49063509529356
0.19619442198913706,0.9805650150705706,0.0,0.9150900684070432,0.0926254830513672,0.631375326048251,0.4490785141348759,0.3525292413005173,0.009165550183816484,0.0,22.49185718414531
-0.7559420022473902,-0.6546385943696008,1.0,0.53302886724614,0.7483843496762314,0.4263983568016225,0.5776130806371337,0.7226835744744866,0.2013991027938874,1.0,18.920027280480824
0.9193541626760402,-0.39343096417317863,1.0,0.157954822835348,0.9145486638485589,0.548145202728022,0.5709070537521448,0.31922529778618847,0.959024175972966,0.0,11.094498987571546
-0.05382521686610699,-0.9985503723044304,1.0,0.6958991181688025,0.43402097270875883,0.17464718589632955,0.33242669217436516,0.9059116712346476,0.6134018465221711,0.0,32.4916145896639
-0.5486736801352676,0.8360365977197541,1.0,0.7932613504382544,0.25871164215544096,0.2959320294366161,0.3155331806631355,0.12663712551837436,0.26167136663750645,0.0,42.15254479751645
0.9999901118653743,0.004447040754935207,0.0,0.31676167706752667,0.4344033190066098,0.6638244748527251,0.10662361893659789,0.1785197892725987,0.0669910943958476,0.0,0.27835281323308436
0.5337938130081302,-0.8456146670879362,0.0,0.857179256998753,0.723447817850001,0.9653027236303998,0.3667983206462684,0.4930301251588023,0.028191340447222157,0.0,13.861594074242225
-0.9993917951967425,0.03487176068730094,1.0,0.9061432547657664,0.009054161580370979,0.0504167736022092,0.09949466887296465,0.08193843903814613,0.24474507963692727,0.0,42.02398906815848
0.9911399888509942,0.13282139323336092,0.0,0.2769044873778089,0.5894539894846972,0.8903843208552661,0.7665959447120516,0.19598018470176193,0.8814858195889105,0.0,12.16619295526548
0.46503933138572234,0.8852900204251262,0.0,0.9835214727152221,0.6132916848873791,0.5768812013112085,0.9662742977481859,0.9437663822120144,0.4159136542975095,0.0,30.891269707924707
0.9689703507678327,-0.24717697977939485,1.0,0.14071152804875842,0.6376882468959355,0.5639195667556237,0.9700744566667069,0.9764896611478872,0.720333369165993,0.0,12.359036997911566
0.8484147333112345,0.5293320699716074,0.0,0.20201566840248997,0.2420220799808772,0.5002785352077603,0.8650710993753938,0.37625932933042194,0.9182850353799578,0.0,9.686467860317418
-0.42749742794251383,0.9040165646173388,0.0,0.18422483923802613,0.7140527233781268,0.06939408590418339,0.6007921493396191,0.9232860210139356,0.4080404616028166,1.0,28.09623437523726
-0.9340590969988181,0.3571184723782189,0.0,0.8939897100078704,0.0913914863317764,0.08987685173616067,0.7008656972438799,0.5448246756734317,0.19127737103739706,0.0,33.49408887404156
-0.7434408308805258,-0.6688017127517493,0.0,0.6542925523249619,0.1992703364668008,0.6009120056590861,0.28520580268041407,0.26974246587376705,0.5171179308569195,0.0,29.436375602774948
-0.7226558213579267,0.6912080467250798,0.0,0.15210428322227287,0.8774700466544819,0.3409585714355583,0.6307704201726206,0.7023987210805986,0.9080836870598544,0.0,6.990335514661728
-0.9436742757160002,0.3308759002282917,0.0,0.440323418368349,0.7387231507265664,0.9172680665776807,0.45564954943987745,0.6589018065748572,0.8043744141377006,0.0,4.494471023500749
0.9216277580317774,0.3880750901891533,1.0,0.615298025069802,0.013745554011345251,0.40659053735947226,0.4820173397769325,0.9891253191087334,0.06582984336315378,0.0,14.128694150591972
-0.6249533090440182,0.7806621301913728,0.0,0.08346408498938329,0.2483762603698002,0.14328145870264108,0.757776560375158,0.2650472874092833,0.6925728000775818,0.0,13.901300494165952
-0.2446847988115864,-0.9696026759608977,0.0,0.8824163684073387,0.21440648299316456,0.714718833502036,0.28191835559725165,0.6720595026617354,0.5718975224589538,0.0,44.92053432877219
-0.9355768769617604,0.35312307669490967,1.0,0.8036035354415352,0.2708063280369726,0.29335342144100984,0.3180396116945199,0.052023755029446894,0.9074631763464255,0.0,41.009204121519005
-0.6074747216545646,0.7943390098381857,1.0,0.5052067735766382,0.2475597702798864,0.5254703073558932,0.9246417911286366,0.11364603869671941,0.12248141685029723,0.0,23.987314084771924
0.9100969230363157,-0.41439545205012857,1.0,0.9671266152591704,0.06252629574284574,0.69783278550517,0.056224294850972245,0.003918374951093262,0.5340361132046566,0.0,56.44039720462463
0.6376753368673397,0.7703052412849888,1.0,0.4177609792750997,0.45894051659682034,0.9002641112020704,0.4856342984133404,0.9994606810596731,0.8794626935118923,0.0,31.071492477239204
0.9904052097053323,0.13819377912386957,0.0,0.9841103190364978,0.7327334747861651,0.7921911948016761,0.9128008004078617,0.8022736971474778,0.410023786741743,0.0,21.120518128778325
0.44215087410033577,-0.8969406917585516,0.0,0.6679199988036271,0.6067317247174364,0.6763610678727241,0.610363007818157,0.7867230147335408,0.48199491773286707,0.0,15.200355633640893
-0.9100675222335756,0.41446001613622563,0.0,0.6346712732539415,0.6728716685980798,0.6796331823951436,0.5464070742121321,0.5097260752881797,0.0704606776669583,0.0,2.9000987794166004
-0.7675791103649775,0.6409542178122473,0.0,0.165954895295785,0.08114917853623915,0.9459246440320865,0.2497441792293552,0.30006708290543993,0.2781436404489108,0.0,0.044136772965270854
0.04366763445742866,0.9990461139011013,0.0,0.881927758304644,0.9514907101767872,0.29582409749653604,0.34327548906444827,0.15126428446267592,0.32450664916894734,0.0,22.87988540515989
-0.06747598533071651,-0.997720898550115,0.0,0.42748968792061515,0.8384918338430248,0.0011120941961874076,0.8520484158046929,0.28467473884646366,0.9451224487448869,0.0,32.12229975059861
0.4959443155366071,-0.8683543262326309,1.0,0.16223340578247936,0.8050903184956627,0.2719545593981987,0.5592181317684581,0.3759712219291391,0.28266736054115904,0.0,0.0
0.9846826680547943,0.17435608171925582,0.0,0.01260751997575904,0.8229838050417675,0.217891379626744,0.5147421937567799,0.756310096980294,0.460868735269652,0.0,0.0
0.6839302104841738,0.7295474399839079,0.0,0.5597556836383826,0.9327105081327614,0.6618345851139982,0.09957971354002892,0.5396617889031524,0.6713044235642798,1.0,47.69232194003956
0.8522618385699978,-0.5231154351740035,0.0,0.5273996221226763,0.5442539661136977,0.633711599765529,0.01602815645512312,0.07748362655548269,0.1621833724078774,0.0,0.0
-0.3510656125628634,0.9363508614167348,0.0,0.7193536223691586,0.2002820178676259,0.5934613827047238,0.9636851886870491,0.01802900895891224,0.4864423871418745,0.0,22.67030039918627
0.8960757649844713,-0.443901141480279,0.0,0.8902580530178021,0.6167836078525412,0.0162434432094537,0.37698616728684164,0.10233217953406315,0.7385390394759076,0.0,61.48591590652943
-0.11779085840265646,-0.9930384250756691,1.0,0.07940658464302952,0.742881493667939,0.7287780544506475,0.6032130620995043,0.41049871369737934,0.866855213027066,0.0,5.561290461650223
-0.9567467136543196,-0.2909221990698877,0.0,0.7314964903403623,0.7379173933540254,0.3235304124854915,0.07971507318728499,0.9331929170490183,0.6262592746624267,1.0,49.99352223129019
0.7557773936173078,-0.654828627426313,0.0,0.18741194409758222,0.5214490241668801,0.6650559890066311,0.6831142857230466,0.6374024812092216,0.6690535153169479,0.0,4.6931800415142835
-0.17637097439856309,0.9843237675631435,0.0,0.858177053157164,0.06845871933357806,0.5565784285021533,0.9325667087059609,0.8018258998755151,0.12628347258456896,0.0,22.23852372176907
-0.23376735683823702,0.972292560331953,1.0,0.8190635138616561,0.3711129384301278,0.3427309254279072,0.5756652529974197,0.46637459450454855,0.9457764972463472,0.0,61.80722306214817
0.9999372975107841,-0.011198260884160925,0.0,0.5407937549855444,0.9207666084633573,0.13457626710410775,0.12611532237541057,0.3616660831950428,0.13257407748448236,0.0,9.775434489653337
0.017287286182265917,-0.9998505637026227,0.0,0.7102427986233115,0.584448909757426,0.09441889766048095,0.5817215274734767,0.10840037271662273,0.7746729371817983,0.0,30.35043097034157
0.9493367068522246,-0.31426074686949584,0.0,0.3143501131837484,0.5383319432557134,0.8315183331122236,0.7663472131046524,0.875933022186205,0.2648163217783188,0.0,2.3958022029735293
0.9761348956858255,-0.21716506492625087,0.0,0.47116789893281463,0.2688535143821935,0.918397542081558,0.40641653657401866,0.7831600290279028,0.9335931437012516,1.0,50.484554586159454
0.22969814684410655,0.9732619181578941,1.0,0.8216368977104717,0.3684489199165789,0.6497880467642996,0.8798377479414679,0.1681180975977251,0.7199595393694795,0.0,52.52553038290919
-0.6353124241181649,-0.7722552193161928,1.0,0.4592651971732139,0.8953460891531693,0.10343411486048337,0.6486829533573645,0.5122605638762605,0.753813712978369,0.0,16.045801284298832
-0.016832004490743825,-0.9998583317774692,0.0,0.3577982653254418,0.6664630475268357,0.4020272168882407,0.8992489182892025,0.4873748079212449,0.21905917305988332,0.0,3.347168060480044
0.31784005007128324,0.9481443469064634,1.0,0.4942124472502999,0.7873870267523329,0.7289392001051572,0.6235053112473372,0.6250915526865286,0.4430399766351608,0.0,18.96629315048681
0.9838452962817927,-0.17902076132167288,1.0,0.8282492524372184,0.45434542306765513,0.7798208840100681,0.13128797200482423,0.9461868939912612,0.6178131945892864,0.0,34.47542443843731
-0.5449944015200338,0.8384396831685749,1.0,0.33520804737087273,0.6302472194561579,0.1182186222910886,0.3096917111051891,0.5797714417624796,0.7699736182066009,0.0,30.35697460646046
0.9978501025333133,0.06553756841885586,1.0,0.1737615931357438,0.24838360874320753,3.071884538241587e-05,0.20179494825245692,0.5402172667786186,0.10395937591238957,0.0,0.0
0.7897499915484355,0.6134288474218066,0.0,0.7120140203307808,0.7054608302834863,0.712137045880605,0.9088264977168623,0.050322932934663944,0.9623653164545284,0.0,33.88001267781199
0.06622176526219792,-0.9978049297360473,0.0,0.8259782127080818,0.4276013337033373,0.35659617598620563,0.7604000672874827,0.06290747601802393,0.890220670554556,0.0,40.5428800996652
-0.09003875290474501,0.9959382626324577,0.0,0.10063747852353333,0.4425455148147456,0.25448133161826025,0.676398368910006,0.1873467913267889,0.27034859049558435,0.0,0.0
0.9987543452842798,0.04989747263909978,1.0,0.23987411275594472,0.6493223245768817,0.01289746978952544,0.3009663196316217,0.03247077169174828,0.822760243032332,0.0,16.413775607909212
-0.8826917905735436,-0.46995234104542066,0.0,0.1419719897609939,0.9362806214689267,0.5402994067614997,0.18404477205021352,0.7433528955700124,0.5183239230398234,0.0,2.361008808147126
-0.9973360852171318,0.07294335558339837,1.0,0.3479414115821666,0.06400634660862092,0.8511507354259817,0.7564510879889118,0.7233303039939631,0.46180648156201864,0.0,3.3979602379651146
0.9969847669223452,0.07759751622827246,1.0,0.45035097890541265,0.8247432373470076,0.9576316462725879,0.47415794587907967,0.13605623443164294,0.3144341058114054,0.0,0.0
-0.9906478169161379,-0.1364437717130763,0.0,0.7488263369633065,0.2923831104121931,0.5657449506132892,0.22578955215062912,0.8360789007952809,0.5809685866315925,0.0,31.771722963356385
0.7384326525693506,-0.6743272333365994,1.0,0.6511475848816741,0.4439194545063778,0.5144613277398942,0.6166219781652751,0.15478603484611198,0.7298891177035978,1.0,43.127035236256646
-0.7388094678909508,-0.6739143641106711,0.0,0.6209285674784312,0.021913328775008956,0.0850563854892411,0.040333852138451975,0.3011755869973588,0.41093290496275825,0.0,23.018140672927245
-0.7439698836082594,-0.6682131488409316,0.0,0.3523749466096544,0.30104607783431303,0.5488728015425998,0.3261702541282535,0.248976899161365,0.6292191930082921,0.0,16.768873945466876
-0.2228908973060939,-0.9748433966017743,1.0,0.8414475530847599,0.5026312426301305,0.3799790789653946,0.46855699459113465,0.3723070985730478,0.6993129211553037,0.0,34.76612021565804
0.5373631561108085,0.84335095805639,0.0,0.47128716739816456,0.05617607734743901,0.6071352808835769,0.14795833410940584,0.25466376588996187,0.7111218170152859,0.0,30.71140589659079
-0.8597729705477914,0.5106764524779133,1.0,0.9791049380151545,0.49109572938316515,0.3887263478765467,0.9846544775908396,0.48895092643845206,0.05196609813118025,0.0,43.68009499541402
0.9027293236989559,-0.4302089819309049,1.0,0.6341421382957368,0.9271106288584273,0.24029912345036675,0.20909736458961425,0.4074078813546854,0.8597478056850669,0.0,34.324243307854324
0.921502016559845,0.3883735746367653,0.0,0.12626474156450274,0.10539321810780522,0.0949652752283765,0.13035313004326554,0.9865694907793265,0.45825331476504794,0.0,21.45470160233925
0.25340426578540465,0.9673604695674514,0.0,0.676177562075434,0.7644407280755043,0.31491844458889573,0.2035348738868964,0.055926350128225666,0.26241608169621444,0.0,15.524353343215447
-0.5405554618279348,-0.8413083814440387,0.0,0.325104015431699,0.40967105337599263,0.09664483428775228,0.7690611331597242,0.14218137638735162,0.2417645074796816,0.0,7.221885825959449
-0.8982054125737192,-0.43957597389219866,0.0,0.6863271966860974,0.655173714524338,0.17689695082398393,0.4255056592718428,0.052825893908602484,0.48301411284395046,0.0,21.774010658268878
0.10403581193214047,0.9945735517474916,1.0,0.06964114816240574,0.26023659798522936,0.9873361585795459,0.565415939752538,0.6258411949823758,0.8868315394689592,0.0,36.238548108985036
-0.07590983395898078,-0.9971146860358241,0.0,0.1748814371759594,0.1594922625413583,0.4441035569066186,0.021009156986360744,0.05450927741371958,0.3783475816826469,0.0,16.824725631071573
0.9891149071204379,0.14714516815759682,0.0,0.8557372589057863,0.16046261427122643,0.5318717665050166,0.034431308573314556,0.8364397373761233,0.7497257467835433,0.0,45.700929728964894
-0.7908199639235309,-0.6120488417275088,0.0,0.2271795570235149,0.07049194564314465,0.8736185287372153,0.44582554982701617,0.5119386306819278,0.0968187309872186,0.0,0.0
0.8891922036860266,0.4575338511017385,0.0,0.83704112524294,0.18564670490124302,0.9955689004906878,0.8166552432016235,0.5270076245815337,0.4760567021510618,0.0,32.636011167561755
-0.9319293179151362,-0.3626399680264558,1.0,0.27927608845441043,0.6642193849889683,0.5827144493446815,0.8852388787075652,0.5615945077121942,0.9916861403927356,0.0,14.643761722966712
0.653093879457468,-0.7572769537066306,0.0,0.6428819100587077,0.881690611843508,0.8124738210441717,0.08670656759564022,0.17081370630621073,0.770437802792337,0.0,19.598288422042984
-0.38714877935294406,0.9220172572384562,1.0,0.694150573509831,0.8141256855911618,0.32694102433667527,0.5383631021010228,0.19769030311448754,0.210528488440613,0.0,31.896280432522026
0.7604914237487613,0.6493479763613512,0.0,0.5126547531450529,0.6851343098744841,0.3057439574472911,0.9132296862792705,0.3188173228730047,0.5014414736979107,0.0,12.747937390962788
0.8407189179704057,-0.5414717914782544,1.0,0.3053106766967313,0.11043186341110267,0.4027037209945602,0.38797275439788637,0.5934964158218514,0.23362476364856655,0.0,6.186219068845769
0.6540871318043324,0.7564192118184082,0.0,0.21264437637109612,0.28918744629594983,0.6725072626736491,0.8295658314283686,0.21011777594021452,0.40956092726250926,0.0,0.0
-0.45570489237341166,0.890130917936759,0.0,0.03318935456242622,0.309806875322469,0.6821916892550988,0.1336956543994362,0.11633172713326123,0.7800840237349648,0.0,2.3498600126340854
-0.6966372988793165,0.717423496834422,1.0,0.3039464012407238,0.24995694639762123,0.3152394346494508,0.9353944896677987,0.9701168864184322,0.7712248152904037,1.0,58.62552124972503
0.9987553172338902,-0.04987801416487376,0.0,0.653162790531283,0.5150056597097231,0.1332099241366287,0.7514233175313026,0.021981814809622913,0.22810037790238513,0.0,20.195746135376147
-0.8442742090585313,-0.5359114291733209,1.0,0.9383048184484827,0.5355538148796726,0.6323962564655086,0.9413343927869017,0.8026974053360216,0.9222233181548601,0.0,43.23024321700905
-0.9121201728900613,0.40992290763874706,0.0,0.871204482263052,0.3568859751711102,0.12832586218876452,0.6766172335525065,0.7880351495750221,0.5925681827648268,0.0,47.60365803720674
-0.33992479389862656,-0.9404526221415814,0.0,0.7660647765353026,0.353789158736436,0.5784925082293301,0.363403931999427,0.297214113845096,0.3799242909620145,0.0,21.33031008946988
-0.18522427178051706,-0.9826962751244034,0.0,0.7884473432532987,0.8285555979060814,0.693422128056309,0.9381811725247224,0.1356266160073134,0.5019355807808606,0.0,13.895658568251129
0.9986898955571644,0.05117120784210828,1.0,0.6649849034759953,0.7892928483196856,0.7006114963944516,0.2755667763091785,0.14562864670542341,0.6050712534377437,0.0,19.974638178652206
0.5521843276807825,0.8337220569612647,0.0,0.260286857566003,0.30779583168074565,0.7534721106595967,0.33217252206173253,0.6974316172371925,0.5598905318457854,0.0,6.967261506493196
-0.6018474601947205,0.798611065949605,0.0,0.9071950307058299,0.9137884438732593,0.8728594215656645,0.7008084180017403,0.6428065910861737,0.4864050355361782,0.0,27.36033433084328
-0.5856581572461231,0.8105581551320518,0.0,0.670732311905834,0.952815017002506,0.49995899196478844,0.7653162995253863,0.7827456742513867,0.5049328040894001,0.0,11.220704739728403
-0.7421691671838638,-0.6702125985697449,0.0,0.56044063098044,0.32674254203004083,0.7302491895295712,0.9294034838491538,0.9374811723991047,0.17641191042788618,0.0,10.654920081062732
0.8475786187304933,-0.5306698456393664,0.0,0.11098946921348107,0.35442494879305486,0.6191727353658367,0.2048024090562095,0.691927363266592,0.8127329043046794,0.0,22.783634586941922
0.8119261755016985,-0.5837601267088949,1.0,0.4470555438064254,0.5056341534219588,0.18663993979768256,0.797998035219224,0.15585153655144346,0.5417603199410154,0.0,14.91826121129115
-0.988609871901246,-0.15050090092554855,1.0,0.4603582712019263,0.9411208125336735,0.025689644869408168,0.7385460533969634,0.24344261676541068,0.1310798617047031,0.0,6.642015631324327
-0.60237669805061,0.798211947821908,1.0,0.86456360952267,0.8763194331423115,0.28454138567693377,0.06379455625359787,0.8421937308731146,0.7661571015827779,0.0,50.54464176762578
-0.6514218237788144,0.7587157619983147,1.0,0.5466482201877885,0.1025679625835898,0.4430337063376194,0.38722314121020696,0.20930607583420857,0.9324439783773508,0.0,55.64558752710489
-0.982433476665926,0.18661313974664664,0.0,0.38040054897040965,0.3927307432714162,0.6171059444286563,0.2827654570600986,0.07252231695448141,0.9473068992369621,0.0,29.2256841110724
-0.7785870954811746,-0.6275365604888598,1.0,0.9768003285106593,0.5533711897497718,0.8499593305032054,0.3044904243540304,0.7032800540422505,0.36901773241117275,0.0,35.336934157490404
0.504382763504688,0.8634801838371127,0.0,0.11072059332631567,0.50313247255154,0.19624571670616564,0.9829468795547008,0.40252635549014204,0.13551687356075404,0.0,0.0
0.8497670093410719,0.5271584485100572,0.0,0.4225484283119446,0.19386306793689267,0.1255497898984771,0.6427774134799279,0.9200400525459036,0.5183996266330652,0.0,4.078014076164939
-0.5951102522421259,0.8036440677789597,0.0,0.04202467517140529,0.8588167711681547,0.9634799474743275,0.7176761577934996,0.6502550710936615,0.11260922934922069,0.0,0.0
-0.6199770899181155,-0.7846199130640675,0.0,0.7399041207669304,0.6769407829968374,0.10804455937640711,0.9766176373150092,0.09041897779166075,0.9339874185126172,0.0,35.068446779237505
0.05775462360964937,0.9983308086259323,1.0,0.9180765521991506,0.8379083748518036,0.47849107010718916,0.3772017824576387,0.9478565672536607,0.183579627355146,0.0,32.74279360599393
0.5952401737077808,0.8035478427600505,0.0,0.28003732955048943,0.8587642793494722,0.5855637287933019,0.8018401684528059,0.2585572636402459,0.2527658599511641,0.0,0.0
-0.8559120158569398,-0.5171214761656199,0.0,0.8583416767991209,0.7483558536657398,0.5413744209074383,0.43453096330449537,0.33721249040628576,0.40663652688497043,0.0,23.829349684404452
0.0317975085018423,0.9994943313761591,0.0,0.29221823046189777,0.43921060124971734,0.0860321570329432,0.8695336718149798,0.40226041368354204,0.3831644685591258,0.0,2.1703601577977825
0.8470374975188921,0.5315331389451957,1.0,0.9107701616439152,0.6105467550154245,0.05702691400361937,0.18065754131130318,0.05122429640431325,0.794662892397889,0.0,59.21853425471224
-0.30144084486483924,-0.9534848803453424,0.0,0.7539619035967839,0.16036540611974315,0.10548342746103567,0.9476861770642796,0.49651542223060485,0.45631682055096234,0.0,27.422536922593437
-0.9340940454214253,-0.3570270498270912,0.0,0.8049067768414386,0.6736454174749077,0.5855876838726125,0.21877170841087967,0.12331849107529225,0.1707682600033369,0.0,23.192515145022433
-0.816198637411772,-0.5777713944867526,0.0,0.0180065556004545,0.17925325573928075,0.5443448876343211,0.3262205069809315,0.40097032668835175,0.2672098954860741,0.0,0.0
0.9869597333031798,0.16096734090527898,1.0,0.962810357074026,0.6939495905101568,0.23374079203674425,0.7561922341067805,0.3507097879920843,0.509113385187522,0.0,34.818767912881725
-0.9718974338279266,-0.23540471133494958,0.0,0.7266709920703233,0.22959816075396866,0.6377741418455916,0.3937551415654067,0.7728400834265033,0.1474539174261349,0.0,14.14715827687898
0.9967924017936447,0.08003066741229337,0.0,0.3047510953861333,0.11755130015021997,0.8200675020556494,0.6082113767664467,0.8031705116327311,0.6116556756460141,0.0,11.873368130816658
0.8898635740190818,-0.4562267195528844,0.0,0.8293946648588469,0.16528449014295743,0.041578959846593766,0.4445735010694285,0.153412882389088,0.5657473065511459,0.0,44.31742055594699
-0.9997570154816926,-0.02204336623881912,0.0,0.28152119841492995,0.001992135219070268,0.4981299435480424,0.7423699370897818,0.3665511873792262,0.7147023163822577,0.0,1.7369472544241464
-0.807659079599339,-0.5896497359795463,0.0,0.872753839566128,0.7187396178535302,0.6893104121026903,0.22833125236861085,0.3733531610318317,0.9377046153793677,0.0,47.58624428783631
-0.8118754241767758,0.583830708011989,0.0,0.11258039041193701,0.7324010490583791,0.2523119270696871,0.05845798723687701,0.15141044393608505,0.9122545611011557,0.0,23.89313736692288
-0.8361965857174288,-0.5484298223423985,1.0,0.7036859774607958,0.5149333499132595,0.3077709052931491,0.29992939747306624,0.7984535050511905,0.9460756180688313,0.0,35.07106712089823
-0.41613950725655074,-0.9093007810951639,0.0,0.5406984766449103,0.1613628010553837,0.6136379029893838,0.47430866486843026,0.7072283283354233,0.24471559702370094,0.0,6.237616143766285
0.5551771372107125,0.8317321361583414,0.0,0.09653447019544081,0.08355433751068975,0.8979352934437369,0.16802005219267857,0.19038178629703473,0.13156530663935462,0.0,0.0
0.7387178570652602,-0.6740147829631853,1.0,0.24189382825883898,0.01912896643728701,0.8099244203028994,0.3547972896563887,0.36672190859379905,0.3022767004964485,0.0,0.0
0.9954414998451058,-0.09537410752466514,0.0,0.01240403627731479,0.1657481769652207,0.5831302190995835,0.3999830182935685,0.10580502485651422,0.8950851727663146,0.0,16.64100988250629
0.9992870179278869,0.03775520892262419,0.0,0.46876796546450583,0.8908555349831467,0.7302217177572492,0.05739184368827355,0.6282065970930439,0.9720534746234882,0.0,12.469685167256932
-0.16876807889009637,0.9856557895876968,0.0,0.3012652607600004,0.24153684170168177,0.3648224702077987,0.5833072481842045,0.12137192454861967,0.859324951070476,0.0,16.028250472802952
0.6223072577963566,-0.7827730685798912,0.0,0.5983574842977588,0.35427132721721566,0.6409655280987577,0.8843434279712875,0.9859341686249178,0.1100177211275436,0.0,12.2616499010023
-0.6274636226915744,0.7786458772759062,1.0,0.2972378077086172,0.10534548448133318,0.46618159112755697,0.15174291295305242,0.7806820746878623,0.9474279980597932,0.0,37.49506277838621
-0.7338473161168352,-0.6793144460617025,0.0,0.2999191115069847,0.22236130474817029,0.1899361364575609,0.597808013401514,0.39023854958399506,0.423358027350786,0.0,16.953477438280387
-0.9606237866539894,0.2778523717993975,1.0,0.7431931987316034,0.5192245707802051,0.7017382738772572,0.6647392049108463,0.5785639322793544,0.009310290762353679,0.0,9.043884401211775
-0.01656858649584703,-0.999862731549451,0.0,0.04814283597835345,0.6077526830956526,0.556464637348822,0.41933468041928834,0.9113418162164088,0.4423937407481936,0.0,0.0
-0.4646163926238181,-0.8855120596046279,0.0,0.9028949951919872,0.24535231416621106,0.3586215819535914,0.70109758736427,0.5540992803958261,0.04606916967546759,0.0,27.42196597797807
0.04699540029258456,-0.9988951057800513,0.0,0.8522638743911815,0.05773215922511721,0.9113391900786307,0.41073154349101204,0.17449848639795518,0.5438779211611176,0.0,33.10652151738327
0.9413968360302778,0.337301048193127,0.0,0.6678046832264065,0.39103286912739865,0.020934117826733267,0.5046372879774349,0.3787033555811593,0.3385540274370513,0.0,21.73687511183057
-0.9850575534861642,-0.1722254810411421,0.0,0.5932215701073843,0.23420337092633414,0.315773151249496,0.00735304455442698,0.8431448650297454,0.47343493359404876,0.0,27.06017549345264
0.9813663454963861,-0.1921460276119899,1.0,0.8923024981396522,0.21955392322980194,0.05688139777764656,0.6917201141346888,0.6442130159896179,0.613170360743117,0.0,47.01612114472202
0.15218803801298925,0.9883515574357926,0.0,0.18533017952871444,0.9598628027134553,0.7665273162216272,0.6613426789447244,0.6507243843338003,0.8688010958178203,0.0,8.108639568245232
-0.7919703461782905,-0.6105595554687836,1.0,0.07896916219082861,0.6163004859257241,0.7021074541137926,0.03840087732634456,0.8668214856884892,0.6619015764719286,0.0,10.58467024555921
0.8969487225346112,0.44213458261430877,0.0,0.2395101699095381,0.5568784431720959,0.33135221873631704,0.3682501073951331,0.8939730574625047,0.4340488684781807,0.0,6.882506680656139
-0.3654439977447028,0.9308333279982887,1.0,0.7945782787001903,0.4157751035233219,0.675662902207073,0.9790318407916674,0.9197925717794363,0.8194278536703651,0.0,42.06442159592332
-0.28544938375871143,0.958393786140004,1.0,0.03467026672648332,0.42894433343014426,0.39593722619594984,0.4207365625686168,0.0948491932531561,0.9055821375731322,0.0,27.63446224932387
-0.5097746359119429,0.8603079800750694,1.0,0.5828068350834896,0.5409050038380808,0.7562537914224343,0.5019454051318417,0.5441260019631009,0.11975996643219722,0.0,32.52746866209328
0.7282856736974751,-0.6852736515341991,1.0,0.9954375161913099,0.6964298070361072,0.4541836627367061,0.9099301581597186,0.7405095212183186,0.5319329775527915,0.0,40.040065495458244
0.09696419560216211,0.9952878703024697,1.0,0.8556960938375394,0.7021460961818294,0.41227972783166555,0.7172618758657564,0.7569268451270138,0.28451195974244414,0.0,49.367184942918804
-0.43531465368076583,0.9002783748878982,0.0,0.5214456890435895,0.17169390770544957,0.934729915488301,0.5820701311242236,0.6067162019700039,0.0470611978769474,0.0,6.681186514718542
0.4360748282366631,-0.8999104089732293,0.0,0.06364090928664234,0.500112752076627,0.25087909989070023,0.7978046813410725,0.16678733518367417,0.6685466951139853,0.0,8.108872403280776
-0.20798450434204974,0.9781321209088227,0.0,0.8313735143857098,0.41195809503410197,0.12044733999656543,0.8643662664559733,0.7974205539416643,0.8627707774592256,0.0,46.13684625849123
-0.22659705021156873,0.9739885917378169,1.0,0.5989785081772105,0.8705269662693842,0.5845431132594582,0.45688807173726687,0.7201113335149457,0.16290265447739405,0.0,18.044875674121286
-0.7977586178130897,0.60297693795447,0.0,0.11493299705956683,0.6314189212183764,0.9693218122841789,0.4751083649318354,0.08613577154903629,0.8124136576239005,0.0,0.0
0.9612539928073496,-0.27566421841060185,1.0,0.0938572848233562,0.5325040664159818,0.37783921372718665,0.3860509356518358,0.46380982467437626,0.8533957335369416,0.0,13.601853121574376
0.6608511372888416,-0.7505170047001231,0.0,0.9096268194365924,0.11539464217891737,0.06203676362878152,0.9667061400184606,0.17397739952180358,0.9143404426664835,1.0,85.25620196033125
-0.8047984834485243,0.5935481455105013,0.0,0.6692002629380784,0.6056378893234114,0.33930526730956745,0.6971662542903504,0.3374770457129719,0.2652850890860524,0.0,11.335517664787591
0.9128917387556927,-0.40820175564493605,0.0,0.8292867993167555,0.11720390568023342,0.5059316543195584,0.0832230662080723,0.018081092205685434,0.9039530651898893,0.0,51.40905428782332
0.8747668026674518,0.4845441578958139,0.0,0.8789789002822673,0.33720657556575206,0.1619230066322137,0.8629596233130185,0.40032986841075824,0.32066275473643224,0.0,35.67359618313065
-0.3493645728669018,-0.9369868703591995,0.0,0.5717723520483222,0.14284196481433187,0.658102218056492,0.4805599408362681,0.5498769211562105,0.5523380134555028,0.0,16.821019044849507
-0.39047857969582167,0.9206120131731574,0.0,0.5174463517550413,0.6920736470243689,0.9977493890102006,0.06875390642248747,0.6195825928270868,0.05050747083228213,0.0,0.0
-0.9430528291859146,-0.3326429938604482,0.0,0.4304274103209902,0.2062521138361526,0.4517394759814438,0.549717255163311,0.6634903451287101,0.043881088368743604,1.0,21.32828733117647
-0.4261270240584707,-0.9046633403466019,0.0,0.3169465877911193,0.391859373188026,0.35472855673021264,0.4171642789757021,0.83629131310246,0.7203732127322029,0.0,13.175712324613102
0.5733410536398614,0.8193168106484411,0.0,0.43459596085871177,0.8956747776187787,0.40070416683446664,0.8777494048626249,0.21546290727573003,0.44447997797779104,0.0,0.0
-0.6613459247027409,-0.7500810408743022,0.0,0.7738796557301564,0.2043163833989703,0.11514617839520114,0.20399460360938737,0.12048182243846794,0.25629237536921756,0.0,25.36042102926514
-0.06245283341450152,0.998047916484224,1.0,0.6019234310151316,0.5078050639587791,0.8832736014262238,0.8264646094921829,0.8515371718979257,0.1904134960249102,0.0,24.837736304389338
0.7708496208832752,0.6370171598819854,0.0,0.8925232899548461,0.419271661166022,0.414825655521352,0.5576886911854527,0.1566128148926499,0.6699534908592181,0.0,35.89382166922181
-0.11491417552413802,-0.9933754236257346,0.0,0.4433800143791877,0.018124041045729733,0.3872744114248413,0.05461030321346905,0.9747600813361953,0.00040154402533987277,0.0,7.261199319318122
-0.6964852899911266,0.7175710702264804,0.0,0.607089578718754,0.7927581135728128,0.6596902729304743,0.9718453013254846,0.842538229398637,0.8058911691968542,0.0,17.322724180613008
-0.9983183273985973,-0.0579699679150083,0.0,0.6313075530919887,0.06904590631459973,0.4420334209311235,0.5126152441031999,0.5008766058895991,0.07924960612992882,0.0,19.127356973728777
-0.9450954009572085,-0.32679455792520995,0.0,0.5916971623063255,0.4742550209769536,0.648233468807846,0.2908768542315825,0.9814214249220252,0.19148961490811944,0.0,15.291154020320295
-0.9557636050284947,-0.2941359061776302,0.0,0.7026337730855163,0.5606782949389499,0.061446290130787506,0.4694068419892581,0.09737672910800421,0.3862363952990896,0.0,29.184325086769764
0.7725472675595206,-0.6349572579208135,0.0,0.23743346837480628,0.6284264566145871,0.8137233437222274,0.857857783517489,0.30306576117510164,0.4848587397161036,0.0,0.0
0.96272449749589,-0.27048390325726607,0.0,0.5123637775457907,0.6886316293078756,0.9405039528794026,0.3049031243850635,0.6382244150406114,0.35499511581394183,0.0,2.7854258101728657
-0.9312466356838888,0.3643894942605213,0.0,0.10422480280834767,0.2532723835227151,0.648765386159386,0.19267639648670032,0.35000686847317874,0.3207121649842939,0.0,0.0
-0.9295139686193256,0.36878690614167886,1.0,0.38451132764481255,0.009978776658449373,0.9545659288588108,0.12907124693088146,0.9283725519807918,0.9639160120731884,0.0,35.823422508237854
-0.7414369426584668,0.6710225481019735,1.0,0.4876670686212644,0.723443662354912,0.1514323143699633,0.29785939839021125,0.06562608817781757,0.6415796812433943,0.0,31.78549083877743
-0.5185255634561015,0.8550621264227135,0.0,0.6522242595454725,0.5356565993475786,0.4774161894803537,0.7800480870400435,0.5494118320609646,0.02343295536738821,0.0,8.253615869810442
-0.07120608338727594,-0.9974616251709357,0.0,0.9505310525862035,0.8361177032072488,0.6018067339454473,0.4716263651952617,0.5908662673951145,0.4301759084443132,0.0,35.187132891524016
-0.009527016375662625,-0.9999546169496784,0.0,0.6006510665483559,0.8213883629006943,0.5817366474211867,0.22748160369353998,0.6527281237772241,0.8750086997439702,0.0,23.89205586941803
-0.9543119904298704,0.29881202271960045,0.0,0.7435939161765598,0.8433261677878832,0.40146177908904324,0.1661849996097492,0.25566622333181444,0.30145618641066796,0.0,23.947786915037717
-0.8088837640592977,-0.5879685843999339,1.0,0.5062660594952028,0.48509465997954015,0.3380844093662614,0.3327294765103791,0.36456642751986446,0.09455634477438823,0.0,9.192043855162675
-0.9548027048652074,-0.29724029804534197,0.0,0.6341040313763313,0.33362839583686565,0.1268240225504188,0.9399243728857088,0.8436805296649776,0.7583847715899178,0.0,40.42403337281756
-0.9588922691519156,0.2837703581431476,0.0,0.07093221613377343,0.79155820259137,0.3917424505622782,0.3430267125900244,0.19494276897015983,0.6060138319360813,0.0,0.331572512393556
-0.6373981281685419,0.7705346366045066,0.0,0.254391580841847,0.45129411302925493,0.16266081510548513,0.9881240759546354,0.826867847173362,0.5703125078265039,0.0,2.5161758769184246
0.8510104626743518,-0.5251487336162831,1.0,0.3618530932051387,0.1834421964034345,0.7343656764922184,0.4852304557653562,0.5626554229027424,0.053576559607407925,1.0,18.86156793239628
0.7045120533377384,-0.7096920224307468,0.0,0.47249335500651357,0.8549740195614743,0.20883093549458998,0.17916391829015088,0.7621875111940821,0.14049900979551733,0.0,4.409923071616072
0.5567813607621955,0.8306590854904302,0.0,0.045648745502383736,0.8825598767723473,0.05856530528453385,0.8911400917935094,0.7136073662634715,0.6225493962131138,0.0,2.717327319339806
-0.4722561916121081,-0.8814613374868054,0.0,0.14002409755331768,0.4663097561401701,0.5523661378172343,0.4603553731348269,0.207511495384879,0.2078238414588358,0.0,0.0
0.22391728098920843,0.974608152682092,0.0,0.2768143077913058,0.07569972730978747,0.5952297327194016,0.7096713435045244,0.5688127364338729,0.5040700797484243,0.0,0.0
0.21447474312988113,-0.9767295350092428,0.0,0.9715326909010507,0.38782608991693124,0.8719130612805055,0.9837115832091518,0.8677231528050924,0.5448816860293935,0.0,35.983901815762565
-0.26474949851680907,-0.96431722116485,0.0,0.33134700710305076,0.8035376594626034,0.5769816124176819,0.050175350319974,0.43211623680192934,0.2835071902709394,0.0,9.128952578146333
0.9737585417050026,-0.22758361640624875,0.0,0.48204105811208253,0.9017740285462287,0.3454808537234457,0.09669455978756714,0.9665907702233167,0.9484251555414929,0.0,28.613870436414903
-0.5402399357458344,-0.8415110289386211,0.0,0.19609771273839294,0.20347274249759584,0.8030118815263205,0.7204567414627562,0.45221510010171806,0.8424641068355752,0.0,15.392556702940519
0.19046787289590475,0.9816934294343166,0.0,0.6107800710757683,0.06697361202527152,0.5402788931874211,0.281825003295472,0.14278563666788469,0.7223735076327985,1.0,59.64902787013235
0.23251775475511188,0.9725921517900716,0.0,0.2806832155159743,0.8773504531328387,0.07928028463119174,0.18430139695009906,0.38943468007767323,0.07799386640940908,0.0,0.0
-0.8977494248032436,0.4405064928754686,0.0,0.20699257843842678,0.3894049389788753,0.5658505603132467,0.039361879819729495,0.9517024063905372,0.10613001930901944,0.0,0.0
0.7697491612235738,-0.6383464802093017,0.0,0.5165726284459791,0.5417609642675633,0.9080185454216624,0.021846711986201806,0.31972084933985423,0.4927813458649557,0.0,14.082921551956158
0.7162018822806387,0.6978931607471663,1.0,0.005505799160420821,0.9680658120507589,0.39631262549822055,0.7744856031197909,0.8680981598670628,0.16071334919098568,0.0,0.0
-0.13930399793294349,-0.9902496635495003,0.0,0.0076640326492253275,0.06656472791422285,0.29632580189980007,0.13443342736955,0.8812506816818898,0.9782654635294741,0.0,20.233570178144916
-0.992119777383362,0.1252930457957988,0.0,0.21906880910185778,0.6483180074520956,0.14346945701802005,0.4677206159711509,0.35018652433196107,0.15852023402740945,0.0,0.0
0.9770291000369842,0.21310593065637767,0.0,0.03672136250082114,0.07410542257486707,0.15144552193535732,0.605896815179483,0.08325765805063212,0.487467835463974,0.0,10.134164247497703
-0.6976725743498533,-0.7164167634834129,0.0,0.10802575413069138,0.3754689284665004,0.4327714843418189,0.42835180056884625,0.7245579091588182,0.3641210568415054,0.0,0.0
0.5109193618898613,0.8596286440353513,1.0,0.3388606493387516,0.8038145451934468,0.5956798241615295,0.027106652336233106,0.311512299013986,0.639386421454098,0.0,26.686980709143793
0.31904895749855466,0.9477382353366807,0.0,0.8025856795798129,0.4334722327556344,0.08061540516960175,0.7835015025879088,0.7829236142575724,0.12903640888942491,0.0,23.957326566879672
-0.19573506721031855,-0.9806568122764314,1.0,0.5720486433693008,0.9971823539029504,0.9395685890251657,0.010513224541653488,0.4426548482604331,0.4303164280423909,0.0,11.077806692037242
-0.25255311188986473,-0.9675830329613813,0.0,0.5126677259564164,0.5590592849466022,0.7551336174451959,0.761889894377484,0.48526674234262157,0.27470503280714365,0.0,8.996443223410909
-0.760119847736955,-0.6497828999568612,0.0,0.29348882320812164,0.3211621526359535,0.5866239182836627,0.8933044937881227,0.7779094067485368,0.887751524671688,0.0,17.12917988547089
-0.9887377914040371,-0.1496582100970975,1.0,0.9317537194328164,0.22011132590475313,0.8284386709389908,0.4328399210571723,0.3823633310616279,0.040585712134695084,0.0,15.474951249830793
-0.15114438904685887,0.9885116962685124,1.0,0.39701504123719167,0.3505205342861618,0.08018675681211329,0.5355424730977982,0.44312734532291453,0.9137274940064593,0.0,42.310790878189174
-0.10223915090201495,-0.9947598484171117,1.0,0.08709276679577149,0.3725332737595508,0.4768388777331244,0.47698339261765377,0.37619046876962214,0.8329941385530004,0.0,13.183865525768583
0.8967620925692762,-0.4425129934033271,1.0,0.6170665161178013,0.06871367772396098,0.6300931268616634,0.3892086186234388,0.36734051527727996,0.29757071644081545,0.0,8.416458283157883
-0.9599666379504852,0.2801143588287505,0.0,0.11383839347660141,0.36957419942677316,0.8286529061182892,0.8874245353703603,0.5259465769014594,0.7892906546771047,0.0,12.455130247128928
0.9914457487794509,-0.1305194515279389,1.0,0.3452231428016921,0.4642385197392249,0.7834695600492677,0.8939335106699905,0.8087994445011507,0.03121356033874756,0.0,0.0
0.3741257401087422,-0.927377986900749,0.0,0.5074119387178089,0.7227377522388047,0.27706924971339963,0.3358163646415345,0.36176831192256587,0.9668655502933936,0.0,31.357908544804243
0.4732319887422086,0.8809378439090321,1.0,0.8742225246851758,0.656729484721608,0.9408801695592043,0.615069754014698,0.5242547205377367,0.5265949425897893,0.0,47.45962234980373
0.15861073701654899,0.9873411943715643,0.0,0.49354658034011867,0.7087656552291542,0.12434584143087035,0.9269075621458641,0.6707273254426008,0.30328102606544527,0.0,4.258158882021987
-0.23253851107983123,0.9725871893381977,1.0,0.7022587660316643,0.008363681876857099,0.8751336186211521,0.9620584989413515,0.269439446303655,0.3625832125946771,0.0,35.9133487526111
-0.8575909063485951,0.5143324191106322,0.0,0.9928168389990704,0.21766739958053605,0.9709402496046186,0.5089590404220475,0.27752280490239256,0.06640535346049736,0.0,23.695579191618048
-0.9429365841464443,-0.332972368640756,0.0,0.13148911989798162,0.6616842883998565,0.17715352322262556,0.4528248052843268,0.9334131270234548,0.9893495140420392,0.0,17.88424184442617
0.5413698612771307,-0.8407845581959628,0.0,0.2747315255195195,0.48398936817974714,0.7220660642037853,0.2786943159285258,0.7235345733310886,0.03929194515069245,0.0,0.0
0.8860899859819082,0.4635132541174865,1.0,0.3945760755976464,0.005313475668345946,0.040285518777998464,0.95887187319041,0.5771866762233089,0.654907123147859,0.0,31.588974960020686
0.8321219572995558,0.5545926867350094,0.0,0.42182817853883137,0.8044946424318223,0.40542282513915495,0.14281430447286736,0.647720054420612,0.4427359277064583,0.0,6.987491574535886
0.9999988353964139,-0.0015261735864635616,0.0,0.41102107526554577,0.7728095732903374,0.516283299197674,0.579829576047725,0.029299443103418366,0.9489162181887151,0.0,23.55709244783592
-0.3043921724954241,-0.9525467995450491,0.0,0.9076110025565549,0.5484191629935626,0.5806452259096341,0.2825502675186389,0.6181029655616969,0.24599974030679517,0.0,17.347620215251897
-0.975359774916453,-0.22062028346216514,0.0,0.7140326444668564,0.06646332577627212,0.9359372482485595,0.2790082903477966,0.5095088732242019,0.5320868239380113,0.0,32.294123311711495
-0.8449917840578673,-0.5347792861309256,1.0,0.6079052140907037,0.7665150495325846,0.6722506872941947,0.40496858737618846,0.5457496797794357,0.48235620858275297,0.0,18.99567039911681
0.9823649925328525,-0.18697331747051163,0.0,0.3093727178627821,0.583713587731364,0.481277951219237,0.9987929358156545,0.3594238268308171,0.7028664440501013,0.0,9.683590850142908
-0.2798038624832276,0.9600571850361139,1.0,0.8237903842212947,0.7819599771579592,0.8096750362658893,0.054966306839822066,0.08147389771294189,0.06801023195242051,0.0,26.384018015160862
-0.9971099025759623,-0.0759726410292217,0.0,0.9550605114849889,0.7517469923958404,0.9505328209544089,0.5785418182035315,0.19333923361205219,0.19378913002335485,0.0,21.249220119517265
-0.3349164748378715,-0.9422478203117126,0.0,0.8211982825502265,0.8030020719578371,0.022066148682290843,0.08257215803527718,0.9507447132126717,0.21456482009284983,0.0,37.251438803555075
-0.6457171821953771,-0.763576663222274,1.0,0.0015651051914729042,0.5180080664046248,0.9825212722560387,0.15452082999051897,0.40869956227093396,0.7381507548416897,0.0,0.0
0.48395420592549043,-0.8750933244900386,0.0,0.636401370183407,0.140324518193515,0.08613213906368034,0.4395629417728987,0.46668315583086417,0.18913869632674007,0.0,24.53694910184673
0.9998983762080591,0.014256130487852832,0.0,0.051135381442100725,0.6711574733796887,0.8143867792687614,0.5104601313464413,0.05270978985343899,0.5734917638909767,0.0,0.0
0.7863944854809605,-0.6177246257072283,0.0,0.25760722033372185,0.6204737850519706,0.2803347525514125,0.258792408364524,0.03756622954398059,0.2152438205009537,0.0,0.0
-0.9987850717839135,0.049278599631104626,1.0,0.059524700347771686,0.7422531871990872,0.13217965775387175,0.3164571308744162,0.7171814470467577,0.8616249500839784,0.0,12.79831692338497
0.09031372840269282,0.995913364937937,0.0,0.6037954529493877,0.1698810060507353,0.4398556397138349,0.08696702025593306,0.5380946641211113,0.9421854544896385,0.0,37.05232591673969
0.6663522558600123,0.7456370907554644,1.0,0.6865899134926068,0.19497519990028922,0.6439565794476135,0.3032197838442505,0.5087059842162667,0.5184929749422404,0.0,41.3724977364283
0.2850351741917078,0.9585170574765495,1.0,0.11448763806590512,0.8904095172193285,0.380951845023475,0.9665584393805441,0.24312453042266868,0.3523088842091783,0.0,0.39224631002812593
0.2531226003035616,0.9674342092439999,0.0,0.3838388830449795,0.7499777984520708,0.05456540828269896,0.9447073816724817,0.7447507316299222,0.23405777501749914,0.0,6.357126728832981
-0.7883779931510232,0.6151911409595925,0.0,0.456236508955542,0.9082284887003229,0.5994611396587166,0.334878290136985,0.16823657910849188,0.049781001523043766,0.0,0.0
-0.9579068593667034,-0.28707916813697704,0.0,0.3690530217609166,0.7587153211639207,0.9024032761106747,0.5708539362787616,0.18993474366102003,0.2685000761974954,0.0,0.0
0.16155940965326526,-0.9868629880345541,0.0,0.12102500048519305,0.5971553059903019,0.3832153659472517,0.9095953911109443,0.46071217134827547,0.6542357799453179,0.0,2.4564921649357743
0.5767217650451956,0.8169406378208605,0.0,0.4189477901874754,0.6541327370278737,0.21633277763082703,0.0061838226408966745,0.2862798621119409,0.5336169313092108,0.0,10.517949774231209
0.052654648931785286,-0.9986127817857482,0.0,0.7511780478084181,0.88912792394001,0.4425773459328154,0.8106835703375919,0.24746298123314636,0.9440412782809274,0.0,34.530589845246666
0.16591103664209236,-0.9861407241972853,0.0,0.07100766453325547,0.5788067545119405,0.04836271104878087,0.948369552788919,0.6452376445533317,0.3962772624917006,0.0,0.0
0.8858205902326514,0.4640278891617152,1.0,0.08018001408190345,0.6323913243283874,0.8204875844802748,0.09132573433355706,0.6509717452185445,0.6938633423283945,0.0,3.940121404830427
0.4037593708857998,-0.9148652198121334,1.0,0.3547712918359842,0.15647671600360058,0.8263408109501867,0.16144768603292103,0.8245170697999292,0.4893227474751214,0.0,3.2552530999626086
0.5953599393964625,-0.803459110696892,1.0,0.941725711618925,0.4739212201161027,0.5880004634296284,0.9607463027713554,0.41770856697297587,0.5125762159242117,1.0,60.73109583811244
-0.6653089987202843,-0.7465681055481895,0.0,0.668572646722914,0.716397111958099,0.3531028889383895,0.5375401436403463,0.07308509102615024,0.2677743146041175,0.0,9.21888433369486
-0.7505000726809824,-0.6608703661882868,0.0,0.6786699566725648,0.2709426983163654,0.7997833644457834,0.014196634471723701,0.2736663849214577,0.4549507768419997,0.0,20.8235805431786
0.2808249006776513,0.9597590193165091,0.0,0.36191999083786497,0.20225418052453492,0.5546870247883672,0.25763199876352916,0.9800054631968169,0.47078499701270726,0.0,13.67342214128918
0.7088257927543,-0.7053835804200705,1.0,0.5936607912085384,0.31382680822441555,0.8259323085500162,0.4499436742688596,0.5962585752327021,0.7066425217489339,0.0,19.256273473163
-0.7109169463658103,-0.7032759738324008,0.0,0.010131184027743378,0.24150062799283345,0.6314587925830206,0.6929089110247677,0.7097370848010203,0.9406399991861139,0.0,13.337203144120515
-0.019704418520672624,-0.9998058490980948,1.0,0.6360960464095422,0.21491263703639585,0.7844054732127973,0.7331603781367996,0.007357829625414536,0.3293212774825043,0.0,6.212602511295371
-0.7843830856041366,0.6202766923060495,0.0,0.9132869475762367,0.42485084286808694,0.59856299321776,0.9954215129254561,0.5182057321825209,0.042200468581298445,0.0,21.07858656846235
-0.8399013830754332,-0.542739041075888,0.0,0.6125734683448192,0.9078385138835341,0.4141410682156662,0.287511199383759,0.03752865753180312,0.4962951255006397,0.0,25.302333506268088
0.8540631909195853,0.5201692666010325,1.0,0.873698593466345,0.5070596467387183,0.9579458599261376,0.5382201018684752,0.569230212091448,0.5444613321491686,0.0,57.15198565226007
0.42901000650669224,0.903299736697143,0.0,0.7239730554660938,0.18792038081532303,0.5411138248788447,0.533323547859605,0.9207708496360754,0.16844055113191525,0.0,18.200869619789763
-0.7801131901569183,-0.6256384023884691,1.0,0.12055841640369025,0.07697166938087407,0.6050895185405384,0.4056452594472375,0.9684191305004078,0.7604646062760667,0.0,17.81074181492184
0.16580620580221267,0.9861583554974699,1.0,0.9024533072858417,0.6961561451379252,0.22048763941474925,0.1691618938424202,0.5405526753889242,0.9849291084414916,0.0,57.92238666073832
-0.5132298549081832,-0.8582511963469234,0.0,0.06644384435577488,0.38279876443638783,0.6256507894272765,0.9774565631838426,0.45820480525221596,0.9457747170084609,0.0,18.605860426577326
-0.36677910722518764,0.9303080600011452,0.0,0.5339674725477638,0.8218309465853593,0.5716076494829438,0.8533171866665861,0.945017094248494,0.19710603882365219,0.0,3.560616119626909
-0.45664309891494703,-0.8896499762341108,0.0,0.14213712379345766,0.6595107686407702,0.18483839794702495,0.4983330282942372,0.6736098319966951,0.8753632399007607,0.0,12.862530886281515
0.6462415499465288,-0.763132923626486,1.0,0.011706610730904066,0.7962414505413685,0.059587097353143714,0.6032454226840298,0.06489927953840946,0.7044936364116847,0.0,13.481962832517187
-0.7835173520500447,-0.6213699051583416,0.0,0.422034260127639,0.27194603941844875,0.6043593197147711,0.2272610535596623,0.46572557766749756,0.4538465638069116,0.0,11.430627051621121
0.25930722694592334,-0.9657948861190017,0.0,0.29504070765415624,0.6923589224610581,0.7636922693503205,0.5437870703917469,0.2402450184643039,0.540610994324729,0.0,0.0
-0.28271052533410074,-0.9592052746233816,0.0,0.486000493797603,0.2640619846937188,0.5234013709220082,0.6949701331214758,0.46980432144868156,0.8496001749824581,0.0,27.797662790222702
-0.3595517308755056,0.9331251538911745,1.0,0.5771998867345508,0.9390684794502916,0.2267726253196457,0.5151670283865888,0.45546557200636173,0.48013493963837317,0.0,24.54697825758462
0.6560992083300963,-0.7546746509779039,0.0,0.04373907230894736,0.6363742815333744,0.6665219766930349,0.9902851705849413,0.582144802814742,0.37320736910512686,0.0,0.0
-0.24143747820880332,0.9704163766735254,1.0,0.12300329512374564,0.3245118001753421,0.08010572660960225,0.6113416562477262,0.35677049034925123,0.4932474930259858,0.0,17.71959551838671
-0.5602598339563302,0.8283169190927018,1.0,0.5586423964504253,0.26951186229227264,0.4418337048019546,0.37097371259216905,0.16427044945592806,0.5791298040350491,0.0,33.063336894681896
0.9425529519841986,0.3340567806614214,0.0,0.34316735317265823,0.1909265850716435,0.1633667583984202,0.7721520276158381,0.5037194345899563,0.18907765377834884,0.0,0.28061273988137714
0.4221447430579341,0.9065284418640989,0.0,0.729173487549448,0.6946409588937278,0.18445905105988336,0.17046251158164205,0.8302028843457621,0.9009077302669907,0.0,44.15888948543196
0.5917329532490729,0.8061340533925673,1.0,0.6522916485919397,0.2187156129979273,0.20229394915820365,0.38451581370626653,0.6640122280676023,0.6741869488296138,0.0,45.855344995230574
0.11424114210788633,0.9934530494441525,0.0,0.8456043629899068,0.5953032659274891,0.3867070570439779,0.34695895037758584,0.33836786592521584,0.6332689173374889,0.0,29.495822180302028
0.5591851749178721,0.8290427854773653,1.0,0.6924928266692253,0.26463502692535734,0.051150205620397626,0.43180709510777726,0.9355230227588572,0.09949622618063814,0.0,31.62685727469249
-0.9127089781217728,-0.40861023146258746,0.0,0.42993107739014813,0.6619689447938686,0.3977934409290982,0.7817798259287263,0.9122075712491822,0.6041739381725918,0.0,11.833261343330172
0.43252505366020905,0.9016219151929667,0.0,0.6729666223944324,0.8149397285405392,0.5117074471147008,0.48417303216340746,0.20934839938409877,0.12096066223849233,0.0,0.981756842036928
0.907548737168989,-0.41994677003517156,1.0,0.2753811742554185,0.7780252431446532,0.4832942849663252,0.7940144502659627,0.039417585120362975,0.07869767519539905,0.0,0.0
-0.8275206814146212,0.5614352338703734,0.0,0.3063134987782127,0.7608513309307817,0.38278410040304056,0.5764889031398659,0.7413087083507622,0.5273108956423933,0.0,15.974491196259523
0.14570138365799942,0.9893286141622228,0.0,0.7889851599207933,0.18772240569225207,0.8391466080707525,0.34206943465755535,0.8276102613491533,0.402785534046495,0.0,21.43848539703248
-0.9190758293157806,0.3940807277291167,0.0,0.4464195164015822,0.08838494698451871,0.1453266924205041,0.8099787436834724,0.9678645659513553,0.5888102701562232,0.0,20.315626561556453
0.980036875204214,-0.19881580228935503,0.0,0.7983803405183525,0.6989488284873856,0.505696743781374,0.23828967055309158,0.8898363940883107,0.0892221680572386,0.0,13.489789219223121
0.6760962457403229,0.7368133186200158,0.0,0.8224223736682784,0.3683472137943513,0.062041416956554296,0.2243829797997955,0.6005347682064148,0.4309830628472584,0.0,34.145119963207854
-0.9445219511639176,-0.3284482969502295,0.0,0.8575623376612838,0.4323462264033473,0.07115567887790974,0.5045029240548358,0.5300523392123808,0.17478671504515797,0.0,31.0470028247033
-0.7244056197551253,-0.6893739899845314,1.0,0.9166352358412073,0.031149092793391064,0.5738658496770963,0.2608492459620889,0.02784105126258629,0.9871000859241166,0.0,60.63229761441638
-0.6960390641736252,0.7180039144352238,0.0,0.43098522051329624,0.2595764492750492,0.566018424887821,0.009087034951216322,0.24665644684477783,0.5611502124351744,0.0,16.660653110383294
-0.9956038736148843,-0.09366390362907936,0.0,0.31886681832113883,0.03367640387446402,0.878033512844457,0.6482975272988015,0.45961475173292643,0.6874368609408673,0.0,6.812756278606689
-0.9440709799561392,0.32974230059950604,0.0,0.5821987465941139,0.8791857726012476,0.5578736756600732,0.511093821472398,0.6285039000835678,0.3254182806826078,0.0,13.592632948226566
0.9798116470916619,-0.19992282566911834,1.0,0.3711724234376276,0.24339668321853047,0.9597910204048502,0.4455178144931612,0.5572518333184107,0.09473891477934415,1.0,19.299414520907725
0.8978603967230238,0.44028026073896886,0.0,0.601074166800233,0.557337169573008,0.04869484839992977,0.9669685146183153,0.7426359896816905,0.9758708627835366,0.0,43.493804814985545
-0.999992540175776,0.003862588872631698,1.0,0.7055858626438246,0.03897932066113041,0.09800768478074107,0.5711991839629137,0.27976693088704085,0.2862590353831832,0.0,15.996249885407533
-0.9369133639405401,0.3495616518865034,0.0,0.6884050184921369,0.6668473913056581,0.04406586157038139,0.8634315777893845,0.5649526076524732,0.4238081851735742,0.0,22.82654750964565
-0.059622570754655005,0.9982209920937378,0.0,0.37455288702012135,0.32302734575409386,0.18527685033354002,0.13945023620516017,0.08814224339079213,0.649863921702575,0.0,31.32176100349033
0.5218679918857762,-0.8530262592939959,0.0,0.16686020169875282,0.8979191869576658,0.5412701109416781,0.5692064631294277,0.41366552358320696,0.024697297686111286,0.0,0.0
0.7202301959814804,-0.693735154649437,0.0,0.43052933846220753,0.8881181889340358,0.645572181427428,0.8679796267309029,0.750160832954601,0.8102591305172869,1.0,35.86777189065108
-0.9862606271501675,0.16519677761190815,0.0,0.14259414408190874,0.3252906183617478,0.0455851579486688,0.583105757279898,0.693400853429044,0.5365781900286203,0.0,11.779595782297932
0.8416118977274739,-0.5400827840281154,0.0,0.8900970351838083,0.9009608956904679,0.9459708898455993,0.7180141781270015,0.990642737172179,0.27821718706882215,0.0,12.671735570834356
-0.42146894293773596,0.9068428365152076,1.0,0.3458774607378574,0.9961576734987788,0.842165376650381,0.3720435678122074,0.277891125987756,0.06160798529246925,0.0,0.0
-0.776831833075893,0.6297081094602069,0.0,0.15445974722332378,0.8254156641239481,0.2966124821570931,0.09244951703706661,0.49818929917397914,0.16249841547444144,0.0,0.0
0.43148989985704905,-0.9021177674346924,0.0,0.025447759905750877,0.844871347755229,0.07718753022646796,0.4579002951270714,0.3295304137739967,0.8950338588534369,0.0,10.064184457030176
-0.9999850227331327,0.005473053025138093,0.0,0.6458223862864843,0.2490087361090899,0.16988707321905727,0.3944793908388575,0.44060311405917474,0.686024223935891,0.0,40.09149262177742
-0.9995926556907105,0.02853984388872118,1.0,0.6369023174547432,0.5767023988577563,0.12694441375497267,0.8670601823789473,0.8569501298693881,0.24990172163688984,1.0,41.48781026638864
0.6035502751305224,0.7973249434138322,0.0,0.34060416658129167,0.06725591396736785,0.12328377929894685,0.24399530235247224,0.6842090751884866,0.06560076494502953,0.0,7.421957137390708
-0.5747332489266056,0.8183408168839365,0.0,0.071711888847651,0.09491793682166971,0.5185616886657339,0.9667342275351081,0.8824411913475817,0.6906153123866363,0.0,12.367304771327323
-0.032995639331163645,-0.9994554956500703,0.0,0.409628894895232,0.9988926120332906,0.2458474424934003,0.9581381198044961,0.20351110833188646,0.5724077259677651,0.0,5.651612823413354
-0.8868117910425845,0.46213076857946117,1.0,0.3112174950633936,0.32663924942591094,0.35813971652914445,0.2476316430714387,0.873361117841438,0.404519524458235,0.0,5.506169263842011
0.9046943133599699,-0.4260612624660128,0.0,0.6771206397350094,0.7481839120488464,0.9895053333843224,0.3480519554773205,0.05976227417838442,0.36361144919006383,0.0,7.242021915986193
-0.6103060787336596,0.7921656962155986,0.0,0.6057792494526903,0.8066650530268165,0.6843142489253448,0.895555740873885,0.8885992804371524,0.2168142759291083,0.0,2.107818467428951
0.6412808494526377,-0.7673062440286169,1.0,0.36459372819754,0.8580232710072292,0.9489806670470013,0.9666222208961075,0.3290737794607279,0.6696112565375176,0.0,0.0
0.06804235952828311,0.9976824330967364,1.0,0.2178925542549901,0.9976282974021565,0.1425565550331156,0.44343910283604404,0.3145876334140665,0.9706680277938705,0.0,29.34428225459157
-0.5600967438662147,0.8284272071283414,0.0,0.9880359661555919,0.24149648525686784,0.38213947483256927,0.3209970456408978,0.5120885766986639,0.17571524583682585,0.0,32.565569712348484
0.5426351193339671,0.8399685275445808,1.0,0.45400162119611487,0.04035082685969971,0.5547318032823543,0.526094013251542,0.9406901877232318,0.5971166200155034,0.0,45.47491086518974
0.9066548239574092,-0.42187323948641176,0.0,0.688274235780237,0.411191517994586,0.07675806188873802,0.6877692063657348,0.04778136468140537,0.4241850557459762,0.0,11.714790795605444
-0.30864667666667783,0.951176760114867,0.0,0.14055296757836078,0.13008066982894695,0.004187443627957865,0.2734745153749798,0.3522309750707453,0.4466887217446649,1.0,36.358253069656676
-0.3053866483446611,0.952228436360107,0.0,0.4855896996593978,0.022425889162055124,0.6704343337969175,0.7364731746190728,0.8565719886833357,0.2541472801278144,0.0,17.054910459512314
-0.4452235095019549,-0.8954194696268127,0.0,0.027536719869465487,0.3604268271414861,0.6418195168014353,0.051657357114641034,0.39605447743546673,0.8251348756614191,0.0,13.209148163995195
-0.7368219836711111,-0.6760868023996393,0.0,0.50545511791045,0.7837382510752364,0.41078880999961176,0.04929449276441644,0.199156897597067,0.4852556041472411,0.0,18.068870603670472
0.3182911462188789,-0.9479930095937797,1.0,0.9640174071177023,0.5661806912250709,0.48964407603203264,0.3862877051455452,0.4247941813314118,0.5434058521982641,0.0,39.67426740677229
0.9633693702842088,-0.26817803116252287,0.0,0.3842067129858002,0.31277798921035405,0.4154430005920896,0.3534731920607206,0.3855525014916693,0.30476091279732576,0.0,4.4726000748590735
0.8803181347697516,-0.4743837914552999,0.0,0.03899601257491159,0.6543420054927197,0.024005044844888856,0.3156332153671523,0.9154162014667034,0.18180846566694975,0.0,0.0
-0.8838198866690199,-0.46782732704317403,0.0,0.03095579091934353,0.23201818030881072,0.3353716062174624,0.49101976266891,0.7619343757430971,0.08591038820282049,0.0,0.0
-0.9998887047059886,0.014919054976119025,1.0,0.3879867599468695,0.014381446072085025,0.17708225539728983,0.32073358231157123,0.5051155557440064,0.7141191409249159,0.0,22.990433527209742
-0.9660681730218469,0.2582872143065369,0.0,0.16002493646319405,0.7643533864364274,0.09842418910136874,0.19225791846809193,0.9883705667215711,0.19623428168785562,0.0,0.0
-0.9691770492811278,0.24636527179520723,0.0,0.023352096328185912,0.6237430848640091,0.9567204338893498,0.3094695490886009,0.4652775312759233,0.6900753541887977,0.0,0.0
0.5422098075794479,0.8402431341966788,0.0,0.7562136139501768,0.76230262450096,0.5993597250421656,0.974904272810235,0.05823783082027523,0.3903764460469539,0.0,24.55052535543328
0.03505107837588883,-0.9993855221608362,0.0,0.4585230088818907,0.03893801668766561,0.7286562842366027,0.4111134169948486,0.2622743218149849,0.41577480098965147,0.0,25.239050422583816
0.35382018568524815,0.9353134641400478,1.0,0.2892447719726545,0.8371196278306522,0.3153637432661175,0.44471277685833577,0.4360704802193126,0.4691774960927717,0.0,19.88569236216707
-0.3062004035431223,-0.9519670755178611,1.0,0.9000831830164807,0.6195262000363033,0.3931471294940152,0.57654498995114,0.1569026241461201,0.3677085081275432,0.0,27.25340292972435
0.3591665446772461,-0.9332734825251426,0.0,0.11613896020052561,0.5633953507126401,0.23692399389672347,0.9833407684142266,0.947565126324043,0.10061997722259008,0.0,0.0
-0.6484719755595665,0.7612385282642182,1.0,0.9559188289553192,0.6246140481145316,0.09696567096542474,0.241601276435763,0.7668488978177731,0.3096318100028458,1.0,78.90758556287619
0.8056243516107653,-0.5924267077805777,0.0,0.3139667173773528,0.8644332468683641,0.1790316374415838,0.6812821105324338,0.26828720042777265,0.6637343606939384,0.0,19.25425285159385
0.6709978471977828,0.7414592969650734,1.0,0.8884036723086812,0.5869365065589071,0.7975140452964858,0.7159846935417241,0.5908045335179158,0.665784401468871,0.0,46.322170333030535
0.7823582606236238,0.6228286698876169,0.0,0.6029428764794615,0.5809503798881793,0.6775458051837758,0.6073244167930659,0.721449157109572,0.28622430723999437,0.0,0.0
-0.9973858003871209,0.07226039846376657,0.0,0.8267073597414875,0.9906791570657658,0.5469288759854769,0.08857833963664408,0.941278928906798,0.46010262655768797,0.0,28.237394541129635
-0.6763426644048298,-0.7365871301521469,0.0,0.9840131632104643,0.756730167068568,0.47508987286676807,0.6768722758275765,0.8816353491754106,0.19344722801193748,0.0,30.93197501678436
0.5934773727344573,0.8048506743814072,0.0,0.2884054378187457,0.4422938054511353,0.9224342836561245,0.06409471103617548,0.5151922261382137,0.21037208152983577,0.0,0.0
0.5042028521722056,0.8635852499095923,0.0,0.961135485407593,0.7073970000329277,0.0727349477786684,0.5961426495498969,0.7746526197930176,0.023047088406607408,1.0,51.326329120059725
-0.9529205490654705,-0.30322009690777785,0.0,0.38948189490242036,0.3892304716917885,0.28060081323791597,0.7395811772217427,0.562144753827585,0.8967465499077446,0.0,26.405854030121148
0.44142257496928644,0.8972993426429581,0.0,0.3855119047369223,0.228875462483499,0.34993785357071405,0.21096989061995042,0.5527038900455401,0.2107066650749062,0.0,7.318597058902834
-0.8997892481130153,0.4363247746578397,1.0,0.3403871042545057,0.5968518768877594,0.7824258122127878,0.841622007542774,0.1147419583381919,0.22753387693646332,0.0,0.0
-0.9624419786384938,-0.2714874541381629,0.0,0.5414076073475852,0.9281820981139515,0.9925146201619713,0.030353805533004263,0.12613765801615207,0.2796014326451318,0.0,6.172042160329751
0.48916266817218224,0.872192572811,0.0,0.1541450431784871,0.9291395200154627,0.24067051475715306,0.8438128636583061,0.5295336150224574,0.127408071695429,0.0,0.0
0.5081634763157431,0.861260634964062,1.0,0.5537114853580112,0.3419052781054903,0.8743073341370806,0.4603290506427651,0.2688615449790066,0.6392628831813628,0.0,25.876495678391777
-0.0838474451676904,0.9964786028504833,0.0,0.541704812410004,0.527677466221695,0.8306227604317913,0.2175879399316445,0.02103690246046863,0.07514295317758657,0.0,0.0
0.7103391170919655,-0.7038596015747792,0.0,0.76190181260487,0.2116358985698612,0.22465739764176662,0.133778144993968,0.7228392039002123,0.13420242632635027,0.0,30.893777456411293
0.7262007393981288,-0.6874827169446597,0.0,0.8336499619375856,0.9956311094988834,0.3993325801992226,0.9533071675823725,0.03248659669016496,0.6447567265900929,0.0,30.412989480817775
-0.9231575956110336,0.3844217133118984,1.0,0.44044135031242404,0.9811179078679357,0.4096728692925191,0.07266558758115671,0.5952768411040545,0.33966062048144274,0.0,5.196292685497451
-0.32541157744656996,0.9455724748868989,0.0,0.30233324935149375,0.6495089297074473,0.9782206685265583,0.19909341993592566,0.5391937941273144,0.707947826701189,0.0,4.959243905366438
-0.08784453819626481,0.9961341963355564,0.0,0.25933489731709447,0.8044140596774734,0.18089190137889832,0.34782234743304596,0.9688146905778044,0.557424744670142,0.0,5.449789735288242
-0.999774741929024,0.021224170201760918,1.0,0.19462383670487193,0.7151001612837,0.799157971104782,0.6202348489611205,0.48421313934764165,0.25602117306151306,0.0,0.0
0.7014885039431071,-0.7126807692337864,1.0,0.05764758219902488,0.5931582190394682,0.3341927141731099,0.5448010852760984,0.06360143637779736,0.6508279504893281,0.0,3.524187906823477
0.5009105228384183,0.8654990745863004,0.0,0.34244797883471334,0.053347996988897695,0.7308703457761604,0.12564349241231398,0.5516879678064617,0.11627368029288065,0.0,0.0
-0.9854883250783267,0.16974322117337748,0.0,0.27024769213078326,0.45476434255266107,0.42001100429566285,0.2897279837382146,0.8410961706161014,0.5364103830800304,0.0,5.795889824156486
-0.35878389956076984,-0.9334206519120773,0.0,0.9664173858664074,0.6747863021674105,0.57835976311654,0.23875177108602408,0.9968492842814399,0.43714810504503465,0.0,33.09154808958696
0.4583405299464907,-0.8887766640772979,1.0,0.5577088262500439,0.6775316138836847,0.8326117733261311,0.21354285449034138,0.4303431736890725,0.2678735828174408,0.0,8.342486889027597
-0.5550247768472503,0.8318338157863384,0.0,0.34727703903050755,0.3731226184223836,0.8041655649838841,0.41114433647998705,0.3202987424967425,0.6040049977395001,0.0,9.512237802629127
0.6432032367789579,0.7656954983523618,0.0,0.580467600993696,0.9416919866580306,0.8664231835397002,0.7040314525916569,0.9066532969519989,0.8713335923402825,0.0,21.883017351658044
0.046321255412850086,-0.9989265945488575,1.0,0.1391967013456955,0.167357032236781,0.05961732534465902,0.21745293221723594,0.19124212907612137,0.9989046997630767,0.0,34.76172665460241
0.07127656396197005,0.997456591250855,0.0,0.4440437492022029,0.5003594462155606,0.6920505530397448,0.3666788797029814,0.6154289150329266,0.6077627687434245,0.0,18.850567917372125
0.1956409559874587,-0.9806755917938986,0.0,0.6262343214210638,0.6908839765508228,0.13998737672176287,0.39091742684116226,0.4057144241809477,0.40470587432917016,0.0,22.00057794614068
0.3464310887686373,0.9380754237984154,0.0,0.4888978317924514,0.6971358058918092,0.415818568018411,0.9764565294354102,0.041082364955555284,0.2252071002162016,1.0,26.275069714792373
0.679114041528892,0.7340327776048521,0.0,0.40177880065432425,0.6486389567688156,0.5485884150546885,0.9546663568790689,0.34728847430569776,0.25709608939511175,0.0,0.0
0.6731344794096445,0.7395200961636585,0.0,0.9938483888996982,0.27528821345186016,0.40273948474683074,0.8001375827520759,0.2652285225026746,0.4794549781497657,1.0,69.7776832785864
-0.8060905639811038,-0.5917921955049982,0.0,0.880314762148927,0.15620656868662197,0.5196116758030075,0.24165892081918516,0.6860911539434869,0.36727770128070925,0.0,42.89554040814579
-0.9996912358415226,-0.02484819876065733,0.0,0.6234059581594401,0.6359403268267109,0.9965263087986191,0.06803731409166969,0.9487904976919181,0.9138145226249442,0.0,28.815813929489842
-0.5001927859401142,-0.8659140701556172,0.0,0.5693773611822828,0.5993021161394377,0.13521731371285473,0.31690413772062476,0.26804718737863775,0.36829546765570953,0.0,27.104927083553015
-0.23544545977217204,0.971887563184482,1.0,0.620660479824584,0.17935601028924097,0.6754560453364256,0.26679454943383085,0.8114659391516817,0.3734445911454355,1.0,51.275718806315844
0.7076815473619738,-0.7065315474367457,0.0,0.20131210782243325,0.7051391455705633,0.3960009663856152,0.5059258001463939,0.05535981693840952,0.38353451243397696,0.0,0.0
0.9749309872037578,-0.22250746097582047,1.0,0.3951377432643186,0.4551719917336564,0.13300979890732878,0.7777279100677931,0.5381210100398132,0.8366202103676581,0.0,27.585405593510636
-0.7349656523304879,0.6781043355520007,0.0,0.03945953289089932,0.6677605916031529,0.15873676337430953,0.858322938878858,0.07055006370989458,0.6507883208469019,0.0,6.09073113530059
0.986269758941526,0.16514224958327334,1.0,0.47554603748682667,0.8373670797701507,0.9492731062456169,0.8448640854105085,0.9340329911306393,0.6141688503188927,0.0,11.60254227220649
-0.22902856053988477,0.9734197031378748,1.0,0.5430245839576632,0.16972842857692316,0.879601496711762,0.35967556122306776,0.7663512805573902,0.3341430223838622,0.0,26.20315646418369
0.07629460544470983,0.9970853189070813,0.0,0.2277497361032096,0.01914486799683668,0.9070419604150218,0.6872343434606829,0.6579499112045923,0.8179041768324394,0.0,9.307172509866021
-0.18812912877796695,0.9821443024857616,1.0,0.9640288471655137,0.7791025863957868,0.9915327758273865,0.31283419752422004,0.8238963816246643,0.038363861355701134,0.0,29.819577743562558
0.2678701619851839,0.9634550203917313,1.0,0.909454610937242,0.6096974251526159,0.20831539000851795,0.06090554323518271,0.6475197955701631,0.8707971723381132,0.0,57.971083802977574
-0.631873465458031,0.7750715603414039,0.0,0.7221432354559059,0.6996395696221217,0.35543933736406175,0.7015652656029423,0.9689443971742911,0.5127498997939296,0.0,17.416012405451177
-0.17317375240511945,-0.9848912891674545,0.0,0.5333866287653626,0.8381549749886426,0.6692190299248667,0.009827552569787845,0.7139579478647715,0.3982502348634128,0.0,14.244272866202833
-0.044189095838834645,0.9990231848205258,0.0,0.869969159647685,0.8028109348245005,0.48380253986064725,0.40918258745848857,0.9246586095822468,0.4971672807176857,0.0,33.84205143501377
0.4472403228106104,0.8944138268454156,1.0,0.1306523438234629,0.9609201469288247,0.4183895333783335,0.32937926930207573,0.517131892010638,0.6674155305338311,0.0,20.198512267690468
-0.33195604251966554,-0.9432948562536966,1.0,0.790509794274885,0.5359350788521182,0.35781124933559305,0.6933775385188524,0.11706441298186265,0.01276542651789736,0.0,5.006239669372487
-0.1916841769303969,0.9814566604361684,1.0,0.1248208139668483,0.48849563265990537,0.5937806319434522,0.7662454727603789,0.5281777214230171,0.8715518564582477,0.0,23.533717010109918
-0.1446191200306774,-0.9894873976567627,0.0,0.7942106625494054,0.4018871998907301,0.575593428640082,0.30409463597128383,0.1268728280630933,0.4467395253113928,1.0,47.03439538719449
-0.726376890548297,-0.6872965974580315,1.0,0.27576756825135695,0.15369104284420454,0.16145783406424008,0.8116270144448535,0.592493479176405,0.3429665197000782,0.0,13.312729730972869
-0.9424638272400568,-0.3343081428024516,0.0,0.8770905810181889,0.5726072328820224,0.47173983751843906,0.29391676050493376,0.48249306052766294,0.1382455656340571,0.0,19.789996652783252
0.2817590212647321,-0.9594852025622596,0.0,0.9440420938253978,0.2770125243259788,0.5534717762098499,0.4463263599865612,0.6225753978327817,0.43946537435844213,0.0,31.801395357714867
-0.7183802079571496,-0.6956506859160295,0.0,0.14879596940511564,0.9213075122129755,0.5702869387313905,0.7270185270141339,0.010046981054831594,0.49632277128437885,0.0,0.0
-0.505328363551187,-0.8629271377067007,0.0,0.4626756050653935,0.5831908042770976,0.2101071929123518,0.6929202292247886,0.1948404916553641,0.4036466944934778,0.0,7.820057571058264
-0.5818833423913904,0.813272264280188,0.0,0.9809873781626851,0.5928401805081102,0.7422713922522868,0.9873684723122,0.4913304319121309,0.6786600938268971,0.0,44.69765485080037
0.2816833316807861,0.9595074260542292,0.0,0.4834074359731466,0.35492466087701,0.025199094821069634,0.22516102421593187,0.9505035615891348,0.420896528759226,0.0,16.484435897728876
0.9811352566029153,-0.19332254977299335,0.0,0.8635475225145451,0.05198935197770749,0.35483185554316266,0.6623179135395824,0.3836090403551584,0.9614175778465733,0.0,45.089465334942226
-0.30655707359184803,0.9518522787863684,0.0,0.5887315221313199,0.03174376537298862,0.7802126485356335,0.6096819082757774,0.42437202605363467,0.5992775178235918,0.0,11.881264757075368
-0.6361460638242552,0.7715686524742349,0.0,0.37532990791960186,0.4233351441531975,0.5638929210554023,0.9150984544900299,0.7146960890066222,0.807477935651909,0.0,15.930788840075781
0.2750260905893512,-0.961436763128568,0.0,0.2857835555258702,0.08456537809723785,0.26116243251086024,0.15636214164487505,0.603792757286118,0.10935590310947885,0.0,1.4951700443492495
-0.6851541986941303,-0.7283980532729369,0.0,0.20322309108608727,0.6068469555401391,0.6949531193430477,0.751798163586933,0.29892615009833323,0.3972912929459057,0.0,0.0
0.9852374051820305,-0.17119361971224142,0.0,0.7617981913776972,0.8809730056396574,0.5673909441560734,0.5682686162687683,0.4108163955674278,0.3368477014471527,0.0,21.85780305934715
0.925366052802135,0.37907475294642917,0.0,0.3865405068230279,0.8829148165187222,0.7962436094563872,0.2746658697879054,0.21769979885723245,0.5694823881365918,0.0,8.235658651231022
0.22611706381589206,-0.974100135228037,0.0,0.5112754622007512,0.6590454101322324,0.7350251861898234,0.4744349141471741,0.9660214591302085,0.8611135200614256,0.0,20.74005944824194
0.7964581350960914,-0.604693673721874,0.0,0.4923254800011819,0.211231831472931,0.6101079220362347,0.3337765970697978,0.13063438155735974,0.07833821776200667,1.0,36.130827080392386
-0.5017553369317135,-0.8650095848373835,0.0,0.5772790292331312,0.8629968313588721,0.488177675310814,0.5793134027884609,0.37183678456641944,0.07257479804471079,1.0,28.34435537812008
0.4692322122475936,0.8830748161901285,0.0,0.8655771456245522,0.8860934353132082,0.1331821256675234,0.8890006108146659,0.02583897222001119,0.8503177081575989,0.0,36.04201346094813
-0.16018904508317508,0.9870863537884315,0.0,0.9807393435834294,0.1966535849529587,0.26133301788538377,0.569304984412202,0.2217794919335464,0.21285008603835742,0.0,31.127675822182734
-0.08653209296920235,0.9962490636815521,1.0,0.40758420857381694,0.7374260857706773,0.41909947291708527,0.631722418326584,0.7804711383801549,0.6687532544498137,0.0,31.892313065336385
-0.9474239201497101,-0.31998111745563335,0.0,0.8275189221063031,0.28651954892712295,0.5992992870063887,0.5187478471147094,0.20117523228887946,0.5428781323608052,0.0,34.63698435261011
-0.2248607837376767,-0.9743909009924496,0.0,0.7645277946547177,0.8026403123529297,0.5137078552153048,0.051165506445475906,0.0800634025289656,0.8328935948872295,0.0,36.47166799887571
0.9308650099341779,-0.36536328945344637,0.0,0.5735289514555733,0.9972378999036027,0.2881845259595295,0.23285855687609425,0.4744531798445233,0.12508890983640353,0.0,0.07168550807490792
-0.9207351455641791,0.390188149131813,0.0,0.9560471436119331,0.030026005329392813,0.006464357789710551,0.49200172943208276,0.009969234734518495,0.12978296572261128,1.0,65.93535434710407
-0.91708249722383,-0.39869749596116594,0.0,0.20047451552840279,0.8973658657909319,0.49623922190081393,0.31023528374470477,0.08476615442633317,0.5568183602783076,0.0,0.0
0.8530238408091098,0.5218719450318006,0.0,0.10926421030962141,0.622630533598658,0.2856259885622431,0.18176359776119422,0.8076258695629751,0.9463786533583709,0.0,17.336463865565378
-0.5308989527158127,0.8474351314438487,0.0,0.8539619669554221,0.9733826191648212,0.7346083007105351,0.5041328419184383,0.7714733448596064,0.41499775837075425,0.0,27.72983692245469
-0.8979246035664183,0.4401493000222656,0.0,0.4391498166337483,0.4650095175264276,0.02394626527048349,0.3228097934478503,0.915138820404896,0.32694210025469495,0.0,10.340462416108242
-0.3102124008626334,0.950667274261106,0.0,0.8469688542070605,0.8473879305713737,0.5848278113057909,0.2581076431734147,0.8545154359107495,0.6066893231978858,0.0,22.779424676651917
-0.9883854548162461,-0.1519677357457243,1.0,0.8930902051954149,0.06239406859827723,0.9414742375060654,0.4639854174403808,0.6831755632398181,0.9304486005450311,0.0,41.580432081172766
-0.653809883925002,-0.7566588634794252,1.0,0.06245759361907144,0.3352790500782957,0.1744092671114995,0.13328425808217315,0.05233285730066284,0.8369278328446237,0.0,23.787727776202594
0.49139796039498745,-0.8709351551749684,1.0,0.8834647629860607,0.06701653775120997,0.47164949075059537,0.9277457330754073,0.7828486179866575,0.9954836107332199,0.0,52.32343019269134
-0.41020552148935985,0.911993108603153,1.0,0.4483190553694222,0.9753431334790705,0.09142199181713817,0.867702097919239,0.8455108108405605,0.02256858320237709,0.0,9.032450094934372
-0.745673728471035,0.666311256597174,0.0,0.5104324890042322,0.8169739072718367,0.6256819122613526,0.7076205857405353,0.7990821457719545,0.11285814471276223,0.0,0.0
0.2803102328093204,0.959909461033896,0.0,0.6265925110932102,0.8525474212459705,0.5505316805962256,0.10621382758845621,0.5084790353080261,0.609467763366622,0.0,23.076423159523692
0.1649118004784484,0.9863083179528379,0.0,0.9263826067300868,0.9379652314338942,0.40736552421283234,0.775877254469693,0.23290183864948166,0.8205764393338497,0.0,35.23781156535979
0.7005754155954318,-0.7135783678498726,0.0,0.01911609442976403,0.08510348611978535,0.5213770214737412,0.807957328109019,0.8453299756887267,0.28524434230676654,1.0,23.0658684391193
-0.9284910180169738,0.37135485652109584,1.0,0.4768434683178171,0.38559759251333336,0.8965746584690102,0.7677646177143377,0.7271628097401385,0.23921108803421876,0.0,0.0
-0.07986130250247837,0.9968059853164043,0.0,0.6877220424305607,0.07103488904400213,0.19629430231106704,0.11396588711924116,0.9807611743888516,0.7869757993812009,0.0,38.042074233097416
0.8105538642449187,0.5856640958413192,1.0,0.7227069576982285,0.21079310155002862,0.022564511705347234,0.6439079570677647,0.15569259775593292,0.05638185385323158,0.0,31.41583493842416
-0.5575576042964141,-0.8301382522756335,0.0,0.692532431537108,0.22936577703767236,0.861664884699101,0.8343247957493986,0.22566458305205506,0.3693826475825851,0.0,14.158738817009532
0.6804560618608526,-0.7327888835652596,1.0,0.13443512940812186,0.4691072110475787,0.5771170823879065,0.5773534012196677,0.2117981498815027,0.5058092225923297,0.0,0.8829624941600214
-0.1879096149702614,0.9821863247885954,0.0,0.29939558837168123,0.2685621674536426,0.8906584554618424,0.646407375228089,0.7925397676213367,0.5603486743503234,0.0,6.751465184683836
-0.837119531618569,0.5470200085762016,0.0,0.35871552541701346,0.10097810681776109,0.5969452234131726,0.4583634794263062,0.18690729645011817,0.7286151567927769,0.0,0.8851675937593022
-0.849908017814611,0.5269310782772628,0.0,0.804437207679505,0.1674910890941077,0.8101610899597025,0.5287073198840526,0.0666598298233061,0.35484572343065823,0.0,20.56317439708617
0.19544058481045762,-0.9807155437785955,0.0,0.278759872414553,0.14727556355209093,0.42967336335514794,0.034376858351725215,0.9985608065856286,0.6126843446746072,0.0,15.18018591509216
0.510017255937428,-0.8601641695897686,0.0,0.21070496386720317,0.9730767979122983,0.7498599312882688,0.6389630219732846,0.024817211445149145,0.5853754227909563,0.0,4.446317138193139
0.9892045445813277,-0.1465413558680558,0.0,0.9574480190380962,0.7592925069184736,0.913041466889856,0.08144721289115919,0.8352440601588657,0.5476161006537471,0.0,27.946015982986026
0.34685673082460394,0.9379181245085673,1.0,0.0088632851134689,0.967761465269562,0.5721229637222063,0.4350145943402234,0.3653668415506528,0.6404832931422122,0.0,13.973158537601847
-0.7512634947424434,0.6600023950466929,0.0,0.9978208556819782,0.43974048650790853,0.18078515056237954,0.2926550976674078,0.8416154597578153,0.2594491710680763,0.0,45.92571104673291
-0.9229123861360568,0.3850100356051125,0.0,0.6768212988573956,0.2783684816626566,0.26879761503019817,0.5454279502117131,0.554620491211145,0.08464875358462898,0.0,8.408664192325821
-0.001773910130062448,0.9999984266201875,0.0,0.8284692994491171,0.7982931972091867,0.19864457689740578,0.13341633552320709,0.9016312294863601,0.11927167203974343,0.0,22.947280985907007
-0.021129803268014734,0.9997767407845889,1.0,0.29461939634619316,0.3262539180411468,0.24685702759573291,0.6916434019733182,0.9261929864146267,0.22458238265390107,0.0,13.095561799903862
-0.3412887971656871,-0.9399584868116243,0.0,0.014315277667059978,0.2993833737053483,0.3064154493510364,0.7950115369284704,0.009098181280775997,0.5001979355227852,0.0,0.5116251533087479
-0.992892018806117,0.11901864976176389,0.0,0.73786951856153,0.2325059922078312,0.5551337867531885,0.1633544497431565,0.07541217599278827,0.8404427505460201,0.0,36.11892370958604
-0.34012249404387984,0.9403811403071475,0.0,0.8341445970006758,0.12967897822423535,0.5879916294638328,0.10431308735188216,0.2503587295708555,0.7012933420883841,0.0,38.615064430515254
-0.8103172517239248,0.5859914261818047,0.0,0.7404761319535191,0.25646306101676597,0.4264997472418611,0.14551548278735915,0.6693154163635017,0.7890406042020471,0.0,53.699594064423295
0.9998611859552711,0.01666159716590086,0.0,0.1428502873008386,0.3553197484738877,0.6154207798208354,0.8771275618985017,0.888272196511506,0.3509756239260914,0.0,0.0
0.3057636247143038,-0.9521074549658617,0.0,0.7534279222569691,0.6739942081457304,0.08157492561136592,0.5281892617563562,0.45994195129396276,0.40465374164855017,0.0,31.57142193417306
0.725343007025838,0.6883876249314155,0.0,0.768922782107641,0.06256484221945158,0.08778823705815997,0.4672609960075026,0.6069731162742654,0.3936818859906128,0.0,36.632815948412606
-0.28471193258757255,0.9586131208377285,1.0,0.6585405156700549,0.21050693966534295,0.17182946035765845,0.10671181910235428,0.18849985279556114,0.19187318440450152,0.0,28.872963166972955
-0.6187220043009917,-0.7856100059149983,0.0,0.7661159327955862,0.8090236402916764,0.5180774980403448,0.6495560067569618,0.8049668338816853,0.06121665814357202,0.0,10.811392998410383
0.9910098623068814,0.13378883664377988,0.0,0.8459214396777321,0.14692192358377076,0.21399467869831357,0.8679995918950899,0.9673281113534697,0.5909160928272268,0.0,44.67424128318219
-0.8814044348198157,-0.47236238448881723,0.0,0.6136041142374584,0.34264514652252154,0.28328440349257733,0.828185869323453,0.26859893291459747,0.9892166834205861,0.0,32.155385945657386
-0.6759268463359218,-0.736968722811474,1.0,0.08860471396967906,0.8646589218581401,0.40031283617299407,0.6260547089808013,0.4948259516005463,0.16682970495026284,0.0,0.0
0.7778201509897505,-0.6284869232643442,0.0,0.48762780966721087,0.15492531114344266,0.8118661240103798,0.07527871665167363,0.0861161105063738,0.046684819899273755,0.0,6.489544812709396
0.6544866064337378,0.756073595623369,1.0,0.07764933467160506,0.0827368356181899,0.013862135912860118,0.11239702717601296,0.5591366564629684,0.779531681823933,0.0,46.67807991560374
-0.8810257728819701,-0.47306826940487895,0.0,0.40754303103243084,0.48453799508001083,0.6493788202366224,0.049308987109824676,0.5027834418466806,0.2525860066847242,0.0,1.9926810732243831
-0.12725109495370854,-0.9918705353185375,0.0,0.40710648912562764,0.3024195112785364,0.6688765310406853,0.2574792164924693,0.1444364841550776,0.8296438053529284,0.0,16.5909864979582
-0.9901837924959405,0.13977144586200835,0.0,0.06600984414024158,0.5634083644838541,0.7986557803566365,0.13566146716037775,0.44206621311807504,0.7039366670345154,0.0,2.8296009492612404
-0.12635237440497818,-0.9919854220109408,1.0,0.3488205339694793,0.8038048904834751,0.9327529390603132,0.2600480402524339,0.33410465208656326,0.9456735370508046,0.0,21.389758978488747
-0.8008846128715811,0.5988187011655011,0.0,0.11099809879131484,0.13714848815274316,0.020137848949289827,0.3850580557189617,0.5218308753051893,0.408927235756672,0.0,0.4072250988654993
-0.32038917157960745,-0.9472860068292642,1.0,0.8082352100092222,0.580699084554285,0.15378370551321618,0.9429827840711357,0.5856543354287992,0.6619698394506341,0.0,24.110279688551447
-0.37359771826851274,-0.9275908283853183,1.0,0.9476880259644708,0.5055087603898639,0.886171294055993,0.6103760597816921,0.008495578607209509,0.4648547808132707,0.0,30.932897599217956
-0.699721984635262,0.7144152463505311,0.0,0.0723164752579386,0.14407878601319957,0.45851856218701537,0.8349737856829623,0.7610059829495553,0.6305886973085435,0.0,5.241589404105326
0.569941811084057,-0.8216850564408635,0.0,0.9551152072917014,0.6239984855289824,0.5645906389334635,0.7103515007123322,0.7130142918617408,0.44959890600773733,0.0,32.33879021511809
0.7460048681410454,0.6659404903667155,0.0,0.5225765993367452,0.27364041786077165,0.6630272037231474,0.11250313052663174,0.3662863862065222,0.18863224642407483,0.0,13.581208027852608
0.17986271544017957,0.9836917218287877,0.0,0.2995656779538739,0.4878343185440125,0.6790666044956374,0.7359204063739488,0.05293593556881826,0.5078974160033809,0.0,0.6141448131834935
-0.999479099955707,0.0322727245786548,1.0,0.07686207527616351,0.08227232427706188,0.9317404033165082,0.27509888155912443,0.7549325397850504,0.5285842014374423,0.0,0.0
-0.6859636312771134,-0.7276358268839683,1.0,0.5006242680704178,0.45958405721362305,0.9969494174116696,0.6391078469947064,0.9551751604781324,0.8106038482601611,0.0,27.39610379650726
-0.9586645196342305,-0.2845388177287416,0.0,0.7945155444907487,0.3064634680428203,0.7201574609309402,0.3409619736429885,0.2401515960220142,0.7355207057935812,0.0,31.04210511320734
0.9730466072480083,0.23060854304023562,0.0,0.7070864772666982,0.8223812111853543,0.2872212092051508,0.9976722632646592,0.3235246137370379,0.6637916239414441,0.0,19.100418381711997
0.7557818287939048,0.6548235084852565,1.0,0.05022601146397376,0.05697872699736828,0.8797524022943436,0.2635514794967778,0.18381288948181496,0.11338709555257254,0.0,11.548379788244432
0.09125967907625852,0.9958271290615145,0.0,0.07290183536790351,0.41860727491832994,0.04922091454076161,0.27913047077426967,0.5769361233448397,0.720616290663715,0.0,13.19467174969632
0.8068415354506993,-0.590767921159873,1.0,0.4028732826326371,0.458431424131438,0.2310808528744962,0.9306722555623983,0.15484139464745494,0.5003051563545148,0.0,11.062542063912089
-0.5353900464352364,-0.8446049361554048,0.0,0.2952904940479433,0.7250060762991187,0.8973857174637149,0.02464440463632267,0.35619394346137945,0.8940995361061592,0.0,16.03887828970079
0.6264969448477531,-0.7794238757546701,0.0,0.23238432305604784,0.574287575090211,0.25619151443935495,0.6966889878731969,0.697013013934263,0.9198709341305428,0.0,23.349111913891164
0.38282900291637667,-0.9238192217777528,0.0,0.2810044989087136,0.667212337194181,0.22065105962174847,0.7253263907358781,0.5601159830093484,0.05515659060178546,0.0,0.0
-0.5664475172222583,0.8240978159373676,0.0,0.8034827432968846,0.7770492856517561,0.13812529314024724,0.8363785774103993,0.38646256432793524,0.8206415603544788,0.0,45.027417431036916
0.8154111105797551,-0.5788823030142572,0.0,0.9292280536318539,0.8622029736581888,0.8591117576469165,0.9744393106384753,0.4202496018075419,0.03769739042267062,0.0,0.0
-0.08778541014503766,-0.9961394088006295,0.0,0.4051026945275664,0.3138754967224705,0.5000582591910867,0.9756019191566524,0.5621108826232295,0.36716962569502265,0.0,9.506746751807317
-0.9777280153969891,0.20987598220822018,0.0,0.9061110021324971,0.538022705363903,0.6748932030541548,0.0652767575664639,0.005864727887161303,0.5422999756210791,0.0,31.625742900851215
0.6052189412078185,-0.7960590638911708,1.0,0.32149570124788196,0.8401080784391999,0.23906638407502967,0.8218393227529025,0.07850986845360985,0.14810079862712744,0.0,0.7148495528065588
-0.6940455938032528,-0.7199310478943731,1.0,0.4764369863437916,0.9894511309650564,0.7580404210112165,0.6463099336573813,0.8812580677630116,0.7463138125690768,0.0,11.4061922485985
-0.760961837140133,0.6487966418041279,0.0,0.22602899781599972,0.8895193110437631,0.7600055449620985,0.6473421343730912,0.07787898909129076,0.008354704172138572,0.0,0.0
-0.31188018042106685,0.9501214412171335,0.0,0.640476042175844,0.3714672626243768,0.31259802490830013,0.1283499266146948,0.7068035962105051,0.16859904843403684,0.0,19.896148181015754
0.7980727236279994,0.6025611403011207,0.0,0.9789811151748089,0.19516651721865041,0.41068263301028285,0.6501871664456533,0.9200381641090526,0.5807968298534757,0.0,49.46405104344473
-0.44507996383604953,0.8954908295408172,0.0,0.6034930960433786,0.4893925374065887,0.20969027743020086,0.9824825806012478,0.2706836043017311,0.7143875620372924,0.0,29.11010876571268
0.04951453675747417,-0.9987734030548134,0.0,0.35781408411354887,0.7416414518360422,0.9765610233229043,0.911818569539447,0.37049143705951426,0.9166431026939161,0.0,4.822897368467516
0.998658627180664,-0.051777855861665854,0.0,0.6478174459905284,0.4925690707532976,0.6456025770584116,0.4391306608048505,0.5689214058447163,0.7054966519346239,0.0,23.308351145452136
0.2539457986228886,-0.9672184506934218,0.0,0.12292067846538757,0.4831808633136685,0.9345438807155155,0.03994797328609434,0.8817089696385847,0.671779270254866,0.0,4.604470981854263
-0.1251301683211458,0.9921403333077039,0.0,0.8886590802653986,0.8382304210818006,0.30338554362913317,0.36229349000020483,0.9419055872604202,0.3943411463506643,0.0,29.25988376837477
0.04636525508893736,-0.9989245532674316,0.0,0.5030839507798364,0.36140377906718635,0.7818909129968897,0.8263903116005552,0.7395632481112681,0.0012844255268014138,0.0,0.0
0.8800584937750602,-0.4748652940933591,0.0,0.44934974203964206,0.8597946748116456,0.765858643884742,0.701499101465166,0.08661976085469403,0.12015925873562194,0.0,0.0
-0.7434286351437804,-0.6688152692995696,1.0,0.5858647884535192,0.40680480095172356,0.6916556518665415,0.4593436555939564,0.6691541555348508,0.5345545447560391,0.0,19.70794356268453
0.9980837608509423,0.06187734905148256,0.0,0.6247838627894025,0.3282331056783394,0.9656389752668004,0.055101535158831094,0.41030372187266206,0.6751298858444197,0.0,22.700899595229515
0.45881701756917675,0.8885307785265099,0.0,0.07177580622651303,0.453989911199699,0.39355533610631555,0.4268947278233026,0.4707009994910616,0.4174482838964625,0.0,0.0
0.7241321396518577,0.6896612533144242,0.0,0.6826172212234024,0.7624469586748684,0.1307173235897573,0.4690249397178835,0.04914839034517704,0.7306790115283902,0.0,27.235127509557685
0.7205087773346209,0.6934458174823537,0.0,0.24193168031552958,0.12600202786399428,0.6717088592440608,0.928555532894136,0.19106213934635818,0.5218622953321788,0.0,4.199230671472839
0.8159859732777833,0.5780717009281017,1.0,0.7139526325065898,0.19641921587201738,0.7293098004772062,0.6410861035821595,0.7905136075336477,0.07417619559431221,0.0,8.39497158889927
0.7657951288421389,0.6430846139052403,0.0,0.8225347943841967,0.951444825663092,0.5750605734588147,0.3116529166546489,0.4539588330478598,0.19201625096794883,0.0,11.905548251787264
-0.7740049866603755,-0.6331795011091814,1.0,0.8039585075525203,0.17549162738135737,0.20681789313339627,0.5253182644507214,0.30166224163114885,0.8399982232439429,0.0,41.91561723456264
0.9097935002996308,0.4150611844204967,0.0,0.5525009674078891,0.5677273179310546,0.5044559416693554,0.06605530782216007,0.38401907396495816,0.7249127466244395,0.0,27.57581659367081
0.82471668461762,-0.5655460990169775,0.0,0.5201698923107512,0.5793144666619379,0.3121897365691294,0.9725682356497368,0.8543995133256802,0.894761987012495,0.0,21.288210916696123
-0.603989644160602,0.7969921641689769,1.0,0.14287596133941172,0.4896244620502448,0.42746652816668906,0.360059901930726,0.7489990174049569,0.11755724912093657,0.0,6.445920944330255
0.16287497283386426,-0.986646716522367,0.0,0.7753461504031356,0.6447452485768186,0.6452185758446639,0.4778673549131358,0.2723153971810828,0.9902225346150739,0.0,46.38014115150277
-0.8688112006745936,-0.49514351210772317,0.0,0.27140938044671437,0.22982672579761843,0.7452147426908345,0.3552839742369226,0.11750184021237331,0.2094067139499336,0.0,3.0775995918419223
0.8832354693491822,0.46892974493364126,0.0,0.49669542281794654,0.5526622677767482,0.23222469090134312,0.6825117301162001,0.2519982216440717,0.01177987628664201,0.0,5.353205600024477
0.9349746307935598,0.35471458917338966,0.0,0.2842740929275167,0.37217325524689715,0.40532536064695335,0.662232158329593,0.9207564510547337,0.9974229390535542,0.0,20.182647394713904
0.25397237116864135,0.9672114736100776,1.0,0.13382836299969314,0.661667259629189,0.2691615709916292,0.7153223105291356,0.5815888378497553,0.28107388544511314,0.0,12.643811728428641
0.8730635788385677,0.48760638562840025,0.0,0.6295576968917366,0.14122354337314946,0.19863161386186912,0.26814322961192083,0.5334802087447829,0.6680194525125599,0.0,33.16479288528176
0.983908365893042,-0.17867380201272878,0.0,0.05433203482290383,0.5708774168394762,0.7833872199958384,0.315668481164066,0.5963935996924615,0.1766823141763052,0.0,0.0
0.8966702013848449,0.44269916416056365,0.0,0.7486452341262,0.1852703553833237,0.9092526944369924,0.12525123109620795,0.36602826574651526,0.5802285321991417,0.0,31.47989691352002
0.5289259184356758,0.8486679991651487,0.0,0.31758679526111666,0.2786430631150364,0.3702321856845767,0.6555099718461126,0.8071070203195128,0.9040349864545593,0.0,19.575540004333654
0.6874540800934259,0.7262278483801771,0.0,0.00013469300448532007,0.21870980032358323,0.7512789243737669,0.03979712733565255,0.5232862493002498,0.3201811674284386,0.0,5.191865613121051
0.24394751216144778,-0.9697884363665306,0.0,0.5111291392372298,0.1828377798688171,0.8969952893644111,0.5976823355234591,0.11674790276879554,0.6702539760443592,0.0,17.379800505467006
0.9625978859260663,0.2709341433091587,0.0,0.046851908527603126,0.825710951560667,0.8461242105302316,0.8696958848516338,0.12906512482906296,0.1879035887984165,0.0,0.0
0.7531369987741189,-0.6578637101083422,1.0,0.27616955782089947,0.28570756766089034,0.1828133885392259,0.8908321482896335,0.5368591465026183,0.6247953987187252,0.0,20.859907034942953
-0.021469696281911834,-0.9997694995055423,0.0,0.7069764874557162,0.9271237818644493,0.9562918815133613,0.4490377603699617,0.9365702180708392,0.33645035181751015,0.0,13.734133695668067
-0.9306868604611498,-0.3658168500287654,0.0,0.06268962162186587,0.9699265253451909,0.37667644042946247,0.45930368821307377,0.30835212167619874,0.21120825858795167,0.0,0.0
0.244501406779632,0.9696489375453268,1.0,0.8393384923560023,0.5712604699370973,0.33924066117383633,0.07696918300801736,0.8695411688592183,0.31318205070363514,0.0,45.99065125139192
-0.9521947635873498,0.3054916237752372,0.0,0.003819922658583108,0.1430011226657264,0.062431327277780335,0.6707650254430357,0.7640955865788793,0.17884106850779935,0.0,3.138493168248055
-0.7198747461510185,-0.6941039906627873,0.0,0.24682386920190225,0.37454824337958126,0.486173654104883,0.8212594203728455,0.24781244290690685,0.9019161078378828,1.0,46.16559840802838
0.4914092782707828,0.8709287693200796,0.0,0.7409040561520714,0.797732263348214,0.10901361564092871,0.24465505460471304,0.036340748316242455,0.39718688631712884,0.0,19.509810493151964
-0.7133935052026767,0.7007636596846604,0.0,0.3162701497293068,0.36739072869707046,0.248539820927426,0.42130088163336465,0.10184726514238274,0.24527930497436734,0.0,1.2687788137040066
-0.47694302577183567,0.8789342126505294,0.0,0.10189238806601353,0.08701721830278875,0.3169426217672814,0.8388393367652703,0.7284939338474402,0.4484078410159329,1.0,34.84545824689407
0.3744134570790246,0.9272618633148532,1.0,0.3602339188004279,0.5567849109281879,0.808826323491684,0.877120467662288,0.1996697380406467,0.32053616680649555,1.0,32.80564797638687
0.9857740961742504,-0.1680756713859558,0.0,0.27039328638452553,0.8451208514960348,0.8754886503958965,0.24317998026422594,0.3712709205053938,0.744419253813326,0.0,4.351813963287045
-0.938297244654555,0.3458298435266543,0.0,0.8427119021605549,0.7959263871435024,0.3024663174614697,0.5505706345413642,0.5016991660064248,0.9712199118854944,0.0,51.47599907496166
-0.9999402168969137,-0.010934469907283155,1.0,0.31334791758514313,0.17512314013035324,0.8586981212445739,0.19249315063582706,0.7254681684501628,0.4380336566976468,0.0,6.357371141893066
0.9165552451664588,0.39990809263861177,0.0,0.7889324717760072,0.6727646144124667,0.8572309373697911,0.10187876413955654,0.11323122325912538,0.8610333999722404,1.0,56.255695308950784
0.9675583449906416,0.2526476776837075,0.0,0.8918721448107347,0.2205042634356471,0.7646509503848735,0.9111205013919575,0.4063664052774615,0.5658630735596195,0.0,28.990219060015974
0.7269348448455448,-0.686706437533087,0.0,0.43381741957652953,0.21820753455217223,0.14669511401518154,0.8205075042321092,0.4850729091426954,0.15723566509423348,0.0,8.508111875135913
0.09709175704367089,-0.9952754345979673,1.0,0.909943143854392,0.8740717733051852,0.690322846900729,0.7600349018031739,0.5408270639715397,0.6906227420813416,0.0,25.440130110803953
-0.6765125361921596,-0.7364311158383057,0.0,0.37731805396319285,0.24966895274023015,0.9450240645805688,0.04876631881314042,0.8183606413952167,0.5134344971258201,0.0,8.808329735053274
0.7336241935975946,-0.6795554006615495,0.0,0.9640784164901082,0.2632473465180112,0.6825404787671571,0.8437287927102575,0.1716781950432169,0.6506065232521034,0.0,42.63669957371736
0.2332332572974087,-0.9724208182111491,0.0,0.08928952452557293,0.0006533907612995549,0.33161684910783396,0.43804407590538375,0.8078314518266223,0.889687412571665,0.0,27.638100859561906
-0.9998737476388766,-0.01588989561287715,0.0,0.6870192665032427,0.8706690341255177,0.5005793174308313,0.34239512329585964,0.6928784276966522,0.4404345706560461,0.0,20.81930998860851
0.22845202388096433,0.9735551719264252,0.0,0.49381404045692867,0.7925948132091347,0.6457250433510536,0.5464763610253764,0.5558708141989593,0.9011776232173556,0.0,16.806807677095232
0.9998827770956521,-0.015311174595259863,0.0,0.38764880545564706,0.627328935090678,0.5105704087285036,0.09135324272355583,0.6995278704025719,0.7506690142816549,0.0,23.863485995023268
-0.9736022164832924,-0.22825144919325316,1.0,0.6327118787486009,0.7502657639388423,0.11995294173096982,0.7566465493523988,0.4120177389516564,0.48860492587798476,0.0,18.309236841078878
-0.6118796512821156,0.7909508785928976,0.0,0.7038570916343312,0.1520485674244918,0.31206404465202064,0.5824350768882959,0.13839758596812457,0.6032221356579637,0.0,26.474558839137767
-0.07330571928153788,-0.9973095164093324,0.0,0.004363269650309087,0.45832359458757543,0.8023960305536325,0.18659009687316752,0.6657652402653673,0.32558113251901144,0.0,0.0
-0.200408614302885,-0.9797124003059252,1.0,0.16695308874719872,0.3512193873487809,0.8614180460955174,0.1882321997690456,0.5246723066856223,0.9835972997387742,0.0,23.746396760580076
0.6236330082433607,0.7817172577277135,1.0,0.7130460506343187,0.09377652625701649,0.13730003271557023,0.18424865157267423,0.6393748005427755,0.667351163050396,0.0,56.05275380776439
0.3244382983204757,-0.9459068614736411,0.0,0.6663854135782065,0.4861304852149241,0.9523867523987246,0.057002387551933986,0.33799878102849,0.043846852496629896,0.0,5.533258800161555
-0.20350873833761898,-0.9790731297611177,0.0,0.9660475051286772,0.9207396503426354,0.32882261784860933,0.5877984493716848,0.9068665773398359,0.32662190574800876,0.0,37.44341848388126
0.9988811275155838,0.04729157528774075,0.0,0.761037790250783,0.04005911905069448,0.66231373873072,0.8403481775885081,0.5873698685755769,0.6233144337590575,0.0,24.628502996240602
0.9926994331188691,-0.12061440828307365,1.0,0.950772707731338,0.2914609134937939,0.7518251459566812,0.0174982139873886,0.08540248429087383,0.0563332777992398,0.0,19.720597004312864
0.696886038461271,-0.7171818802770717,1.0,0.702540501534807,0.20754093620570346,0.8119462346378834,0.04900464497127355,0.44980399070442867,0.023884191319142767,0.0,3.6635480154733955
0.1257770423603627,0.9920585343693584,0.0,0.29805220863944315,0.23814665366569632,0.9457497022259301,0.5727702766869458,0.7563560547436343,0.45002423952780257,0.0,4.229353934240292
0.8991877136700641,-0.43756308754830164,1.0,0.10536492225085647,0.9084345518793753,0.3129195480288226,0.8194956853860523,0.7941345617322724,0.33269017969267,0.0,0.0
0.97080564732126,0.23986745325106004,0.0,0.7818238633449356,0.4680690542342901,0.8585064545515545,0.3267388905686336,0.49459705276375876,0.4382986080331659,0.0,30.63509855639941
0.8837734148009179,-0.4679151112019409,0.0,0.6441492214759159,0.4662994129398188,0.13168690343620704,0.34961439880772216,0.8947475708313011,0.26269330988000517,0.0,20.50413757634841
0.6834568472464242,0.7299909163489487,0.0,0.04818601239329623,0.7605756424552823,0.7050409063535927,0.5963464974967759,0.26766843719429756,0.1647177469429809,0.0,0.0
-0.6348677838683294,0.7726207976789883,1.0,0.36005046590097833,0.1544922040049258,0.7419777295139859,0.274212889124147,0.4105986972382666,0.6891433569803377,0.0,31.922175372932752
-0.5547468945787773,-0.8320191602091882,0.0,0.9567998154842862,0.4872653541000508,0.6777232412013204,0.02660836607768413,0.8985969105689701,0.5145711162678005,0.0,39.32234490253569
-0.9024111517595269,-0.43087598352663387,1.0,0.5004011457102012,0.4299852141210597,0.252314736135153,0.7352285181015961,0.8962567164715789,0.20015421124936683,0.0,0.0
-0.9698650167143729,0.24364287256890801,1.0,0.43272913601970464,0.5969106905466561,0.8730431470152034,0.6256499129414531,0.6857127688246809,0.3195894262599983,0.0,13.132336788726668
0.009787796513667167,-0.9999520983724206,1.0,0.457699605159294,0.9995577032504386,0.168858463370395,0.5807559990556591,0.8589805471222202,0.5918079076633259,0.0,15.234054407263347
0.5193894171024024,0.8545376723129453,0.0,0.20888272400516372,0.7694488940820471,0.05363479152083084,0.7416841289918231,0.08877326695623267,0.07222934827247784,0.0,0.0
-0.23104078854683355,-0.9729440652101524,0.0,0.3687071708647952,0.3978657030174272,0.7174649906119122,0.6752308375620375,0.8649949762077763,0.14745300926617955,0.0,0.0
-0.5189642714696556,-0.8547959317509469,0.0,0.3698132559871766,0.827553052274047,0.4754757152327337,0.20588198817832115,0.32061990655022676,0.07324560410739012,0.0,0.0
-0.9995894842145003,-0.02865070763156044,0.0,0.0523550201874724,0.17070836331248018,0.8490980199586761,0.35248104694335114,0.17833151242821632,0.8123173327141189,0.0,9.79336835473243
0.4163214701808454,-0.9092174841403236,0.0,0.7675676285179183,0.030463686308960125,0.38339714105825895,0.126110141678625,0.23936983634204634,0.7524092332120093,0.0,40.592008200346626
0.7184773342518205,0.6955503721272801,1.0,0.416504431903879,0.20444837246427305,0.16827858850771282,0.12985701341788103,0.4179685080138871,0.7533129318792571,0.0,46.09678013493294
0.9775656661295823,-0.21063088188731047,0.0,0.8221798868164233,0.34041155611425966,0.8364421924698697,0.6761957463565392,0.2511920046044672,0.716325343476028,0.0,35.0590752661643
0.7580247614411776,-0.6522257745919321,0.0,0.8503480011198954,0.5105807574595599,0.5489096316400717,0.8586001069824982,0.32056758601649904,0.6693854236698692,0.0,29.532330499344887
-0.7936741748298918,-0.608343081006179,0.0,0.21199405469865806,0.6151291405411998,0.1891957923903549,0.962732583861139,0.1349784860716421,0.476991915378175,0.0,9.88096179139765
-0.4301989974394727,-0.9027340818879459,0.0,0.6573534821701286,0.9106057172144217,0.7203839985864458,0.6283471175494444,0.2961767655589985,0.642278163507115,0.0,18.711734112752612
0.7859127847837855,-0.6183373631872777,0.0,0.4722818041629817,0.5098540095504577,0.5111136384895005,0.18410132336095697,0.5722838145420012,0.03836155478797465,0.0,4.426327782079578
-0.08462585523199312,0.996412798305127,0.0,0.8801567379214851,0.5012756446257294,0.6043129822403198,0.1056503454489307,0.44185370809106395,0.6214644226567846,0.0,44.731920857191454
-0.6167465135128583,-0.7871618245759469,1.0,0.21574067917645412,0.05024300982298213,0.4608983382065819,0.8128509715367578,0.34671876123591117,0.7778777055368772,0.0,16.44325328487183
0.996781180644891,0.08017030567596178,0.0,0.6778132003100442,0.03491155265622381,0.8287089838180064,0.5787564763599993,0.746452128857114,0.5003583603843902,0.0,25.081110314487713
0.5968088713735261,0.8023834314402671,1.0,0.6077521222527226,0.5511599619163721,0.8295627156830498,0.6182850210137198,0.8935099713933179,0.35751332842723693,0.0,28.448921182963225
0.8194451545583336,0.5731576036927966,1.0,0.2953014775718328,0.4381786132483445,0.7093888218243862,0.7814620887547092,0.756789222902397,0.2774267348009791,0.0,7.657782525161996
0.9996774794594983,0.025395611067751317,0.0,0.1366009036511726,0.8391803949802986,0.10540137739646227,0.7032772277324516,0.3320007021176792,0.6428020501620825,0.0,6.019158873255395
0.84661415952341,0.5322071635129221,1.0,0.6516397604772766,0.16067958471184518,0.8388538619040689,0.8344582528560966,0.7444421678375537,0.6928011986299087,0.0,40.45186919582523
0.9216203578819253,0.3880926641120544,0.0,0.7385974581323307,0.024971662117049598,0.6710129805329098,0.05621390545987848,0.1519801824740512,0.8709675998625426,0.0,38.050162467134285
0.975786145986053,-0.21872676402691402,1.0,0.31562734376335,0.44903876793012587,0.6970241660042995,0.7475206367465048,0.13031798809129091,0.34233408246099073,0.0,10.713196114195382
0.8863207524301707,0.4630718343967986,0.0,0.6448326040223138,0.23747855675225749,0.36298284040387163,0.8508527573220954,0.34562703703615894,0.7697723073855856,0.0,24.458451026501976
-0.6041047400842013,0.796904927207631,1.0,0.39513090761150327,0.04961437333883745,0.8792795561570067,0.28613504245831434,0.807702369044057,0.5613558241893379,0.0,22.421700678086623
0.4830401570434858,0.8755981993376897,1.0,0.7132068832826177,0.724598286847629,0.7253716002348575,0.6404472739932529,0.24634824724230187,0.8828364906780791,0.0,50.906483675940216
-0.15340149988909052,-0.9881639438027363,1.0,0.1992152748940531,0.11159299995724747,0.11259046652919447,0.3141620638369721,0.06325340889867959,0.5278121082956208,0.0,18.38219356969347
0.5337199371271382,-0.8456612966862109,1.0,0.8902150026361744,0.6083195000077717,0.40777803440616267,0.957971066482454,0.1317095352063551,0.5176298283979672,0.0,26.05521750263723
-0.11049234574646553,0.9938769750484431,0.0,0.28740959646557973,0.28104975016688916,0.8863803619601417,0.03342357243550376,0.8587449685295802,0.5778770814409091,0.0,12.32633460203139
0.6472423057033226,0.7622843286516171,0.0,0.3677859877561529,0.17349605035502202,0.047196701697378995,0.579792843832955,0.6337832847472876,0.7493153551424344,0.0,32.61344847186932
0.5986319969486605,-0.8010241770566348,0.0,0.058091952080349785,0.37975152291931746,0.9614166196420495,0.1665035470495151,0.25320116336997667,0.9646904788284609,0.0,12.256419298382674
-0.19064870033846001,0.9816583280649414,0.0,0.1115122123212764,0.8014457762229537,0.6791625683195628,0.7122202051771587,0.5552958253281813,0.07356335421576565,0.0,0.0
-0.7480000836669457,0.663698632539078,0.0,0.5158619027123281,0.3920935769045727,0.6313759776433766,0.17589028341866209,0.5275796224253504,0.05343460239101716,0.0,0.0
-0.912506443175003,0.409062331636763,0.0,0.2675926767279715,0.7507696492110557,0.2705592564879914,0.23538326189835757,0.6554359784406613,0.9375503374073385,0.0,23.464340198947916
0.9987674474044412,-0.04963452432749465,1.0,0.8354802257421944,0.1254862967991507,0.24879178873917707,0.4943708110457581,0.23318755442161632,0.5298756255182061,0.0,44.81804537003862
0.8789797194322733,0.47685915407671703,0.0,0.014693388654953843,0.7727714196650791,0.9420582194885955,0.9148349499968781,0.8644029871943977,0.6149030145669361,0.0,0.0
-0.8721679854524189,-0.48920650563117934,1.0,0.3790940486719362,0.23693332490664865,0.29827245423412274,0.21171437214797084,0.30936856208001284,0.48242360159472886,0.0,15.094595141607122
-0.42932363397905765,0.9031507168280476,0.0,0.3373455467690927,0.6773931298888728,0.7755052967189994,0.14424002111810352,0.6941316539762369,0.09365745260747449,0.0,0.0
-0.349138671739087,-0.937071068754268,1.0,0.019327630917601035,0.5657815548409963,0.39312179820707915,0.7589768318540306,0.01612464637221489,0.7680893784186665,0.0,9.310186046892577
-0.4349257323800367,-0.9004663276956494,1.0,0.12436839900051022,0.9291447172116873,0.13925407078470398,0.500619532333931,0.37265712989414723,0.7472246450885869,0.0,12.425394747446418
0.9823118563648168,-0.18725228128145058,0.0,0.41364267491863527,0.38732251797531403,0.01071529769535895,0.9117851123817714,0.3517098179588083,0.311703321492812,0.0,12.75768349718839
-0.992508976402283,0.12217173061266072,0.0,0.49286458444744663,0.06616518883444045,0.5442573370152508,0.14661455715984228,0.5434844285830145,0.3062392452284004,0.0,20.023197373017407
0.9227786944516819,0.3853303531595317,1.0,0.4042897472548691,0.019155485551252904,0.9757788185489327,0.6459278930230393,0.0727362617771965,0.8378413809055185,0.0,14.508621273128984
0.8947432873965315,-0.44658084336304416,0.0,0.5309376784120938,0.8268585609727531,0.3691361938092045,0.23287914615181504,0.7901313737261083,0.07235725774132662,0.0,0.7574603895006882
0.451545455744397,-0.8922481164993205,0.0,0.5951316749056815,0.5247356376614322,0.35719233399304484,0.1567604286516393,0.21778080176756853,0.8811051483565658,0.0,28.573896898429865
-0.04779919914907353,-0.9988569650158661,0.0,0.00992382112783563,0.7752440518349493,0.3440916178494421,0.6834294151572705,0.6770378148820102,0.2566616898959144,0.0,0.0
0.9988629970325031,0.04767298143860477,0.0,0.4640951594535039,0.2344256000115147,0.5205438373048584,0.5936846199087332,0.8032121232440932,0.5929847477554939,0.0,22.89041177898967
0.6605424587103504,0.7507886921370652,0.0,0.9634992408875883,0.34508374551323373,0.44066488342429355,0.7548274583623312,0.5618769562415131,0.9359941790017777,0.0,52.49185898127531
-0.6404209423972513,-0.7680240989311576,0.0,0.5190322801295487,0.03010387221131894,0.8799146267270145,0.30946257644618236,0.7408832067219855,0.6781225015366464,0.0,35.558216244527074
0.9706871284380381,-0.24034662195403492,0.0,0.6775422674589532,0.9614923245741122,0.5055207917234903,0.44797165638218994,0.6618603122150055,0.4144298124670366,1.0,40.41614153214835
-0.4885566693605476,-0.8725321660680072,0.0,0.3118638579168832,0.6678679067008134,0.5077578381885688,0.4054716763304185,0.3555297971520076,0.6895342089054152,0.0,11.41053311127846
0.8248232679135478,0.5653906408036975,1.0,0.7739913781527625,0.9332050877593062,0.1383715947205566,0.9840894639665142,0.8088585390335653,0.3439796363163702,0.0,34.32415432596142
0.11822309349061827,-0.9929870594149294,0.0,0.7729214818761151,0.2654964074290723,0.982739540910386,0.2922489567393879,0.294701369885528,0.27725841634918613,0.0,15.577235422224057
-0.2033375094609147,-0.9791087055308172,1.0,0.521296047654139,0.6114636112256608,0.24997289086882968,0.2948172383467669,0.5712129177515172,0.9966832779346797,0.0,32.56037764833073
0.31989331670426063,0.9474535692728946,0.0,0.9760138232792136,0.6784999682926378,0.07336406745960267,0.3545482088286074,0.7453977391415395,0.7507902311797877,0.0,55.58248365022783
0.8555672601618308,-0.5176916682149502,0.0,0.12555021476265338,0.31754970025758844,0.6631462489752088,0.5645940812903215,0.3789559098125076,0.6447199773818176,0.0,6.5349883888234
0.7476739001443251,0.6640660652698448,0.0,0.016947664889580993,0.8481092350156301,0.5953663701568727,0.25232274426374524,0.30276760761742505,0.3552896432193188,0.0,0.0
0.3877567453682103,0.9217617405932256,0.0,0.770158211757096,0.9471614629002478,0.4151456539927457,0.9152899403792739,0.4593460101728227,0.04916082915504816,0.0,2.0451972835062886
-0.06303989177382976,0.99801100797794,0.0,0.8071555373648825,0.8848551176960043,0.42219223388067806,0.2656855648662635,0.8179634943491536,0.03105687603515561,0.0,10.408549160801574
0.8984312015918174,-0.4391143085875057,0.0,0.12020722912057624,0.7390669759393725,0.7850639210464312,0.8958157315601947,0.9299217631456648,0.5541812554487988,0.0,0.0
-0.9300666026264212,0.3673909561746815,0.0,0.2655828329586061,0.27746467972495403,0.19571264009964906,0.10347506364658465,0.5450834128598901,0.7620327210390511,0.0,28.00463185581015
0.9995749328992642,-0.029153962328152497,0.0,0.01755236336662891,0.28161604210563174,0.8202533189448897,0.6565627023996523,0.6614662053236519,0.5373791904438551,0.0,0.0
-0.9088068186704864,-0.4172171692752225,0.0,0.2933086107805647,0.9633603204460379,0.6487471138950182,0.9069855184382437,0.9032736222389142,0.8407850719391146,0.0,5.191218449355833
-0.9979358093170616,0.06421931549542739,0.0,0.7731418739186715,0.010284495935692028,0.4189697737795244,0.16874943839822953,0.0985468514129424,0.03342653309322163,0.0,22.753276154146292
-0.565398185914136,-0.8248180959247948,0.0,0.5179605277125789,0.7160499732421445,0.4580286165838686,0.968326960099255,0.23207857786616504,0.3667520764259401,0.0,0.0
0.17764421779540385,-0.9840947778968544,1.0,0.3480955931682881,0.7062461625552622,0.2566472071860958,0.4528833604155117,0.7089000062515824,0.23707039117417805,0.0,0.0
0.5260249925189636,-0.8504691101065484,0.0,0.3717392949063303,0.6226895409497974,0.7521143326969748,0.9457151084410245,0.8237444619122997,0.44727296815712203,0.0,0.0
0.8131761822348643,-0.582017608535971,0.0,0.0013536257154681541,0.9901088460868658,0.5128747423052678,0.676820043630047,0.8570290283305779,0.07237639319412248,0.0,0.0
-0.4284543315887692,0.9035634375863274,1.0,0.2998005275652359,0.31187943576372523,0.3208545427498436,0.30158686987355154,0.4151071768549326,0.9541316415710726,0.0,41.74718445756535
-0.8744251333632789,0.4851604746293869,0.0,0.6464587416379305,0.3399718637932482,0.5960501157609502,0.18830252491710642,0.08933990229186684,0.22325540106936093,0.0,14.323585531115187
-0.21797822568176237,0.9759536326735152,0.0,0.9741944438163571,0.07893940294655555,0.995734452051323,0.3037350462250994,0.4377814772996199,0.9223077754835848,0.0,48.636005126820564
0.7039775439091482,0.7102222311865796,1.0,0.8470608269838995,0.44279813654373745,0.43526227965655384,0.09301740926267499,0.23073459020705378,0.4258931550366818,0.0,50.00578310245231
-0.9927830908049196,-0.11992387006693409,0.0,0.023594964645529126,0.2610485262348481,0.9206914007786196,0.14386796634332977,0.29119645499662417,0.985524133255218,0.0,23.281984285111832
-0.37779934614543076,0.9258874953535581,0.0,0.8985606046748393,0.3433867021776442,0.3450168399245661,0.10466044034648114,0.7722675568375058,0.5540583834602107,0.0,49.99992861947476
0.9080986239505694,0.41875636016552925,0.0,0.7831984132986259,0.8345717902556277,0.054732706924985886,0.42294354374155774,0.07552708602588687,0.9308328641758075,0.0,32.82656509448349
0.405758322354145,0.9139804067048427,0.0,0.7803761235709804,0.9354845135274957,0.20424210636842888,0.7955783762575864,0.8275812174807021,0.005348988694222845,0.0,12.170668189796599
-0.9984441077799022,-0.055761668192362106,0.0,0.4579957590035715,0.18573307200518563,0.4186951433276842,0.1413835542163402,0.42766908582416907,0.7482388061809001,0.0,25.85362335731638
-0.45103831572966,-0.8925045869595022,0.0,0.3980052929545028,0.37250893155346587,0.219634928594569,0.13032043317233588,0.5960639311005951,0.9030506531025154,0.0,30.023336534226416
-0.8381153812351827,0.5454929951310139,0.0,0.3029157288331926,0.9286305621153941,0.0002270382182555375,0.6434289495173308,0.089652231235679,0.13972056697895407,0.0,0.0
0.7696008113688362,0.6385253253712253,0.0,0.06569485895436578,0.06180846068922263,0.9150015377475272,0.19718298196806627,0.33735907835727963,0.09612585173215149,0.0,0.0
-0.9598237463466697,0.2806035921884178,1.0,0.2282353634936991,0.09236052811137851,0.843879411230929,0.0976100381089916,0.08970091901484578,0.4245726071859556,0.0,6.03516082049008
0.9541663698640157,0.2992766924110971,1.0,0.24660363497802462,0.16279098920622936,0.7422922314869471,0.16684857820557764,0.9615437228811096,0.9336789061329351,0.0,18.151974175474166
0.8564125509490571,0.5162921097372385,0.0,0.4840770697102016,0.5952128341268748,0.16781459564602863,0.9237313958767761,0.8072616493262504,0.5423865601904387,0.0,10.563031721165737
0.8583846036152145,0.5130066980813711,0.0,0.747444406596694,0.15047227100599747,0.12036357620998606,0.8214712527761908,0.4596327543564602,0.5274564637217322,0.0,31.24944058585986
-0.9188125714392097,0.39469413292480937,0.0,0.4738098283979466,0.9680763814507335,0.06760474947238315,0.3540645623550941,0.2236025483236711,0.14112611829932187,0.0,3.898179932566599
-0.861372156964515,-0.5079744158973944,0.0,0.057844449447160606,0.44671452725852034,0.7240291887729212,0.6558207673273928,0.9334551052498522,0.0007895110932187865,0.0,0.0
-0.14441756131420552,-0.9895168356243655,0.0,0.9577898009882039,0.5015179603501664,0.9288079606878853,0.5372756736680381,0.34459659572697177,0.8101400907454612,0.0,45.67768714272934
0.7751763710260623,-0.6317448803139323,0.0,0.9427243190941123,0.2466586158054065,0.430535820913037,0.6771242634825639,0.16098443168737475,0.08757456298623822,0.0,24.58035477347885
-0.6972627599065643,0.71681562737393,1.0,0.7851895431484084,0.4709602524347335,0.11914067199604816,0.6826711524627593,0.5631643884539549,0.633849818735324,1.0,77.08802701855167
0.62551178977347,-0.7802147145846393,0.0,0.9913279015642206,0.6619136326370115,0.5123928207321066,0.6287340150599929,0.9437741203448161,0.9146164545151915,0.0,53.86772887344996
-0.9137171820729768,0.40635072435596636,0.0,0.5444823328002629,0.7511771369540428,0.34883190745863013,0.2661013685373086,0.003830290500322575,0.208651913158431,0.0,13.361547913944841
0.37317291745535414,-0.9277618086976094,0.0,0.9627683502532061,0.753868082709913,0.3748249243499977,0.03900642076281813,0.23812484325399874,0.6652728362369108,0.0,43.67269102009924
0.698415352971308,-0.7156926677939095,0.0,0.07560504061675077,0.5778911126940883,0.6213306241557073,0.4555667819901088,0.9384476404104076,0.07869857670750946,0.0,0.0
0.23234680014211215,-0.9726330060530135,1.0,0.3656807482613713,0.9043597749938572,0.7187181132622024,0.8909738846907038,0.17108596685716204,0.603755143837613,0.0,3.090809117688033
0.9483456128150922,-0.31723902448212,1.0,0.22538126800676583,0.8174078473061094,0.11060359887316085,0.5694972585185759,0.11324345163981986,0.16393172095320274,0.0,0.0
-0.9998871912963594,-0.01502014252520888,1.0,0.19583308413427003,0.7570481146986254,0.035590230806476386,0.8323910417019079,0.5701872157998045,0.735953560515178,0.0,10.071035959678625
-0.017091882767161042,-0.9998539231025069,0.0,0.14080294889267608,0.05560552168046062,0.9943303026857149,0.9916243429612281,0.8618438232948299,0.3012312947939082,0.0,0.0
0.9937612448074705,0.11152841933205472,0.0,0.6224136415659967,0.006877962219649314,0.23272834891555183,0.16361620413827627,0.47710981769392613,0.46339100880464623,0.0,32.89617358376871
-0.5899456805231316,0.8074429354648532,0.0,0.7813218557473051,0.21244727719547296,0.053830524908459076,0.6917776391419823,0.9945642566845248,0.5994305420276217,0.0,36.910748233095525
0.6665215449056308,-0.7454857679235809,0.0,0.5782983994203607,0.6635235939134523,0.18987532909591998,0.6742935737000246,0.6791716995379928,0.17127341066623958,0.0,9.531141445616338
-0.27024808698772596,-0.962790720499255,0.0,0.14696270958820967,0.4111974888825458,0.03895784634846422,0.9799554473582784,0.07407490721044774,0.7416378186176209,0.0,9.097854409662393
-0.5544093230338832,0.8322441363765269,1.0,0.8111237699334709,0.40240625929931173,0.39181089461717167,0.9856007339528003,0.9928321316819754,0.30264034063681455,0.0,41.37316532870583
-0.7037131946256875,-0.7104841586620416,0.0,0.6359547071637285,0.8845868882296137,0.8024017844513243,0.6866786117241295,0.40789423678019043,0.6623718599127535,0.0,15.404245974437892
0.6702102575611808,0.7421712812146369,0.0,0.3881657061269955,0.8955628481318387,0.3412444497577206,0.24361479198219427,0.28740253384548253,0.15828305069937365,0.0,0.0
-0.3691050745069249,0.9293876715199301,0.0,0.674130295536063,0.9091752640535857,0.44418340687836655,0.798555838130599,0.5578791835778856,0.6881176592063503,0.0,19.94317679954237
-0.7190354061749561,-0.6949734416989011,0.0,0.25990497924283285,0.3138780765150273,0.6755867735674388,0.1070291342110381,0.3043075918208643,0.12818807281046174,0.0,0.0
0.8610437578525172,-0.5085308712981108,0.0,0.3451922084942105,0.6910558127392618,0.5088940700698802,0.7806993041716287,0.08645750712015232,0.4253564962699836,0.0,0.0
0.76758980626867,0.6409414086423388,1.0,0.9174858431319902,0.27163318127436964,0.8614456860213242,0.9101961241446964,0.0014283430791767193,0.24720607373887682,1.0,66.80150347450014
-0.961984459747572,0.2731041911142562,1.0,0.2905045056714204,0.19060983307444979,0.8660356750457565,0.38283339476843525,0.4495833529202623,0.7483752494281826,0.0,11.761192617696615
-0.6848802743656633,-0.728655618097338,1.0,0.4699882681579366,0.18463245734736922,0.009910695491153643,0.6306352949830805,0.8368634222265923,0.26203500450687456,0.0,22.595689086405724
-0.2086968133718165,-0.9779803883966433,0.0,0.8901411373960146,0.34210762086359403,0.7780463064831992,0.4301427320968263,0.5723151856300766,0.8817173063953962,0.0,51.34783026054926
-0.6183901545842403,0.7858712469058016,0.0,0.7077213502675275,0.4299576197798217,0.46073360024167387,0.43776505498812845,0.9992072989434408,0.8918202114066128,0.0,32.797160295411736
-0.9707374583274638,0.24014326349064086,0.0,0.06220322616470275,0.8309491710550684,0.9888405413036631,0.31037088910812005,0.28684664564719997,0.19644131522278585,0.0,0.0
0.8151576879940289,0.5792391075404262,0.0,0.14730304427897034,0.1198910934727121,0.48323207587543515,0.7621296204503246,0.28045506476005533,0.6138459450077243,0.0,5.613240462901437
0.9257390040186455,-0.3781630553591482,1.0,0.007841590771916818,0.7349258473948942,0.9868959453882975,0.9361765641665052,0.1597494602339442,0.08771764171996432,0.0,0.0
0.999954941676051,0.009492871938748629,0.0,0.6309217902291634,0.5314549141893053,0.7545693612057366,0.9407508592344611,0.16406358826533518,0.3915370996016292,0.0,20.727248730360458
-0.9992766970514977,-0.03802739446569235,0.0,0.4476734254104183,0.2879453426759925,0.24860488461330632,0.17478128487493383,0.2851865960100478,0.7133217295012723,0.0,24.35574976209657
0.20913518166148806,0.9778867397564078,0.0,0.13427485090227553,0.4928195845328246,0.5383949792869577,0.874743649656566,0.7928400452735271,0.6594232468499163,0.0,5.928912897905497
-0.4251520262038573,-0.9051219556583271,0.0,0.9579341210567704,0.29994206977702265,0.9921356394785827,0.7374314414271221,0.9057567906364479,0.624700669406608,0.0,39.02088482039312
-0.9969376669604406,0.07820030815459535,1.0,0.5296597239456199,0.596081955238306,0.8575306077519237,0.25283740069028926,0.9750871697076813,0.2825408636624436,0.0,0.0
-0.6992189122521322,0.7149076253257794,0.0,0.24189329411288918,0.4338439228552442,0.0973668937912211,0.06728461292151455,0.23228965409645264,0.378024949434402,0.0,5.045814804446177
0.8372472783069033,-0.5468244644926586,0.0,0.5006035711547075,0.16440552907887873,0.7063719968099961,0.26799726688437797,0.8812975456140917,0.10294614470028618,0.0,0.0
-0.9014352487796666,0.43291395479649375,0.0,0.6796203327351078,0.11658307455569672,0.34557958587081306,0.9122082367815256,0.32825508927733704,0.719022820433601,0.0,28.53254192455004
0.6404773741543277,0.7679770394981723,0.0,0.07623921797356448,0.5466956820721302,0.006982261880348117,0.6331786748957723,0.11284054451688441,0.5038887967912735,0.0,0.0
-0.8219171908751166,0.569606997274399,1.0,0.274703815047892,0.9024130332861034,0.4034809690269996,0.7210546608978718,0.8700249255201656,0.7087656323456546,0.0,24.747956913915992
0.7180767214314889,0.6959639517519596,1.0,0.8069654908839936,0.34395768655768555,0.2347544217249713,0.25715235110909584,0.6361056346436186,0.24894352479687276,0.0,53.24810561859497
0.6014884615775291,-0.7988814871988819,1.0,0.45966487040266124,0.7330001072226232,0.8188692705204715,0.7193881555748203,0.16473089608106173,0.3244382286350662,0.0,0.0
-0.9561702883905587,0.29281116713526456,1.0,0.5465771420322949,0.658661354939767,0.3373306088457655,0.028121506277923758,0.42983125751300255,0.33421533726011465,0.0,6.988049538382809
0.8087119311907901,0.5882049067711548,0.0,0.43281600220946925,0.931554914309481,0.8275236939538171,0.3753213457730138,0.28725769487706765,0.0257424097472162,0.0,0.0
0.9915142084894303,0.1299983629265332,0.0,0.04389994264300512,0.8209810172991409,0.0005979388347953085,0.6267533485423312,0.736794568710197,0.34104787283062354,1.0,19.68550653318136
-0.9848408447153157,-0.1734604006118498,0.0,0.16574977982015593,0.566605258905463,0.30781915002611915,0.14609656554132022,0.45341623062426806,0.8033045735180335,0.0,10.340768156538319
-0.9823302412029502,-0.1871558100037338,0.0,0.4455416387418909,0.6570304982341073,0.24116521430776194,0.8230035744469347,0.989279945106385,0.8972984957497385,0.0,27.39926476619416
-0.7750895020069816,-0.6318514571310011,1.0,0.20918546540792782,0.8983864665840349,0.23356736106861098,0.23503129881191864,0.05474498225959512,0.5182183156359275,0.0,8.431205282570033
-0.9386221671993523,-0.3449469919306314,0.0,0.04997902865967874,0.3995187845869348,0.0681866197654627,0.6522811128184463,0.3550152661362467,0.45550169521922024,0.0,0.0
-0.2652330244669253,-0.9641843406383073,1.0,0.8436496640518237,0.32679470585777737,0.18712427041050173,0.4051971425753297,0.4819001671099774,0.030824618699370254,0.0,26.94775806684101
0.9999361125014349,-0.011303579765619002,0.0,0.9811925291641158,0.010811083635196339,0.5555495698856199,0.5960435954776472,0.5031335547483198,0.8792043375853826,0.0,62.514478344473176
0.8246146515574985,-0.5656948615965195,0.0,0.7931428739967394,0.8265510741914642,0.2913610728377445,0.10745055262890812,0.3159358223856368,0.013010213425872719,0.0,24.09791614630972
0.9090556805735734,0.4166746567970233,0.0,0.853784921704667,0.8009807004033649,0.41739478232914795,0.016912799921607324,0.729240249097568,0.9447500802102118,0.0,59.50263551001526
-0.5440211517340836,0.8390715025943386,1.0,0.24197713031704537,0.10445451810015138,0.3768668803471885,0.9095644273803012,0.8747470734889747,0.48921624868809066,0.0,18.694536224821185
-0.5003180781899784,-0.8658416833557314,0.0,0.9606269755131998,0.5768573811327002,0.8759049249998946,0.2696300087671828,0.938719301977863,0.3419344935747266,0.0,42.98923616170771
0.5834489374057376,-0.8121498245029151,0.0,0.19692570445342839,0.4639816981668874,0.9052989990105155,0.8196770027804591,0.8050933767995262,0.9242184348426601,0.0,8.101625300890724
0.23646356595435028,-0.9716403562924673,0.0,0.9514298103618323,0.11870909550911146,0.49295697165586005,0.9993503004722002,0.8505801973065994,0.024390993110096737,0.0,21.55477427726778
-0.3252050400912461,0.9456435279211988,0.0,0.994819293965951,0.9805682270607236,0.3301559503156044,0.21143125799891116,0.5505453006199955,0.5814248948690871,0.0,41.77039162593346
0.8212140002588485,0.5706203341792684,0.0,0.7117228057460487,0.21469588746335544,0.10680070400236363,0.2651707411833556,0.8258882264268146,0.5489325244993376,0.0,32.126103406357565
-0.5156773316063293,-0.8567828719502835,1.0,0.9811437317918219,0.06723418009056115,0.953402879382095,0.6628597876346657,0.3035039091479522,0.21932040121138208,0.0,31.224003471297834
-0.03699121928901552,-0.9993155906396697,0.0,0.5695397795671037,0.5948473795019096,0.06022694490029745,0.9654486346006212,0.3984787621092144,0.42888743135021057,0.0,9.805432494036637
-0.6444376402969347,-0.7646568693005501,0.0,0.25954178317609033,0.7388666771330327,0.29765027756828044,0.9158143481907439,0.3169130138185443,0.6522640059437702,0.0,5.730035355787953
0.11354424021344765,0.9935329413332761,0.0,0.43699588566562086,0.03244344604718696,0.29806620117000415,0.5028755200655849,0.46738733544792543,0.7271311968819275,0.0,32.81363952401992
-0.719768767815688,0.6942138869808685,0.0,0.593560935378786,0.6587176387270222,0.3204012861402149,0.7951102825267247,0.28557961623863637,0.0007168587065797816,0.0,1.507974233177873
-0.41369908426811963,0.9104136794203607,1.0,0.07308156202701499,0.5322918759514544,0.16428684327240928,0.13574585309990106,0.9616114422544468,0.9368534300910153,0.0,35.43042522259835
-0.39791574432059545,-0.9174219642137343,0.0,0.6223432646172461,0.10326500887504841,0.7831614309236972,0.9774381842040123,0.31284462800566815,0.1645253723928124,0.0,10.448657180138715
-0.9443436291255889,-0.32896065133981045,0.0,0.9811778367622945,0.17252387694636206,0.12249786196598922,0.9643532340359865,0.09804453811093983,0.2335804342223592,0.0,42.410342004551666
-0.4679332504948724,0.8837638106877329,0.0,0.19010764978372763,0.5679742973160805,0.6349066591531628,0.16372895787917097,0.5268171660504134,0.26347344569384823,0.0,0.0
-0.9641227833107125,-0.2654566983543735,1.0,0.7925951162883833,0.2963576135132884,0.12384602670581746,0.2994231248031066,0.057099078445176366,0.03782013655203531,0.0,25.443445265245053
0.8182907495668468,0.5748045312741784,1.0,0.9078987937796194,0.9383157286513161,0.07053563759295656,0.10015499750676693,0.11054316630858052,0.12305212359032491,0.0,39.24691263453884
-0.4611882491148506,-0.8873023153798137,0.0,0.9437015928202208,0.8187402294840508,0.9094295036858765,0.2717175988981797,0.2193893891962463,0.986349922944162,0.0,44.72543879051369
-0.6213859777122025,-0.7835046054125338,0.0,0.9601356044054472,0.983567206513663,0.19012876631870568,0.8159557894152066,0.4643502498821417,0.31521673737728606,1.0,58.40830116871515
0.4588505173522524,-0.8885134792030847,0.0,0.5214596387214719,0.259670838950414,0.8212501545597043,0.37831560716525947,0.4332509323090279,0.11530109033904934,0.0,0.0
-0.9963749400043257,-0.0850704351192373,1.0,0.9773079079915037,0.969723632797977,0.5446308711071358,0.08839696714675838,0.7996918620027912,0.10699126117462332,0.0,18.09010768696389
-0.4007948002094093,0.9161678493186168,0.0,0.7573102071344389,0.43123386979155787,0.0778565196087696,0.34222552477890456,0.7394746538841134,0.7194599676699719,0.0,30.105747123413522
-0.4508048707143558,0.8926225229850594,0.0,0.1616714362369619,0.3475187953137546,0.9554481914380675,0.9813833342412801,0.4263182939907013,0.8545686640326409,0.0,3.9675804174028024
0.30399691833273756,-0.9526730150708578,0.0,0.47690010646797,0.05034952696935324,0.24696116699189252,0.6296835952592029,0.3337042075756299,0.2569522995084699,0.0,20.188399128683436
0.6529672671745009,0.7573861287339925,0.0,0.718331175372004,0.05276525785960262,0.8596453453526065,0.41616094640615775,0.3164687840614986,0.02090951233523497,0.0,10.931153440230414
-0.09510161448845002,0.9954675699999926,0.0,0.24734031581908333,0.6920112559466547,0.16881000578456418,0.16653851349727,0.773995087294009,0.2230900184453558,0.0,0.0
-0.8480174707297528,0.5299682720098561,1.0,0.6406151835488874,0.4579289944340279,0.8539428821418529,0.9861767972836948,0.05207240622126974,0.056515690796757334,0.0,13.117089603577426
0.7056065262166632,0.7086038598261044,0.0,0.6666004790466192,0.2265216260361057,0.013228812905293985,0.8208490092631288,0.012821649510605826,0.10339493663004151,0.0,9.630439979198933
-0.4771115523845032,0.8788427428051332,0.0,0.1626997438085659,0.6139703063252326,0.5117804565694807,0.2814773024509194,0.795544391926648,0.43150811984764237,0.0,0.0
-0.7294142337358966,0.6840722736842026,0.0,0.5650853124527563,0.2528581182501112,0.7694425794215568,0.07006869572118946,0.4771463759890493,0.22991837086163258,0.0,13.145097765741166
-0.11808682360150977,-0.993003273958201,1.0,0.7716269109786077,0.5776317543444226,0.9347955174927833,0.05662555737755803,0.13088113855357597,0.5159458785254234,0.0,18.23272117586102
-0.5425757913856818,-0.8400068515209868,0.0,0.4988956645359419,0.35920874698269034,0.909202136206487,0.12037814950553383,0.23556593459450126,0.25349375325719037,0.0,11.320093146677495
0.5928431387666138,-0.805317957590261,1.0,0.012103116776107425,0.823552226611819,0.8196248695476449,0.5807685836144216,0.9325039530973825,0.9405373011029476,0.0,4.711041495383581
0.33732841437310823,0.9413870303209645,0.0,0.009038469079292177,0.8206961607667793,0.8881913496613041,0.9287634212054924,0.859502975624898,0.9059439679262645,0.0,1.561433707530096
0.8601105081829311,-0.5101077471606366,0.0,0.3570293439700122,0.4773503981224013,0.1992196858370765,0.4967434280059845,0.7097850502239725,0.566806105010466,0.0,13.046294043938737
-0.9453636761233375,0.3260176680282364,0.0,0.926194068431782,0.3508191093350156,0.28418429571172876,0.8429454824561972,0.48222523033732656,0.35442399198738617,0.0,37.47363303813054
0.02909975039645609,0.9995765125926399,0.0,0.22867677960360877,0.36255979655909454,0.2889685249210585,0.4458866198598078,0.5203236261913857,0.38114688203473557,1.0,34.230690488107534
0.8655039371687713,-0.5009021209231955,0.0,0.6343636888716871,0.8057145256682179,0.3770539310016988,0.7085835457678252,0.9752445352839586,0.41185228314449696,0.0,15.79617109233854
0.5970550399832739,-0.8022002737662032,1.0,0.22207587069332058,0.328179482797612,0.3933206703851887,0.7318727372865008,0.9657704438842871,0.727579322134944,0.0,15.788210573980322
-0.23280749143596077,-0.9725228387710466,0.0,0.3216699896595486,0.20905937370684602,0.5445553246546755,0.17396370590333865,0.21526904578583428,0.4516389955188379,0.0,9.699091554935366
-0.48254845138832164,0.8758692779534698,0.0,0.848042089601484,0.08468834187530683,0.15987976336644139,0.36121605897581177,0.8111045663053181,0.8567299465058974,0.0,54.54900710875626
0.8222974401054138,-0.5690579232346065,0.0,0.7288614422699469,0.4666931208844084,0.6912466637859893,0.6373021565380239,0.1972426661670168,0.9440947859303646,0.0,33.804510996763
0.8201203924815157,-0.5721910011840143,1.0,0.09539927731321063,0.4821320989198419,0.1675665393045065,0.07069660818436618,0.2135374778839514,0.33594615337893385,0.0,3.0476097500185992
-0.9969179489869272,-0.07845127779519205,1.0,0.4287020209864336,0.8409087104029072,0.31030848210454753,0.3615401877629566,0.6760930341645768,0.5606944813756801,0.0,10.69153257174166
0.29573374731180935,-0.9552704071104239,0.0,0.029169763645264468,0.22123869644606398,0.503345130606154,0.5347994662811925,0.4050010985875484,0.09505653683256443,0.0,0.0
0.9872968741829133,0.15888638150782033,1.0,0.480890146603009,0.3809912736683999,0.7964405615234773,0.9962244930446387,0.9315444071065202,0.200469047766359,0.0,0.0
0.2944035352966236,-0.9556812012406908,0.0,0.6624340117010681,0.8084057388936909,0.7394692332387273,0.47453356262244073,0.08900973489600883,0.4134657667101601,0.0,14.886937214317372
0.7739344672958097,0.633265694895556,0.0,0.11850262359815156,0.8236236107489735,0.6455343564105223,0.8160567571143236,0.511525640809493,0.20620271590177885,0.0,0.0
0.8949290281254542,0.4462085102487737,1.0,0.28888493890916567,0.3846110759787682,0.15577326058017016,0.43206728506661773,0.9185215304431212,0.8765604907887176,0.0,29.286105937897407
0.01025540656683623,-0.9999474119353222,1.0,0.3978366255021569,0.4591240232866809,0.5470453456155777,0.7963907226197089,0.9041136604795051,0.15828625605909807,0.0,0.0
0.48765912112002285,-0.8730341239541825,0.0,0.9195310246560497,0.3032858908492829,0.08744650179988545,0.5954148016201084,0.15652921341574122,0.45566082155309195,0.0,47.12489631264853
-0.509874575112656,0.860248753357823,0.0,0.993255015422964,0.9325548784193121,0.37736317679665077,0.8865954415023983,0.36663770009645646,0.6056992404598757,0.0,35.13757951083427
0.7608387521195744,-0.6489409782662279,0.0,0.044911298995615856,0.11864376574158031,0.41351653028995916,0.4109425523501099,0.6191214000466962,0.6918639081608444,0.0,15.28871269296953
-0.48498982999515694,-0.8745197909717474,1.0,0.761007923495392,0.93374942300147,0.03981143944575383,0.6043044198214789,0.15939488477140218,0.38306936972650674,0.0,18.207291855966375
-0.738633537382372,-0.674107185434189,0.0,0.37172406640234323,0.6838664518353432,0.2739880994699718,0.6300186806188274,0.9680221720457387,0.8690990687247285,0.0,20.573989237877516
0.08218210667962682,0.9966173294407932,0.0,0.39245818622948003,0.5315721526867312,0.9556494672664894,0.4173829418004733,0.9147493287276603,0.5683191510779255,0.0,8.10168343093505
-0.8560276743452837,-0.5169299959907578,0.0,0.7542649733470227,0.032659060784495875,0.9536326078296895,0.14431204368748152,0.16695017903446918,0.4395077804475518,0.0,19.26352855979662
0.8995040108647696,0.4369125020392441,0.0,0.9184264321454086,0.4755961918220083,0.3523270542525393,0.09355940691233555,0.12115546126098542,0.06724063405203662,0.0,29.76891940862486
-0.24217058803855981,0.9702336864328398,0.0,0.9509285945025484,0.4077481050027323,0.043100108948324056,0.0166715505996331,0.0854084828082653,0.464689468445165,0.0,52.25228791785385
0.8040497294365031,0.5945620510872571,1.0,0.5771225860383208,0.16121881197512256,0.17909493932818155,0.8735342642452146,0.9094436640366311,0.8207358408157303,0.0,46.961139317421946
0.5110728089219079,-0.8595374244212238,0.0,0.3571211593005028,0.6564096035006569,0.39221779343354013,0.23647491223869455,0.1936238097954608,0.6145410182213155,0.0,19.771262169027114
0.5109312611563069,0.8596215716076614,0.0,0.7875490858587793,0.9711509073682858,0.9477796979692298,0.21150674928176805,0.4162849285443547,0.8321624537291183,0.0,27.676288963453477
-0.019638392344840185,0.9998071481771422,0.0,0.25100138326230026,0.5621888110645251,0.14119906353718492,0.7360354004260655,0.448851365652003,0.4940116705993056,0.0,11.241477436304487
-0.01379121944850188,-0.9999048966107343,1.0,0.5640740288335178,0.7147532764439458,0.7635158436682122,0.32001611308739175,0.5990110442135675,0.11846170509448184,0.0,0.0
-0.5640825508892706,-0.8257183998084658,0.0,0.35857846152487316,0.06845045256601678,0.10868253937469208,0.5060446924118366,0.07173534374742496,0.01363984583588107,0.0,15.930095381367632
0.4090875955656266,0.9124951173317775,0.0,0.6566310737078761,0.41766699581699473,0.9812575773912768,0.1625110652974563,0.22675861740051595,0.3032195467185912,0.0,20.09517176193659
-0.9999999691557229,-0.00024837180453126924,1.0,0.2403989128935069,0.11635848516449587,0.381616499109135,0.9597457214619692,0.931490386918926,0.6979904714977925,0.0,12.497163257282791
0.9684354738444009,0.2492643837369685,1.0,0.19159294573482577,0.6127958355365104,0.775234538899056,0.8515814000172374,0.9084101072685695,0.7902599039416938,0.0,0.0
-0.5976315252696133,0.8017708899703927,1.0,0.9182390866754371,0.9384821582141546,0.3425910828111318,0.8637896229650033,0.7812906474056922,0.2957528346203294,0.0,39.95313824588307
0.9605380992011673,0.27814844954270107,1.0,0.1018036829495369,0.6617777324716385,0.6276688771588087,0.4067737485720052,0.019401245618215435,0.4956539208832471,0.0,0.0
0.9313584950029341,0.36410349323491736,0.0,0.5059579077349317,0.07680304831442153,0.19201608474003673,0.7623612137071728,0.3270067684961021,0.4211189044340816,0.0,21.453497692486405
0.22763510603170065,0.9737465062848423,1.0,0.22085278296300892,0.35466620498508283,0.14602101929696254,0.14387615538978016,0.6279587353429078,0.41052278435142786,0.0,26.65359705335302
0.17460890765398243,-0.9846378671206399,0.0,0.03892996332566745,0.5506633794408515,0.9380641395681313,0.008619002591780278,0.2751902117734757,0.2313487132001505,0.0,0.0
-0.3962316002216676,-0.918150597116713,1.0,0.03601881829142639,0.4032077561332522,0.9176472779044335,0.019972932578028124,0.9095866950537773,0.13637110502945837,0.0,0.0
0.4012302546955307,0.9159772282742402,1.0,0.17522177210582734,0.8336440104751723,0.8874689402128824,0.5866017374045605,0.6338894618324419,0.19668855823121312,0.0,3.6894427200016704
-0.9871643162121995,0.15970789835603227,1.0,0.8667703545060003,0.8146710047099892,0.6254334501665935,0.4553949052479408,0.0719067173164456,0.0553323871633461,0.0,18.804167595451617
0.28929944533760765,-0.9572386488892687,0.0,0.28247874397702666,0.6118310201032214,0.8082682112162782,0.5180153489085197,0.909005588835703,0.19813074182357704,0.0,0.0
-0.15264944209753234,-0.9882803993944796,0.0,0.9504591705752957,0.37345794513270525,0.06903693691137491,0.007463140417219405,0.9577666581762225,0.009200897625379456,0.0,24.908363568895336
0.36366440668840844,-0.931530031350556,0.0,0.5816222929891935,0.25533637376324414,0.33478904189067915,0.4226866196574257,0.07771241839172549,0.6272584006359783,0.0,31.83226418423047
0.5838997176619645,-0.8118257939449067,1.0,0.4366141897687661,0.10587431821312931,0.3137031247571562,0.7180681612008608,0.5323602348613149,0.3163754073876829,0.0,10.336092225721103
-0.3660224450941601,-0.930606022808413,1.0,0.5800888346694546,0.35489768348655404,0.6356453219526133,0.44269370196743585,0.30336428221417044,0.9731447114269086,0.0,25.37541537892124
0.8279281019637179,0.5608342517881334,0.0,0.5166983852262678,0.4131725172077195,0.3559577734706405,0.7322192063122223,0.39283907648140237,0.19371705077629786,0.0,13.805300224730765
0.909918758560081,0.41478651475244604,0.0,0.7587762537573252,0.6758229251040736,0.1485067816436808,0.23301896439683478,0.1796512179553419,0.3458285703095939,0.0,36.01994556083917
-0.7633133923885879,0.6460283778598473,0.0,0.28249606597285226,0.6581598242975735,0.5964670754135437,0.8131420044817255,0.5780721020124125,0.3578411586415332,0.0,0.0
-0.33213534567372077,0.9432317383094135,1.0,0.3530503916003024,0.07010813964125695,0.8143839206690815,0.5884312404534523,0.9579793532488906,0.00845149606246054,0.0,20.295683925663724
0.7145782532130507,-0.6995555160492877,1.0,0.8940943025332507,0.3952593154311578,0.3821234944599732,0.21076309942990623,0.503072600271609,0.8392079530394589,0.0,48.856632518314335
0.9915174195521762,-0.12997386939148073,0.0,0.9464565131504055,0.18177886721736192,0.1322687150984817,0.23672047585383293,0.08291458139448116,0.03199446014432472,0.0,30.699446483002014
-0.7862866589294857,-0.6178618696678948,0.0,0.8925582274864745,0.1568127053168057,0.19668819731282305,0.628030464569537,0.6200013334774084,0.9401798347292414,0.0,50.77279160911991
0.542525086260746,-0.840039600719972,1.0,0.4194479939573136,0.8273021497372459,0.23748330516938398,0.8299395932124434,0.34022299445125703,0.8920743510936207,0.0,28.05676653401094
0.15883165886463693,0.9873056791806212,1.0,0.7803655030068817,0.04191521671625753,0.2998975929945362,0.4156277820291552,0.8559251895912978,0.5355219160859636,0.0,48.143882049572426
0.8311294482988004,0.5560789873484986,0.0,0.4763357333010988,0.41918287590212133,0.6427950705063091,0.2583004291275922,0.4346781483164702,0.5435955749112921,0.0,18.84079643216039
-0.9772311152950413,-0.21217763147704774,0.0,0.4975398521461022,0.1682036557665182,0.600945484537719,0.8670116069106004,0.1928396089422456,0.6537779229561563,0.0,16.42354807292638
-0.8406858914310943,-0.5415230668666906,0.0,0.20468010905728395,0.879330215678474,0.6960798615670392,0.6692682917508349,0.19110562269114495,0.387050011934887,0.0,0.0
0.16942789435533756,0.9855425858958691,0.0,0.5911303032585165,0.5570405132750351,0.36250198453151317,0.4480854872830765,0.7687641807211604,0.6472222833978555,0.0,29.02451512494259
0.9845337058817114,0.1751952681519217,0.0,0.18613589775334793,0.23138063637684803,0.8239976518799783,0.48790019527930184,0.2655875983073599,0.04476838868848687,0.0,0.0
0.9929384659215517,0.11863053103377595,0.0,0.33156469906719377,0.5024272871663764,0.20408766115576027,0.2042564679363964,0.767233394159223,0.05404762734972657,0.0,0.0
-0.881973813154354,-0.4712984117414026,1.0,0.8550302016199351,0.7314863597031158,0.46904074751815394,0.6268026300648439,0.20588731076659939,0.45723041961954436,0.0,32.83891443504322
0.12352862368666233,0.9923410094972791,0.0,0.20707580921085522,0.9581180089194338,0.8009387215414303,0.35874251054288864,0.3216863687013094,0.5496223011060349,0.0,4.983761847061222
0.6084718487605415,0.7935754590874952,1.0,0.07115828517343281,0.22044600424541894,0.18015864773261925,0.9956451766743493,0.4654869724396994,0.887817640335819,0.0,34.83612477139332
-0.951219313659438,0.30851550580362685,0.0,0.0690075926128163,0.8861817721293451,0.10986311374078295,0.48018351526188785,0.9431958496934507,0.10466063390789626,0.0,0.0
0.9008958850334915,0.434035257012287,0.0,0.9407845205031079,0.9343041141674903,0.8836839676879897,0.4858856061896132,0.9317314247538246,0.8226479271938894,0.0,33.89542399942973
-0.8190378932366407,-0.5737394264319694,0.0,0.5069204379618346,0.9164205445320662,0.3429296627591959,0.5658517874106719,0.2068718754222878,0.2100473372920696,0.0,2.6304417869287557
0.997244751507737,0.07418157177002879,0.0,0.40941207181701833,0.6354143568619098,0.683870124909032,0.9167560031187467,0.3582190412430728,0.39408364851003186,0.0,2.5737543505445055
0.5849421232962856,0.81107503499592,1.0,0.8108785810079184,0.6298206544347077,0.02534860426393848,0.8008180998597503,0.14939938845377232,0.3166024348274129,0.0,36.09926002776055
0.9990799194295715,0.04288723111371171,1.0,0.835825927910516,0.4032106331838228,0.6900468884094496,0.4511300697978414,0.5099850793134971,0.400155272865399,0.0,30.35963524575405
-0.9848564952104243,-0.17337151969640102,0.0,0.3321910331156046,0.7523978823037879,0.3161013115469705,0.718699265972796,0.4605825506946666,0.15049549807258555,0.0,0.0
-0.7874653506654269,0.6163589226265621,0.0,0.6936180574737952,0.5312940183509319,0.05574085358744174,0.5862354987807616,0.9007601624507324,0.503570074403555,0.0,19.073570277503382
-0.8756403255573922,0.4829637877292087,1.0,0.7711228158518866,0.6774380712282945,0.609812761548117,0.4923670487012489,0.9300053777910726,0.8016425898313673,1.0,53.08946087050809
0.6020091638799666,-0.7984891775124717,0.0,0.6546506868659545,0.42845790384879545,0.24080381607317325,0.19231577278435052,0.3835673910072921,0.44153401037889695,0.0,22.727583961663747
-0.8704472042259811,-0.4922617846788162,0.0,0.15159507480009937,0.7314964640431391,0.38680724205188,0.4639362634548909,0.49173794301898943,0.4906135758981991,0.0,0.5118113403739208
0.9602661516068361,0.27908586148029196,1.0,0.875883083517057,0.8244715176045491,0.08058081228651359,0.24581858702257464,0.8962362491461331,0.8487675852813142,0.0,55.36295963197581
0.9634755203016603,-0.26779641853364117,0.0,0.5390945527360087,0.14643625660281612,0.14716325109494532,0.9148421498516547,0.8067078077450615,0.7060581146380308,0.0,29.193141342933345
-0.6062536179628902,0.7952713692236795,0.0,0.2824724263700037,0.832929715574228,0.29797723549584376,0.33540681349634693,0.0036563113446492768,0.4904544085197847,0.0,0.931601582811604
0.08160265704175172,0.9966649418755162,0.0,0.4252281854376939,0.5402965317903072,0.08975950056015713,0.9522640145333723,0.3200595641835825,0.25769564818917967,0.0,6.651337800911856
0.5117890500142639,0.8591111501345431,1.0,0.03757109039890738,0.8446659090902243,0.9108262646863152,0.5330552900947112,0.4217742419361259,0.8849267468449666,0.0,15.814425980297079
0.965194974099897,0.26153137856153963,0.0,0.12786680122241756,0.4313017063410146,0.006047043183978418,0.6315443786761603,0.22971628368323171,0.5770204016905583,0.0,11.725880334573377
0.16593566396590184,0.9861365805121496,0.0,0.7655467505158609,0.37904048538303503,0.4838602188643114,0.5429404444893278,0.19957161589593875,0.2211476101106934,0.0,22.71758262764463
0.9086303474099346,0.4176013550812561,1.0,1.1634755366141114e-05,0.9150607325172224,0.12324745813255145,0.1293806169667009,0.03778450659567967,0.26911975263801036,0.0,0.8837654130972323
-0.4984115110961218,-0.8669405778984396,0.0,0.4165658284822922,0.2511692675484013,0.30767908947794853,0.37582121900794097,0.6433697250697605,0.8031330889362459,0.0,25.76583445438473
0.4738909093862483,-0.8805835599198265,1.0,0.5225101810855884,0.8442123252861431,0.9260595598182655,0.09914611227762393,0.26251029048316565,0.04414556208745546,0.0,2.788861514662953
-0.6244002920793515,0.7811045226160328,0.0,0.054634420000972295,0.4840205725094041,0.16169455327398685,0.6229540441833817,0.05234717843131309,0.9920921870288201,0.0,23.327383273753803
-0.9115491472807312,0.4111911381483942,1.0,0.9730781629723328,0.5140954425512597,0.9658323197183326,0.4468741952004389,0.23097931052806364,0.13035167971479178,0.0,18.328585187515962
0.838154537711228,-0.5454328289662052,0.0,0.22612533124967193,0.308468281489484,0.2057943769894217,0.7779849715709368,0.8019139528361265,0.7960685253969374,0.0,28.393414702375175
0.9982476486204567,-0.05917458934144966,0.0,0.30419871963628087,0.5730422006190157,0.7415661084668296,0.22047048099936983,0.8514891816465466,0.39477531677168287,0.0,3.0912458484709373
0.6859546725496325,-0.7276442724349079,0.0,0.30394251225502733,0.3252111962762113,0.5466772648973117,0.16456605842933492,0.48306624519330266,0.49221618328746686,1.0,30.843464703723004
-0.5373905643344036,-0.8433334935625119,0.0,0.2304166621173499,0.03926941424165231,0.8844787275967592,0.4063322309637678,0.41607067040868617,0.8806505774645779,0.0,25.585271369901292
0.993566103531682,-0.11325368829698704,1.0,0.001473822086311416,0.27199860534435605,0.5539932555031309,0.9265853832183811,0.9778536935017818,0.41291118958921325,0.0,7.307072208408069
-0.7033153860466136,-0.7108779555944205,1.0,0.7293447940879964,0.006379043406590679,0.5345592191563087,0.7104218150124118,0.2005646595880699,0.5374937536732345,0.0,30.120806234401442
0.5389443522959335,-0.842341370899184,0.0,0.9668454997992854,0.9783547870568566,0.1954580003683999,0.41892362479291867,0.21535928285460848,0.04929966240916994,0.0,20.388753935962477
-0.3212243592389577,-0.9470031209196309,0.0,0.22429348328504506,0.9657472098197475,0.16622936205165872,0.5172721697543106,0.29186717703639975,0.0023474738674531537,0.0,0.0
0.39064195338975155,-0.920542700938875,1.0,0.6630471918034224,0.39515529747230504,0.9164891511155142,0.08421301117709834,0.1727573182810873,0.2447998730017259,0.0,16.2688090961418
0.9612247721141962,-0.27576609195840524,1.0,0.7418963269587151,0.728370854339646,0.32783819885003407,0.9845758963761131,0.3793655982041866,0.6805830929187673,0.0,33.785634442694146
-0.31824477523778844,0.948008577510694,0.0,0.8484253790905247,0.345806098410425,0.37208225496289593,0.6664073046949189,0.9108342269897538,0.1212648933591367,0.0,25.13666716864001
-0.9963481491914339,0.08538363779322303,0.0,0.4226291970136091,0.671093157085976,0.7598236584283884,0.2854040684634225,0.6153478406285743,0.11376195880454942,0.0,0.0
0.7709663228733917,0.6368759133419014,0.0,0.30293090564042924,0.8054300430459791,0.33882348242280735,0.5858083942152443,0.41194654861226365,0.4109606080359033,0.0,9.242209370605904
-0.7355241974151383,0.6774984538851854,0.0,0.3252951340230311,0.9467562446922407,0.9520624466390027,0.10948236606899397,0.9344107945712148,0.6478370386082265,0.0,1.8494479920633187
0.0788900499124515,-0.9968833231751904,0.0,0.7126213330985128,0.400212275849672,0.7379277689988003,0.9658366688075836,0.04846423247582232,0.7120719922479305,0.0,31.12696998320603
-0.6151276798277234,0.7884275093562894,0.0,0.816779466505636,0.7832979829560477,0.59742924257342,0.17478498788336594,0.21027617790186137,0.17845067409837478,0.0,15.822625743059959
-0.9513371595946271,0.30815192482674375,0.0,0.18161396775660266,0.2659284506321188,0.8808951605447525,0.6480303180552142,0.565888605101759,0.07958814737204245,0.0,0.0
0.4527948169111081,-0.891614745155348,1.0,0.3709410081577652,0.9903323037936483,0.04960590834948275,0.24545446253893044,0.6155526231931792,0.9403970339455442,0.0,22.728966820239325
0.14071031165969916,0.9900508109145865,0.0,0.90194019674915,0.025769598764351143,0.25706269218920874,0.7175613826485358,0.03955750656261314,0.26066638256210173,0.0,34.104470939578476
0.9931219992840142,-0.11708413444238504,0.0,0.8066935196947392,0.603528806501121,0.46503633422090995,0.7768213672402811,0.4030387579071322,0.8533464976087238,0.0,35.21138485005237
-0.2586220855485344,-0.9659785799211733,0.0,0.9848584027624758,0.6595059816513271,0.22697853947152102,0.6734197289114326,0.6491539648308727,0.8634914504628183,0.0,57.04563295646035
-0.7437536596244765,-0.6684538082733903,0.0,0.7542482596820808,0.6880455570741288,0.7439051873021519,0.6144994602551925,0.6980705464034016,0.7725225917625445,0.0,24.842462331242935
0.998772164991594,-0.049539503812653735,0.0,0.39319520102792227,0.12038757878908901,0.9192080310537252,0.8924690939520117,0.6381399025162693,0.16883360665257008,1.0,18.396050962521528
0.7679279859214887,0.6405361882349551,0.0,0.5906378339946378,0.9385297834731304,0.4237701199309234,0.07862671098975804,0.32056322436092455,0.8218014592542003,0.0,36.59656018361419
-0.8609650750351628,0.5086640734017849,0.0,0.6610142542473203,0.1811832790500828,0.34213260011189495,0.3309147657801952,0.09352012359790951,0.7692505592415867,0.0,41.19839487586321
-0.09784717986289815,0.9952014516633694,0.0,0.07845581631712395,0.6227534032398411,0.9615507321375663,0.24828747963084596,0.4271124464193341,0.5967229901062171,0.0,0.0
-0.1607161339547619,-0.9870006708643287,0.0,0.5444969591038651,0.22267607912308496,0.44485243282754083,0.9880139620654216,0.12875443736805547,0.33720203516895275,0.0,9.422721791807179
0.8813409172100567,0.4724808860169224,0.0,0.7093208284726096,0.3072164170212709,0.4890484004492832,0.3893897796668735,0.9476236585206671,0.2625086042665441,0.0,10.819731715072027
0.9901935076852266,-0.13970260318987246,1.0,0.16732130400106038,0.5464585417281244,0.35164987234190537,0.7326126992403987,0.47517086602262826,0.12188921208035897,0.0,0.0
0.11529505328579967,0.993331289494006,0.0,0.7806317174255571,0.4171934185645765,0.9095484730121384,0.6847251638810046,0.31725917435686757,0.5097570669008714,0.0,7.159460736917676
-0.5128286586525316,0.8584909824014725,1.0,0.5837727805141116,0.1602256009765063,0.5689554832818507,0.21208123747737773,0.7663040711189001,0.5852608755098465,0.0,39.69148743536986
0.6741785177782158,0.7385684302529915,0.0,0.9522217856975946,0.1709364024208483,0.7621745871816447,0.23899768021155132,0.49794859258226387,0.3593389905157872,0.0,29.606968842034178
-0.46245953738702467,-0.886640387237001,0.0,0.042422298206891695,0.41814478816279965,0.8118067183508864,0.2812845635530341,0.31003402401245006,0.47535906768086855,0.0,0.0
0.9885995626883916,-0.1505686044709222,0.0,0.26532613755546697,0.7572829782755007,0.3418490419172582,0.4111272782593792,0.8119677423908017,0.3635144573692667,0.0,0.0
-0.33387399825408276,-0.9426177132272832,0.0,0.6015538792998241,0.8979646468477885,0.43369433132038004,0.2343250656505268,0.867152151001122,0.6410060573207013,0.0,20.921467436379064
-0.8142304333760294,-0.5805418170677142,1.0,0.2965599122059307,0.08412766225938284,0.8484717744062646,0.019651482746847804,0.673008166288677,0.9012592077965633,0.0,20.114035290909115
-0.8770870732016967,0.4803314126959444,1.0,0.7144241640712422,0.39310390755940106,0.36325535167581025,0.8793930568071955,0.046964422407667294,0.16392026204694488,0.0,22.228988682212034
0.9627467849177404,0.2704045638123628,1.0,0.759005282521931,0.10024556372287663,0.7939351334518513,0.9656098313808841,0.5663228801665321,0.3814088099031234,0.0,28.42531338118752
0.06903387895350753,0.9976143160343242,0.0,0.10251596406647445,0.016592480632597884,0.9409923225744371,0.34157038703156795,0.7632949119972816,0.14086860395086132,0.0,0.0
0.7578933069362342,0.6523785214898318,0.0,0.5138544642067677,0.6617186826439566,0.623210373068007,0.33850687942547286,0.13650301208358218,0.624943770407832,0.0,14.399038204870019
-0.5876904879495168,0.8090858362211384,0.0,0.5088905555910559,0.6024494419665878,0.7416272874518889,0.007091812774370987,0.22867075138460335,0.7288705094885958,0.0,30.14254738122444
-0.7120208018310594,0.7021583708536524,0.0,0.36928077021554107,0.1630191138148862,0.8050973120411349,0.680250688330374,0.8824951050681364,0.9319127325974559,0.0,13.469556229875119
-0.5745584605664721,-0.8184635455482948,0.0,0.9329248625696721,0.2338128330930641,0.8450396488966425,0.8254398957486287,0.020121721853074037,0.2788719262609649,0.0,19.49324742578799
-0.5904094550178444,-0.8071038814338165,0.0,0.8275063198732212,0.02370775364451838,0.39505333785679597,0.14660830036000316,0.752727137825976,0.9502112058654302,0.0,52.29306865182985
-0.8608593040758585,-0.508843058895401,0.0,0.6972093819096368,0.8349472056944037,0.05126345917599817,0.15966634936715074,0.4737732925144229,0.0632626718206748,0.0,24.86207716263281
0.8920631734575681,0.45191071525337023,0.0,0.7143266357349976,0.9746905960485515,0.4018762712367395,0.7900832499714378,0.44677215883960686,0.6030138633645882,0.0,19.968759006088426
-0.5122182488407453,0.8588553228306385,1.0,0.4617161438131191,0.1354595367946908,0.6737562297840898,0.6162907483541447,0.0070965324948871755,0.057132719343329974,0.0,14.938810661316323
0.48850871886552616,-0.8725590132434381,1.0,0.9209945210965759,0.23147521376529812,0.4503503857807928,0.04486055762771701,0.8193982309664928,0.8937741877619448,0.0,46.507173455968534
0.6700397115181809,-0.7423252555239064,1.0,0.6945954272532854,0.868409523946934,0.7489631508603986,0.6225469904622817,0.35982490063656647,0.5298090570700541,0.0,20.635863296891714
-0.11858375145154722,-0.9929440537571478,0.0,0.7289810616558164,0.9264637979561848,0.3569824294686639,0.30891772284376606,0.5407656313005429,0.6693483507627961,0.0,32.48774501820435
0.2908315796844809,0.9567742640028678,0.0,0.8616909037873453,0.41962738280681033,0.6347441411040295,0.36872515547084594,0.6773006863356594,0.8315739259104525,0.0,46.02316320034007
0.8648187275491109,0.5020842244886176,0.0,0.274071589342191,0.050622472269074126,0.18641980485397458,0.7697314182968802,0.7026295764379158,0.15031062248396876,0.0,0.0
-0.9971747884123052,-0.0751161857050413,1.0,0.807070903866703,0.0393918336928194,0.7493694366449569,0.8109351926726106,0.9559800588260723,0.038591561938133845,0.0,12.295438504693042
0.497087856747265,0.8677002147483949,0.0,0.19524060295649204,0.5739498660690104,0.5456959688130258,0.40035662683983064,0.5313399532366091,0.8788811459128522,0.0,7.513696892945514
-0.6036917438547382,-0.7972178362289852,0.0,0.34534195224488784,0.392895108893179,0.20406438854660058,0.9471529360063548,0.3997195509744276,0.3149332274589325,0.0,5.138646506786871
0.9995730558857677,0.029218246819203705,1.0,0.3356104542698427,0.028652427577654516,0.29191117349780726,0.40646271795207223,0.9537036264917079,0.12897890792716526,0.0,0.0
0.6408278637047394,-0.7676846026198649,0.0,0.9785254683891406,0.5832523923125568,0.7486087085818324,0.7718360352301099,0.6421102350255211,0.46846123708708653,0.0,26.27187555950696
0.9705916358223979,-0.24073195980509438,0.0,0.8565372237479268,0.011302536589022472,0.4826012356615207,0.48387726456425906,0.2981503562765556,0.5983060756960188,0.0,38.70938674190763
0.787557324814025,-0.6162413976127995,0.0,0.7011698615902597,0.787371958149273,0.2160314403930722,0.897532326522084,0.12646424540357115,0.030970603422510123,0.0,4.542534343406867
-0.9811463022568437,-0.19326648330148263,0.0,0.7270567616153901,0.3064328227033716,0.9672711903702976,0.9077612436501786,0.8425545014651813,0.2748956582570877,0.0,9.623722367819003
0.9564891984617025,-0.2917677384943197,0.0,0.5620727944025711,0.0402580030092321,0.7151250198168879,0.08741680787108386,0.36218160279415157,0.03279987427689601,0.0,10.58290149003855
-0.40523206760930447,-0.9142138542929046,0.0,0.9470906671085191,0.5883522209831533,0.9571348325397961,0.9364933313102257,0.6604697213644312,0.42033538919549895,0.0,25.70830487863833
0.1499124890736926,-0.9886992695555762,0.0,0.49625875288236154,0.3976844144330547,0.4271050453603432,0.8255348415204157,0.47081641936589813,0.8951000290662443,0.0,24.54524339515052
-0.8564619281876363,-0.5162101951386819,0.0,0.3805177098698945,0.9738004133571495,0.47510034069172047,0.7913107143126669,0.19892977979503834,0.9826524114935692,0.0,17.649027724636653
-0.3865708277178164,0.9222597221811014,1.0,0.163035336931591,0.5441986625037022,0.8979552161850192,0.20091133968552244,0.6016866086204651,0.6370475535036275,0.0,13.275669316502714
-0.9940105631259787,-0.10928403540304803,0.0,0.786205652261058,0.2752391810370083,0.5250493402453846,0.8051192087546649,0.06068306895068232,0.1616376937845918,0.0,18.82593454600957
0.9758349743082682,0.21850881656533153,0.0,0.7344439320755914,0.7094388646339748,0.7072789119056672,0.8501327346850368,0.4133424598711922,0.9058493899993058,0.0,31.003735565392866
0.1946782525907919,0.980867156126759,0.0,0.3843550385241349,0.27149200254271133,0.25217287749552997,0.28915033445415095,0.546614939663671,0.5162478232000605,0.0,9.484767314037471
0.997032557894467,-0.07698102687296604,1.0,0.02519341395922936,0.9042432914075651,0.44672646870264054,0.9522600783623237,0.43604697411857907,0.1537493121029181,0.0,0.0
-0.5624882929632928,-0.826805249305567,0.0,0.8389973277180107,0.37472197050737643,0.12344986581035511,0.04986014639916425,0.7486721752509908,0.9217266694516614,0.0,47.7071959109614
0.31752466281598846,0.9482500137113592,0.0,0.011417983454073632,0.5498685627762052,0.20598003587696168,0.14990925324713966,0.8279249545453125,0.757469050723103,0.0,13.254784543104009
0.022829558645020523,-0.9997393716624716,1.0,0.703699779629051,0.05057310382422886,0.000943415267631087,0.5375811380515143,0.771243074033178,0.7317052727231516,0.0,47.54198522847428
-0.5716222182710631,-0.8205169343644707,1.0,0.970257109726057,0.4261212379522308,0.03926505164866023,0.5757924711223097,0.03881294781180211,0.7091807037944047,0.0,55.093177300967845
0.8631506452926818,-0.5049464957110079,0.0,0.43766132814820347,0.832363539660995,0.9772838231769293,0.6451500833009034,0.1941287704459722,0.20033982109644233,0.0,0.0
-0.9913800564157,0.13101749402733748,1.0,0.23497340499595276,0.8056488053633419,0.2423536951367623,0.016969129315466458,0.5366075092637743,0.21100669170752606,0.0,0.0
0.6208108484259102,0.7839603883339398,0.0,0.7048710100433817,0.22431855885352625,0.663310709504002,0.9603667746221303,0.9348220404438012,0.688292998427255,0.0,32.64402602524987
0.45476168115614074,0.8906131670663985,0.0,0.8171281420155851,0.22607907101056268,0.8390996987996115,0.04458809273414399,0.8349567750521169,0.21972275011039688,0.0,26.461248869236854
-0.9906241470155017,-0.13661551650456738,0.0,0.5464303160778473,0.8173053122132368,0.5506604592365643,0.14306195272340239,0.8425345083518017,0.43867169680304885,0.0,8.951418606852812
0.02832510680582158,-0.9995987636669219,0.0,0.9670352752561462,0.9303984201693255,0.1531445000839562,0.01401451752605698,0.3032081937596749,0.7820018255939414,0.0,44.43749167650171
-0.9260344564366386,-0.377438982475445,1.0,0.0516687216579611,0.09536092127300355,0.7281164373361664,0.5668584332940947,0.42944789707870257,0.783952518097841,0.0,0.34370834978903453
0.3981432952715523,-0.9173232344328304,0.0,0.5047955983045281,0.45005863942622526,0.600251410099583,0.9322668839209722,0.4707059473159374,0.45326177252585964,0.0,10.516773194112382
0.9997444796234645,0.02260476636482135,0.0,0.7184539473225501,0.33745427896422897,0.7312505893473751,0.6659471660804642,0.15737158334991042,0.7921899382752451,0.0,30.891008482519574
-0.9072141719357667,0.4206690459718913,1.0,0.862640471149179,0.8706884554574393,0.7697466228570872,0.8226574684804273,0.031068130244456316,0.8386217961980568,0.0,38.26672568081193
-0.9521842442644138,0.30552440978522016,1.0,0.17925561190779005,0.08352491468001877,0.9754103676847451,0.013281203458580082,0.9469028994605169,0.6547757512842602,0.0,11.687409268684068
-0.9402330410817303,-0.34053168495486774,0.0,0.8000034817636814,0.2111259425580374,0.57356328002671,0.5420152984797261,0.24071258566350673,0.22842585230842016,0.0,29.4774160414679
0.9903353595891563,-0.13869345892080281,0.0,0.5527070757185453,0.7524683375864943,0.3416411126906018,0.4595629775055219,0.2399489037236313,0.2740117803855475,0.0,5.2830830402969795
-0.5370499354029574,-0.8435504530753802,0.0,0.3965536819899632,0.051293848981215584,0.6484645569002371,0.49896794422079305,0.08337905376875954,0.31484115540873536,0.0,13.733869816456941
0.7665983325904951,-0.642126931742839,1.0,0.13171502857909356,0.49253538071428926,0.06844070924262613,0.07221318533518795,0.9285077519437785,0.116804107733952,0.0,0.0
0.544193191587068,0.8389599336263208,0.0,0.8652957589089124,0.44210703467972,0.8973973183215863,0.6844353610693075,0.579737114939772,0.2731596203699451,0.0,24.09847039076439
-0.4964757910715392,0.8680505681582665,1.0,0.15727320817971535,0.33440117898874866,0.11938101133819679,0.5032204148586344,0.6670368571253539,0.20951922431253212,0.0,8.021912614309969
0.7576186092600006,0.6526975125607133,0.0,0.30978785920909924,0.3945723153189238,0.32784283788581825,0.765148849861264,0.9115768872630525,0.45532874980860216,1.0,33.47260617633506
-0.3075983044996585,0.9515163073058367,0.0,0.2900455319624369,0.5299405869302329,0.8157453806261209,0.48529063406171535,0.3456201689007895,0.9084375478722649,0.0,4.517973730643073
0.3327853396189127,-0.9430026074909469,0.0,0.8714140341908543,0.16136735838838312,0.5973123783307118,0.14938163622643208,0.6215073111380841,0.10448031675395808,0.0,24.336722063536605
