segment_id,segment_name,district,mapping_method,confidence,midpoint_latitude,midpoint_longitude,distance_m,estimated_travel_time_s,road_type,walkable,population,population_density,total_reported_cases,cases_per_100k,severity_weighted_cases_per_100k,recent_cases_per_100k,recent_severity_per_100k,crime_trend_slope,historical_baseline,lighting_score,cctv_coverage_score,footfall_proxy,distance_to_police_m,distance_to_hospital_m,distance_to_medical_facility_m,distance_to_public_toilet_m,distance_to_nearest_amenity_m,nearest_hotspot_distance_m,nearest_hotspot_intensity,has_police_nearby,has_hospital_nearby,has_public_toilet_nearby,lighting_data_synthetic,cctv_data_synthetic,mobility_data_synthetic,hotspot_data_synthetic,representative_hour,time_period,is_night,is_late_night,is_evening_peak,is_weekend,is_peak_hour,base_evening_footfall,contextual_footfall_proxy,temporal_data_synthetic,reduced_activity_context,lighting_relevance,crime_burden_norm,crime_burden_per_100k,crime_grounded_risk_index,target_crime_burden_component,target_temporal_component,target_weekend_component,risk_band,target_type,target_is_observed_crime,target_description
1001,Connaught Place to Janpath,New Delhi,midpoint/locality administrative mapping,high,28.629,77.217,950,76,primary,True,142004,4057,951,669.6994,499.8294,836.5257,623.9652,-0.4857,100.0,74,78,4782,480.8398,1511.944,386.6467,373.122,373.122,1601.6145,88.0,True,True,True,True,True,True,True,8,Morning,0,0,0,0,1,4782.0,3108.3,True,0,0.5,1.0,155.0308,72.0,60.0,12.0,0.0,High,crime_grounded_district_temporal_index,True,Severity-weighted NCRB 2021-2023 district crime burden (60%) + criminological temporal multiplier by time-of-day period (40%) + weekend adjustment (5%). District-level aggregate only.
1001,Connaught Place to Janpath,New Delhi,midpoint/locality administrative mapping,high,28.629,77.217,950,76,primary,True,142004,4057,951,669.6994,499.8294,836.5257,623.9652,-0.4857,100.0,74,78,4782,480.8398,1511.944,386.6467,373.122,373.122,1601.6145,88.0,True,True,True,True,True,True,True,8,Morning,0,0,0,1,1,4782.0,3108.3,True,0,0.5,1.0,155.0308,77.0,60.0,12.0,5.0,High,crime_grounded_district_temporal_index,True,Severity-weighted NCRB 2021-2023 district crime burden (60%) + criminological temporal multiplier by time-of-day period (40%) + weekend adjustment (5%). District-level aggregate only.
1001,Connaught Place to Janpath,New Delhi,midpoint/locality administrative mapping,high,28.629,77.217,950,76,primary,True,142004,4057,951,669.6994,499.8294,836.5257,623.9652,-0.4857,100.0,74,78,4782,480.8398,1511.944,386.6467,373.122,373.122,1601.6145,88.0,True,True,True,True,True,True,True,13,Day,0,0,0,0,0,4782.0,2630.1,True,0,0.5,1.0,155.0308,68.0,60.0,8.0,0.0,High,crime_grounded_district_temporal_index,True,Severity-weighted NCRB 2021-2023 district crime burden (60%) + criminological temporal multiplier by time-of-day period (40%) + weekend adjustment (5%). District-level aggregate only.
1001,Connaught Place to Janpath,New Delhi,midpoint/locality administrative mapping,high,28.629,77.217,950,76,primary,True,142004,4057,951,669.6994,499.8294,836.5257,623.9652,-0.4857,100.0,74,78,4782,480.8398,1511.944,386.6467,373.122,373.122,1601.6145,88.0,True,True,True,True,True,True,True,13,Day,0,0,0,1,0,4782.0,2630.1,True,0,0.5,1.0,155.0308,73.0,60.0,8.0,5.0,High,crime_grounded_district_temporal_index,True,Severity-weighted NCRB 2021-2023 district crime burden (60%) + criminological temporal multiplier by time-of-day period (40%) + weekend adjustment (5%). District-level aggregate only.
1001,Connaught Place to Janpath,New Delhi,midpoint/locality administrative mapping,high,28.629,77.217,950,76,primary,True,142004,4057,951,669.6994,499.8294,836.5257,623.9652,-0.4857,100.0,74,78,4782,480.8398,1511.944,386.6467,373.122,373.122,1601.6145,88.0,True,True,True,True,True,True,True,19,Evening,0,0,1,0,1,4782.0,4782.0,True,0,0.5,1.0,155.0308,80.0,60.0,20.0,0.0,High,crime_grounded_district_temporal_index,True,Severity-weighted NCRB 2021-2023 district crime burden (60%) + criminological temporal multiplier by time-of-day period (40%) + weekend adjustment (5%). District-level aggregate only.
1001,Connaught Place to Janpath,New Delhi,midpoint/locality administrative mapping,high,28.629,77.217,950,76,primary,True,142004,4057,951,669.6994,499.8294,836.5257,623.9652,-0.4857,100.0,74,78,4782,480.8398,1511.944,386.6467,373.122,373.122,1601.6145,88.0,True,True,True,True,True,True,True,19,Evening,0,0,1,1,1,4782.0,4782.0,True,0,0.5,1.0,155.0308,85.0,60.0,20.0,5.0,High,crime_grounded_district_temporal_index,True,Severity-weighted NCRB 2021-2023 district crime burden (60%) + criminological temporal multiplier by time-of-day period (40%) + weekend adjustment (5%). District-level aggregate only.
1001,Connaught Place to Janpath,New Delhi,midpoint/locality administrative mapping,high,28.629,77.217,950,76,primary,True,142004,4057,951,669.6994,499.8294,836.5257,623.9652,-0.4857,100.0,74,78,4782,480.8398,1511.944,386.6467,373.122,373.122,1601.6145,88.0,True,True,True,True,True,True,True,23,Night,1,0,0,0,0,4782.0,1673.7,True,1,1.0,1.0,155.0308,92.0,60.0,32.0,0.0,High,crime_grounded_district_temporal_index,True,Severity-weighted NCRB 2021-2023 district crime burden (60%) + criminological temporal multiplier by time-of-day period (40%) + weekend adjustment (5%). District-level aggregate only.
1001,Connaught Place to Janpath,New Delhi,midpoint/locality administrative mapping,high,28.629,77.217,950,76,primary,True,142004,4057,951,669.6994,499.8294,836.5257,623.9652,-0.4857,100.0,74,78,4782,480.8398,1511.944,386.6467,373.122,373.122,1601.6145,88.0,True,True,True,True,True,True,True,23,Night,1,0,0,1,0,4782.0,1673.7,True,1,1.0,1.0,155.0308,97.0,60.0,32.0,5.0,High,crime_grounded_district_temporal_index,True,Severity-weighted NCRB 2021-2023 district crime burden (60%) + criminological temporal multiplier by time-of-day period (40%) + weekend adjustment (5%). District-level aggregate only.
1001,Connaught Place to Janpath,New Delhi,midpoint/locality administrative mapping,high,28.629,77.217,950,76,primary,True,142004,4057,951,669.6994,499.8294,836.5257,623.9652,-0.4857,100.0,74,78,4782,480.8398,1511.944,386.6467,373.122,373.122,1601.6145,88.0,True,True,True,True,True,True,True,2,Late Night,1,1,0,0,0,4782.0,956.4,True,1,1.0,1.0,155.0308,100.0,60.0,40.0,0.0,High,crime_grounded_district_temporal_index,True,Severity-weighted NCRB 2021-2023 district crime burden (60%) + criminological temporal multiplier by time-of-day period (40%) + weekend adjustment (5%). District-level aggregate only.
1001,Connaught Place to Janpath,New Delhi,midpoint/locality administrative mapping,high,28.629,77.217,950,76,primary,True,142004,4057,951,669.6994,499.8294,836.5257,623.9652,-0.4857,100.0,74,78,4782,480.8398,1511.944,386.6467,373.122,373.122,1601.6145,88.0,True,True,True,True,True,True,True,2,Late Night,1,1,0,1,0,4782.0,956.4,True,1,1.0,1.0,155.0308,100.0,60.0,40.0,5.0,High,crime_grounded_district_temporal_index,True,Severity-weighted NCRB 2021-2023 district crime burden (60%) + criminological temporal multiplier by time-of-day period (40%) + weekend adjustment (5%). District-level aggregate only.
1002,Janpath to Tuglak Road,New Delhi,midpoint/locality administrative mapping,high,28.6147,77.2131,2400,192,primary,True,142004,4057,951,669.6994,499.8294,836.5257,623.9652,-0.4857,100.0,81,73,1938,1185.4769,1470.7234,1470.7234,1453.2194,1453.2194,3170.8735,88.0,False,True,False,True,True,True,True,8,Morning,0,0,0,0,1,1938.0,1259.7,True,0,0.5,1.0,155.0308,72.0,60.0,12.0,0.0,High,crime_grounded_district_temporal_index,True,Severity-weighted NCRB 2021-2023 district crime burden (60%) + criminological temporal multiplier by time-of-day period (40%) + weekend adjustment (5%). District-level aggregate only.
1002,Janpath to Tuglak Road,New Delhi,midpoint/locality administrative mapping,high,28.6147,77.2131,2400,192,primary,True,142004,4057,951,669.6994,499.8294,836.5257,623.9652,-0.4857,100.0,81,73,1938,1185.4769,1470.7234,1470.7234,1453.2194,1453.2194,3170.8735,88.0,False,True,False,True,True,True,True,8,Morning,0,0,0,1,1,1938.0,1259.7,True,0,0.5,1.0,155.0308,77.0,60.0,12.0,5.0,High,crime_grounded_district_temporal_index,True,Severity-weighted NCRB 2021-2023 district crime burden (60%) + criminological temporal multiplier by time-of-day period (40%) + weekend adjustment (5%). District-level aggregate only.
1002,Janpath to Tuglak Road,New Delhi,midpoint/locality administrative mapping,high,28.6147,77.2131,2400,192,primary,True,142004,4057,951,669.6994,499.8294,836.5257,623.9652,-0.4857,100.0,81,73,1938,1185.4769,1470.7234,1470.7234,1453.2194,1453.2194,3170.8735,88.0,False,True,False,True,True,True,True,13,Day,0,0,0,0,0,1938.0,1065.9,True,0,0.5,1.0,155.0308,68.0,60.0,8.0,0.0,High,crime_grounded_district_temporal_index,True,Severity-weighted NCRB 2021-2023 district crime burden (60%) + criminological temporal multiplier by time-of-day period (40%) + weekend adjustment (5%). District-level aggregate only.
1002,Janpath to Tuglak Road,New Delhi,midpoint/locality administrative mapping,high,28.6147,77.2131,2400,192,primary,True,142004,4057,951,669.6994,499.8294,836.5257,623.9652,-0.4857,100.0,81,73,1938,1185.4769,1470.7234,1470.7234,1453.2194,1453.2194,3170.8735,88.0,False,True,False,True,True,True,True,13,Day,0,0,0,1,0,1938.0,1065.9,True,0,0.5,1.0,155.0308,73.0,60.0,8.0,5.0,High,crime_grounded_district_temporal_index,True,Severity-weighted NCRB 2021-2023 district crime burden (60%) + criminological temporal multiplier by time-of-day period (40%) + weekend adjustment (5%). District-level aggregate only.
1002,Janpath to Tuglak Road,New Delhi,midpoint/locality administrative mapping,high,28.6147,77.2131,2400,192,primary,True,142004,4057,951,669.6994,499.8294,836.5257,623.9652,-0.4857,100.0,81,73,1938,1185.4769,1470.7234,1470.7234,1453.2194,1453.2194,3170.8735,88.0,False,True,False,True,True,True,True,19,Evening,0,0,1,0,1,1938.0,1938.0,True,0,0.5,1.0,155.0308,80.0,60.0,20.0,0.0,High,crime_grounded_district_temporal_index,True,Severity-weighted NCRB 2021-2023 district crime burden (60%) + criminological temporal multiplier by time-of-day period (40%) + weekend adjustment (5%). District-level aggregate only.
1002,Janpath to Tuglak Road,New Delhi,midpoint/locality administrative mapping,high,28.6147,77.2131,2400,192,primary,True,142004,4057,951,669.6994,499.8294,836.5257,623.9652,-0.4857,100.0,81,73,1938,1185.4769,1470.7234,1470.7234,1453.2194,1453.2194,3170.8735,88.0,False,True,False,True,True,True,True,19,Evening,0,0,1,1,1,1938.0,1938.0,True,0,0.5,1.0,155.0308,85.0,60.0,20.0,5.0,High,crime_grounded_district_temporal_index,True,Severity-weighted NCRB 2021-2023 district crime burden (60%) + criminological temporal multiplier by time-of-day period (40%) + weekend adjustment (5%). District-level aggregate only.
1002,Janpath to Tuglak Road,New Delhi,midpoint/locality administrative mapping,high,28.6147,77.2131,2400,192,primary,True,142004,4057,951,669.6994,499.8294,836.5257,623.9652,-0.4857,100.0,81,73,1938,1185.4769,1470.7234,1470.7234,1453.2194,1453.2194,3170.8735,88.0,False,True,False,True,True,True,True,23,Night,1,0,0,0,0,1938.0,678.3,True,1,1.0,1.0,155.0308,92.0,60.0,32.0,0.0,High,crime_grounded_district_temporal_index,True,Severity-weighted NCRB 2021-2023 district crime burden (60%) + criminological temporal multiplier by time-of-day period (40%) + weekend adjustment (5%). District-level aggregate only.
1002,Janpath to Tuglak Road,New Delhi,midpoint/locality administrative mapping,high,28.6147,77.2131,2400,192,primary,True,142004,4057,951,669.6994,499.8294,836.5257,623.9652,-0.4857,100.0,81,73,1938,1185.4769,1470.7234,1470.7234,1453.2194,1453.2194,3170.8735,88.0,False,True,False,True,True,True,True,23,Night,1,0,0,1,0,1938.0,678.3,True,1,1.0,1.0,155.0308,97.0,60.0,32.0,5.0,High,crime_grounded_district_temporal_index,True,Severity-weighted NCRB 2021-2023 district crime burden (60%) + criminological temporal multiplier by time-of-day period (40%) + weekend adjustment (5%). District-level aggregate only.
1002,Janpath to Tuglak Road,New Delhi,midpoint/locality administrative mapping,high,28.6147,77.2131,2400,192,primary,True,142004,4057,951,669.6994,499.8294,836.5257,623.9652,-0.4857,100.0,81,73,1938,1185.4769,1470.7234,1470.7234,1453.2194,1453.2194,3170.8735,88.0,False,True,False,True,True,True,True,2,Late Night,1,1,0,0,0,1938.0,387.6,True,1,1.0,1.0,155.0308,100.0,60.0,40.0,0.0,High,crime_grounded_district_temporal_index,True,Severity-weighted NCRB 2021-2023 district crime burden (60%) + criminological temporal multiplier by time-of-day period (40%) + weekend adjustment (5%). District-level aggregate only.
1002,Janpath to Tuglak Road,New Delhi,midpoint/locality administrative mapping,high,28.6147,77.2131,2400,192,primary,True,142004,4057,951,669.6994,499.8294,836.5257,623.9652,-0.4857,100.0,81,73,1938,1185.4769,1470.7234,1470.7234,1453.2194,1453.2194,3170.8735,88.0,False,True,False,True,True,True,True,2,Late Night,1,1,0,1,0,1938.0,387.6,True,1,1.0,1.0,155.0308,100.0,60.0,40.0,5.0,High,crime_grounded_district_temporal_index,True,Severity-weighted NCRB 2021-2023 district crime burden (60%) + criminological temporal multiplier by time-of-day period (40%) + weekend adjustment (5%). District-level aggregate only.
1003,Tuglak Road to Chanakyapuri,New Delhi,midpoint/locality administrative mapping,high,28.6008,77.198,3100,248,primary,True,142004,4057,951,669.6994,499.8294,836.5257,623.9652,-0.4857,100.0,91,54,4406,1391.5938,2627.0051,2627.0051,2836.8428,2836.8428,4971.2115,88.0,False,False,False,True,True,True,True,8,Morning,0,0,0,0,1,4406.0,2863.9,True,0,0.5,1.0,155.0308,72.0,60.0,12.0,0.0,High,crime_grounded_district_temporal_index,True,Severity-weighted NCRB 2021-2023 district crime burden (60%) + criminological temporal multiplier by time-of-day period (40%) + weekend adjustment (5%). District-level aggregate only.
1003,Tuglak Road to Chanakyapuri,New Delhi,midpoint/locality administrative mapping,high,28.6008,77.198,3100,248,primary,True,142004,4057,951,669.6994,499.8294,836.5257,623.9652,-0.4857,100.0,91,54,4406,1391.5938,2627.0051,2627.0051,2836.8428,2836.8428,4971.2115,88.0,False,False,False,True,True,True,True,8,Morning,0,0,0,1,1,4406.0,2863.9,True,0,0.5,1.0,155.0308,77.0,60.0,12.0,5.0,High,crime_grounded_district_temporal_index,True,Severity-weighted NCRB 2021-2023 district crime burden (60%) + criminological temporal multiplier by time-of-day period (40%) + weekend adjustment (5%). District-level aggregate only.
1003,Tuglak Road to Chanakyapuri,New Delhi,midpoint/locality administrative mapping,high,28.6008,77.198,3100,248,primary,True,142004,4057,951,669.6994,499.8294,836.5257,623.9652,-0.4857,100.0,91,54,4406,1391.5938,2627.0051,2627.0051,2836.8428,2836.8428,4971.2115,88.0,False,False,False,True,True,True,True,13,Day,0,0,0,0,0,4406.0,2423.3,True,0,0.5,1.0,155.0308,68.0,60.0,8.0,0.0,High,crime_grounded_district_temporal_index,True,Severity-weighted NCRB 2021-2023 district crime burden (60%) + criminological temporal multiplier by time-of-day period (40%) + weekend adjustment (5%). District-level aggregate only.
1003,Tuglak Road to Chanakyapuri,New Delhi,midpoint/locality administrative mapping,high,28.6008,77.198,3100,248,primary,True,142004,4057,951,669.6994,499.8294,836.5257,623.9652,-0.4857,100.0,91,54,4406,1391.5938,2627.0051,2627.0051,2836.8428,2836.8428,4971.2115,88.0,False,False,False,True,True,True,True,13,Day,0,0,0,1,0,4406.0,2423.3,True,0,0.5,1.0,155.0308,73.0,60.0,8.0,5.0,High,crime_grounded_district_temporal_index,True,Severity-weighted NCRB 2021-2023 district crime burden (60%) + criminological temporal multiplier by time-of-day period (40%) + weekend adjustment (5%). District-level aggregate only.
1003,Tuglak Road to Chanakyapuri,New Delhi,midpoint/locality administrative mapping,high,28.6008,77.198,3100,248,primary,True,142004,4057,951,669.6994,499.8294,836.5257,623.9652,-0.4857,100.0,91,54,4406,1391.5938,2627.0051,2627.0051,2836.8428,2836.8428,4971.2115,88.0,False,False,False,True,True,True,True,19,Evening,0,0,1,0,1,4406.0,4406.0,True,0,0.5,1.0,155.0308,80.0,60.0,20.0,0.0,High,crime_grounded_district_temporal_index,True,Severity-weighted NCRB 2021-2023 district crime burden (60%) + criminological temporal multiplier by time-of-day period (40%) + weekend adjustment (5%). District-level aggregate only.
1003,Tuglak Road to Chanakyapuri,New Delhi,midpoint/locality administrative mapping,high,28.6008,77.198,3100,248,primary,True,142004,4057,951,669.6994,499.8294,836.5257,623.9652,-0.4857,100.0,91,54,4406,1391.5938,2627.0051,2627.0051,2836.8428,2836.8428,4971.2115,88.0,False,False,False,True,True,True,True,19,Evening,0,0,1,1,1,4406.0,4406.0,True,0,0.5,1.0,155.0308,85.0,60.0,20.0,5.0,High,crime_grounded_district_temporal_index,True,Severity-weighted NCRB 2021-2023 district crime burden (60%) + criminological temporal multiplier by time-of-day period (40%) + weekend adjustment (5%). District-level aggregate only.
1003,Tuglak Road to Chanakyapuri,New Delhi,midpoint/locality administrative mapping,high,28.6008,77.198,3100,248,primary,True,142004,4057,951,669.6994,499.8294,836.5257,623.9652,-0.4857,100.0,91,54,4406,1391.5938,2627.0051,2627.0051,2836.8428,2836.8428,4971.2115,88.0,False,False,False,True,True,True,True,23,Night,1,0,0,0,0,4406.0,1542.1,True,1,1.0,1.0,155.0308,92.0,60.0,32.0,0.0,High,crime_grounded_district_temporal_index,True,Severity-weighted NCRB 2021-2023 district crime burden (60%) + criminological temporal multiplier by time-of-day period (40%) + weekend adjustment (5%). District-level aggregate only.
1003,Tuglak Road to Chanakyapuri,New Delhi,midpoint/locality administrative mapping,high,28.6008,77.198,3100,248,primary,True,142004,4057,951,669.6994,499.8294,836.5257,623.9652,-0.4857,100.0,91,54,4406,1391.5938,2627.0051,2627.0051,2836.8428,2836.8428,4971.2115,88.0,False,False,False,True,True,True,True,23,Night,1,0,0,1,0,4406.0,1542.1,True,1,1.0,1.0,155.0308,97.0,60.0,32.0,5.0,High,crime_grounded_district_temporal_index,True,Severity-weighted NCRB 2021-2023 district crime burden (60%) + criminological temporal multiplier by time-of-day period (40%) + weekend adjustment (5%). District-level aggregate only.
1003,Tuglak Road to Chanakyapuri,New Delhi,midpoint/locality administrative mapping,high,28.6008,77.198,3100,248,primary,True,142004,4057,951,669.6994,499.8294,836.5257,623.9652,-0.4857,100.0,91,54,4406,1391.5938,2627.0051,2627.0051,2836.8428,2836.8428,4971.2115,88.0,False,False,False,True,True,True,True,2,Late Night,1,1,0,0,0,4406.0,881.2,True,1,1.0,1.0,155.0308,100.0,60.0,40.0,0.0,High,crime_grounded_district_temporal_index,True,Severity-weighted NCRB 2021-2023 district crime burden (60%) + criminological temporal multiplier by time-of-day period (40%) + weekend adjustment (5%). District-level aggregate only.
1003,Tuglak Road to Chanakyapuri,New Delhi,midpoint/locality administrative mapping,high,28.6008,77.198,3100,248,primary,True,142004,4057,951,669.6994,499.8294,836.5257,623.9652,-0.4857,100.0,91,54,4406,1391.5938,2627.0051,2627.0051,2836.8428,2836.8428,4971.2115,88.0,False,False,False,True,True,True,True,2,Late Night,1,1,0,1,0,4406.0,881.2,True,1,1.0,1.0,155.0308,100.0,60.0,40.0,5.0,High,crime_grounded_district_temporal_index,True,Severity-weighted NCRB 2021-2023 district crime burden (60%) + criminological temporal multiplier by time-of-day period (40%) + weekend adjustment (5%). District-level aggregate only.
1004,Chanakyapuri to Vasant Vihar,South West,midpoint/locality administrative mapping,medium,28.5779,77.1734,4800,384,primary,True,2292958,5459,4743,206.8507,150.8483,258.4696,188.4349,-1.2286,8.9431,94,66,4465,2425.3921,3458.44,3458.44,4782.614,3624.579,6826.6371,79.0,False,False,False,True,True,True,True,8,Morning,0,0,0,0,1,4465.0,2902.25,True,0,0.5,0.0,44.1242,12.0,0.0,12.0,0.0,Low,crime_grounded_district_temporal_index,True,Severity-weighted NCRB 2021-2023 district crime burden (60%) + criminological temporal multiplier by time-of-day period (40%) + weekend adjustment (5%). District-level aggregate only.
1004,Chanakyapuri to Vasant Vihar,South West,midpoint/locality administrative mapping,medium,28.5779,77.1734,4800,384,primary,True,2292958,5459,4743,206.8507,150.8483,258.4696,188.4349,-1.2286,8.9431,94,66,4465,2425.3921,3458.44,3458.44,4782.614,3624.579,6826.6371,79.0,False,False,False,True,True,True,True,8,Morning,0,0,0,1,1,4465.0,2902.25,True,0,0.5,0.0,44.1242,17.0,0.0,12.0,5.0,Low,crime_grounded_district_temporal_index,True,Severity-weighted NCRB 2021-2023 district crime burden (60%) + criminological temporal multiplier by time-of-day period (40%) + weekend adjustment (5%). District-level aggregate only.
1004,Chanakyapuri to Vasant Vihar,South West,midpoint/locality administrative mapping,medium,28.5779,77.1734,4800,384,primary,True,2292958,5459,4743,206.8507,150.8483,258.4696,188.4349,-1.2286,8.9431,94,66,4465,2425.3921,3458.44,3458.44,4782.614,3624.579,6826.6371,79.0,False,False,False,True,True,True,True,13,Day,0,0,0,0,0,4465.0,2455.75,True,0,0.5,0.0,44.1242,8.0,0.0,8.0,0.0,Low,crime_grounded_district_temporal_index,True,Severity-weighted NCRB 2021-2023 district crime burden (60%) + criminological temporal multiplier by time-of-day period (40%) + weekend adjustment (5%). District-level aggregate only.
1004,Chanakyapuri to Vasant Vihar,South West,midpoint/locality administrative mapping,medium,28.5779,77.1734,4800,384,primary,True,2292958,5459,4743,206.8507,150.8483,258.4696,188.4349,-1.2286,8.9431,94,66,4465,2425.3921,3458.44,3458.44,4782.614,3624.579,6826.6371,79.0,False,False,False,True,True,True,True,13,Day,0,0,0,1,0,4465.0,2455.75,True,0,0.5,0.0,44.1242,13.0,0.0,8.0,5.0,Low,crime_grounded_district_temporal_index,True,Severity-weighted NCRB 2021-2023 district crime burden (60%) + criminological temporal multiplier by time-of-day period (40%) + weekend adjustment (5%). District-level aggregate only.
1004,Chanakyapuri to Vasant Vihar,South West,midpoint/locality administrative mapping,medium,28.5779,77.1734,4800,384,primary,True,2292958,5459,4743,206.8507,150.8483,258.4696,188.4349,-1.2286,8.9431,94,66,4465,2425.3921,3458.44,3458.44,4782.614,3624.579,6826.6371,79.0,False,False,False,True,True,True,True,19,Evening,0,0,1,0,1,4465.0,4465.0,True,0,0.5,0.0,44.1242,20.0,0.0,20.0,0.0,Low,crime_grounded_district_temporal_index,True,Severity-weighted NCRB 2021-2023 district crime burden (60%) + criminological temporal multiplier by time-of-day period (40%) + weekend adjustment (5%). District-level aggregate only.
1004,Chanakyapuri to Vasant Vihar,South West,midpoint/locality administrative mapping,medium,28.5779,77.1734,4800,384,primary,True,2292958,5459,4743,206.8507,150.8483,258.4696,188.4349,-1.2286,8.9431,94,66,4465,2425.3921,3458.44,3458.44,4782.614,3624.579,6826.6371,79.0,False,False,False,True,True,True,True,19,Evening,0,0,1,1,1,4465.0,4465.0,True,0,0.5,0.0,44.1242,25.0,0.0,20.0,5.0,Low,crime_grounded_district_temporal_index,True,Severity-weighted NCRB 2021-2023 district crime burden (60%) + criminological temporal multiplier by time-of-day period (40%) + weekend adjustment (5%). District-level aggregate only.
1004,Chanakyapuri to Vasant Vihar,South West,midpoint/locality administrative mapping,medium,28.5779,77.1734,4800,384,primary,True,2292958,5459,4743,206.8507,150.8483,258.4696,188.4349,-1.2286,8.9431,94,66,4465,2425.3921,3458.44,3458.44,4782.614,3624.579,6826.6371,79.0,False,False,False,True,True,True,True,23,Night,1,0,0,0,0,4465.0,1562.75,True,1,1.0,0.0,44.1242,32.0,0.0,32.0,0.0,Low,crime_grounded_district_temporal_index,True,Severity-weighted NCRB 2021-2023 district crime burden (60%) + criminological temporal multiplier by time-of-day period (40%) + weekend adjustment (5%). District-level aggregate only.
1004,Chanakyapuri to Vasant Vihar,South West,midpoint/locality administrative mapping,medium,28.5779,77.1734,4800,384,primary,True,2292958,5459,4743,206.8507,150.8483,258.4696,188.4349,-1.2286,8.9431,94,66,4465,2425.3921,3458.44,3458.44,4782.614,3624.579,6826.6371,79.0,False,False,False,True,True,True,True,23,Night,1,0,0,1,0,4465.0,1562.75,True,1,1.0,0.0,44.1242,37.0,0.0,32.0,5.0,Moderate,crime_grounded_district_temporal_index,True,Severity-weighted NCRB 2021-2023 district crime burden (60%) + criminological temporal multiplier by time-of-day period (40%) + weekend adjustment (5%). District-level aggregate only.
1004,Chanakyapuri to Vasant Vihar,South West,midpoint/locality administrative mapping,medium,28.5779,77.1734,4800,384,primary,True,2292958,5459,4743,206.8507,150.8483,258.4696,188.4349,-1.2286,8.9431,94,66,4465,2425.3921,3458.44,3458.44,4782.614,3624.579,6826.6371,79.0,False,False,False,True,True,True,True,2,Late Night,1,1,0,0,0,4465.0,893.0,True,1,1.0,0.0,44.1242,40.0,0.0,40.0,0.0,Moderate,crime_grounded_district_temporal_index,True,Severity-weighted NCRB 2021-2023 district crime burden (60%) + criminological temporal multiplier by time-of-day period (40%) + weekend adjustment (5%). District-level aggregate only.
1004,Chanakyapuri to Vasant Vihar,South West,midpoint/locality administrative mapping,medium,28.5779,77.1734,4800,384,primary,True,2292958,5459,4743,206.8507,150.8483,258.4696,188.4349,-1.2286,8.9431,94,66,4465,2425.3921,3458.44,3458.44,4782.614,3624.579,6826.6371,79.0,False,False,False,True,True,True,True,2,Late Night,1,1,0,1,0,4465.0,893.0,True,1,1.0,0.0,44.1242,45.0,0.0,40.0,5.0,Moderate,crime_grounded_district_temporal_index,True,Severity-weighted NCRB 2021-2023 district crime burden (60%) + criminological temporal multiplier by time-of-day period (40%) + weekend adjustment (5%). District-level aggregate only.
1005,Vasant Vihar to Vasant Kunj,South West,midpoint/locality administrative mapping,high,28.5488,77.159,2200,176,secondary,True,2292958,5459,4743,206.8507,150.8483,258.4696,188.4349,-1.2286,8.9431,55,35,452,1117.0845,5273.2163,5273.2163,6542.012,4685.3807,4302.124,79.0,False,False,False,True,True,True,True,8,Morning,0,0,0,0,1,452.0,293.8,True,0,0.5,0.0,44.1242,12.0,0.0,12.0,0.0,Low,crime_grounded_district_temporal_index,True,Severity-weighted NCRB 2021-2023 district crime burden (60%) + criminological temporal multiplier by time-of-day period (40%) + weekend adjustment (5%). District-level aggregate only.
1005,Vasant Vihar to Vasant Kunj,South West,midpoint/locality administrative mapping,high,28.5488,77.159,2200,176,secondary,True,2292958,5459,4743,206.8507,150.8483,258.4696,188.4349,-1.2286,8.9431,55,35,452,1117.0845,5273.2163,5273.2163,6542.012,4685.3807,4302.124,79.0,False,False,False,True,True,True,True,8,Morning,0,0,0,1,1,452.0,293.8,True,0,0.5,0.0,44.1242,17.0,0.0,12.0,5.0,Low,crime_grounded_district_temporal_index,True,Severity-weighted NCRB 2021-2023 district crime burden (60%) + criminological temporal multiplier by time-of-day period (40%) + weekend adjustment (5%). District-level aggregate only.
1005,Vasant Vihar to Vasant Kunj,South West,midpoint/locality administrative mapping,high,28.5488,77.159,2200,176,secondary,True,2292958,5459,4743,206.8507,150.8483,258.4696,188.4349,-1.2286,8.9431,55,35,452,1117.0845,5273.2163,5273.2163,6542.012,4685.3807,4302.124,79.0,False,False,False,True,True,True,True,13,Day,0,0,0,0,0,452.0,248.6,True,0,0.5,0.0,44.1242,8.0,0.0,8.0,0.0,Low,crime_grounded_district_temporal_index,True,Severity-weighted NCRB 2021-2023 district crime burden (60%) + criminological temporal multiplier by time-of-day period (40%) + weekend adjustment (5%). District-level aggregate only.
1005,Vasant Vihar to Vasant Kunj,South West,midpoint/locality administrative mapping,high,28.5488,77.159,2200,176,secondary,True,2292958,5459,4743,206.8507,150.8483,258.4696,188.4349,-1.2286,8.9431,55,35,452,1117.0845,5273.2163,5273.2163,6542.012,4685.3807,4302.124,79.0,False,False,False,True,True,True,True,13,Day,0,0,0,1,0,452.0,248.6,True,0,0.5,0.0,44.1242,13.0,0.0,8.0,5.0,Low,crime_grounded_district_temporal_index,True,Severity-weighted NCRB 2021-2023 district crime burden (60%) + criminological temporal multiplier by time-of-day period (40%) + weekend adjustment (5%). District-level aggregate only.
1005,Vasant Vihar to Vasant Kunj,South West,midpoint/locality administrative mapping,high,28.5488,77.159,2200,176,secondary,True,2292958,5459,4743,206.8507,150.8483,258.4696,188.4349,-1.2286,8.9431,55,35,452,1117.0845,5273.2163,5273.2163,6542.012,4685.3807,4302.124,79.0,False,False,False,True,True,True,True,19,Evening,0,0,1,0,1,452.0,452.0,True,0,0.5,0.0,44.1242,20.0,0.0,20.0,0.0,Low,crime_grounded_district_temporal_index,True,Severity-weighted NCRB 2021-2023 district crime burden (60%) + criminological temporal multiplier by time-of-day period (40%) + weekend adjustment (5%). District-level aggregate only.
1005,Vasant Vihar to Vasant Kunj,South West,midpoint/locality administrative mapping,high,28.5488,77.159,2200,176,secondary,True,2292958,5459,4743,206.8507,150.8483,258.4696,188.4349,-1.2286,8.9431,55,35,452,1117.0845,5273.2163,5273.2163,6542.012,4685.3807,4302.124,79.0,False,False,False,True,True,True,True,19,Evening,0,0,1,1,1,452.0,452.0,True,0,0.5,0.0,44.1242,25.0,0.0,20.0,5.0,Low,crime_grounded_district_temporal_index,True,Severity-weighted NCRB 2021-2023 district crime burden (60%) + criminological temporal multiplier by time-of-day period (40%) + weekend adjustment (5%). District-level aggregate only.
1005,Vasant Vihar to Vasant Kunj,South West,midpoint/locality administrative mapping,high,28.5488,77.159,2200,176,secondary,True,2292958,5459,4743,206.8507,150.8483,258.4696,188.4349,-1.2286,8.9431,55,35,452,1117.0845,5273.2163,5273.2163,6542.012,4685.3807,4302.124,79.0,False,False,False,True,True,True,True,23,Night,1,0,0,0,0,452.0,158.2,True,1,1.0,0.0,44.1242,32.0,0.0,32.0,0.0,Low,crime_grounded_district_temporal_index,True,Severity-weighted NCRB 2021-2023 district crime burden (60%) + criminological temporal multiplier by time-of-day period (40%) + weekend adjustment (5%). District-level aggregate only.
1005,Vasant Vihar to Vasant Kunj,South West,midpoint/locality administrative mapping,high,28.5488,77.159,2200,176,secondary,True,2292958,5459,4743,206.8507,150.8483,258.4696,188.4349,-1.2286,8.9431,55,35,452,1117.0845,5273.2163,5273.2163,6542.012,4685.3807,4302.124,79.0,False,False,False,True,True,True,True,23,Night,1,0,0,1,0,452.0,158.2,True,1,1.0,0.0,44.1242,37.0,0.0,32.0,5.0,Moderate,crime_grounded_district_temporal_index,True,Severity-weighted NCRB 2021-2023 district crime burden (60%) + criminological temporal multiplier by time-of-day period (40%) + weekend adjustment (5%). District-level aggregate only.
1005,Vasant Vihar to Vasant Kunj,South West,midpoint/locality administrative mapping,high,28.5488,77.159,2200,176,secondary,True,2292958,5459,4743,206.8507,150.8483,258.4696,188.4349,-1.2286,8.9431,55,35,452,1117.0845,5273.2163,5273.2163,6542.012,4685.3807,4302.124,79.0,False,False,False,True,True,True,True,2,Late Night,1,1,0,0,0,452.0,90.4,True,1,1.0,0.0,44.1242,40.0,0.0,40.0,0.0,Moderate,crime_grounded_district_temporal_index,True,Severity-weighted NCRB 2021-2023 district crime burden (60%) + criminological temporal multiplier by time-of-day period (40%) + weekend adjustment (5%). District-level aggregate only.
1005,Vasant Vihar to Vasant Kunj,South West,midpoint/locality administrative mapping,high,28.5488,77.159,2200,176,secondary,True,2292958,5459,4743,206.8507,150.8483,258.4696,188.4349,-1.2286,8.9431,55,35,452,1117.0845,5273.2163,5273.2163,6542.012,4685.3807,4302.124,79.0,False,False,False,True,True,True,True,2,Late Night,1,1,0,1,0,452.0,90.4,True,1,1.0,0.0,44.1242,45.0,0.0,40.0,5.0,Moderate,crime_grounded_district_temporal_index,True,Severity-weighted NCRB 2021-2023 district crime burden (60%) + criminological temporal multiplier by time-of-day period (40%) + weekend adjustment (5%). District-level aggregate only.
1006,Vasant Kunj to Saket,South West,midpoint/locality administrative mapping,medium,28.5307,77.181,5400,432,secondary,True,2292958,5459,4743,206.8507,150.8483,258.4696,188.4349,-1.2286,8.9431,48,49,145,1532.0891,3054.1673,3054.1673,5881.2832,2856.7985,1532.0891,79.0,False,False,False,True,True,True,True,8,Morning,0,0,0,0,1,145.0,94.25,True,0,0.5,0.0,44.1242,12.0,0.0,12.0,0.0,Low,crime_grounded_district_temporal_index,True,Severity-weighted NCRB 2021-2023 district crime burden (60%) + criminological temporal multiplier by time-of-day period (40%) + weekend adjustment (5%). District-level aggregate only.
1006,Vasant Kunj to Saket,South West,midpoint/locality administrative mapping,medium,28.5307,77.181,5400,432,secondary,True,2292958,5459,4743,206.8507,150.8483,258.4696,188.4349,-1.2286,8.9431,48,49,145,1532.0891,3054.1673,3054.1673,5881.2832,2856.7985,1532.0891,79.0,False,False,False,True,True,True,True,8,Morning,0,0,0,1,1,145.0,94.25,True,0,0.5,0.0,44.1242,17.0,0.0,12.0,5.0,Low,crime_grounded_district_temporal_index,True,Severity-weighted NCRB 2021-2023 district crime burden (60%) + criminological temporal multiplier by time-of-day period (40%) + weekend adjustment (5%). District-level aggregate only.
1006,Vasant Kunj to Saket,South West,midpoint/locality administrative mapping,medium,28.5307,77.181,5400,432,secondary,True,2292958,5459,4743,206.8507,150.8483,258.4696,188.4349,-1.2286,8.9431,48,49,145,1532.0891,3054.1673,3054.1673,5881.2832,2856.7985,1532.0891,79.0,False,False,False,True,True,True,True,13,Day,0,0,0,0,0,145.0,79.75,True,0,0.5,0.0,44.1242,8.0,0.0,8.0,0.0,Low,crime_grounded_district_temporal_index,True,Severity-weighted NCRB 2021-2023 district crime burden (60%) + criminological temporal multiplier by time-of-day period (40%) + weekend adjustment (5%). District-level aggregate only.
1006,Vasant Kunj to Saket,South West,midpoint/locality administrative mapping,medium,28.5307,77.181,5400,432,secondary,True,2292958,5459,4743,206.8507,150.8483,258.4696,188.4349,-1.2286,8.9431,48,49,145,1532.0891,3054.1673,3054.1673,5881.2832,2856.7985,1532.0891,79.0,False,False,False,True,True,True,True,13,Day,0,0,0,1,0,145.0,79.75,True,0,0.5,0.0,44.1242,13.0,0.0,8.0,5.0,Low,crime_grounded_district_temporal_index,True,Severity-weighted NCRB 2021-2023 district crime burden (60%) + criminological temporal multiplier by time-of-day period (40%) + weekend adjustment (5%). District-level aggregate only.
1006,Vasant Kunj to Saket,South West,midpoint/locality administrative mapping,medium,28.5307,77.181,5400,432,secondary,True,2292958,5459,4743,206.8507,150.8483,258.4696,188.4349,-1.2286,8.9431,48,49,145,1532.0891,3054.1673,3054.1673,5881.2832,2856.7985,1532.0891,79.0,False,False,False,True,True,True,True,19,Evening,0,0,1,0,1,145.0,145.0,True,0,0.5,0.0,44.1242,20.0,0.0,20.0,0.0,Low,crime_grounded_district_temporal_index,True,Severity-weighted NCRB 2021-2023 district crime burden (60%) + criminological temporal multiplier by time-of-day period (40%) + weekend adjustment (5%). District-level aggregate only.
1006,Vasant Kunj to Saket,South West,midpoint/locality administrative mapping,medium,28.5307,77.181,5400,432,secondary,True,2292958,5459,4743,206.8507,150.8483,258.4696,188.4349,-1.2286,8.9431,48,49,145,1532.0891,3054.1673,3054.1673,5881.2832,2856.7985,1532.0891,79.0,False,False,False,True,True,True,True,19,Evening,0,0,1,1,1,145.0,145.0,True,0,0.5,0.0,44.1242,25.0,0.0,20.0,5.0,Low,crime_grounded_district_temporal_index,True,Severity-weighted NCRB 2021-2023 district crime burden (60%) + criminological temporal multiplier by time-of-day period (40%) + weekend adjustment (5%). District-level aggregate only.
1006,Vasant Kunj to Saket,South West,midpoint/locality administrative mapping,medium,28.5307,77.181,5400,432,secondary,True,2292958,5459,4743,206.8507,150.8483,258.4696,188.4349,-1.2286,8.9431,48,49,145,1532.0891,3054.1673,3054.1673,5881.2832,2856.7985,1532.0891,79.0,False,False,False,True,True,True,True,23,Night,1,0,0,0,0,145.0,50.75,True,1,1.0,0.0,44.1242,32.0,0.0,32.0,0.0,Low,crime_grounded_district_temporal_index,True,Severity-weighted NCRB 2021-2023 district crime burden (60%) + criminological temporal multiplier by time-of-day period (40%) + weekend adjustment (5%). District-level aggregate only.
1006,Vasant Kunj to Saket,South West,midpoint/locality administrative mapping,medium,28.5307,77.181,5400,432,secondary,True,2292958,5459,4743,206.8507,150.8483,258.4696,188.4349,-1.2286,8.9431,48,49,145,1532.0891,3054.1673,3054.1673,5881.2832,2856.7985,1532.0891,79.0,False,False,False,True,True,True,True,23,Night,1,0,0,1,0,145.0,50.75,True,1,1.0,0.0,44.1242,37.0,0.0,32.0,5.0,Moderate,crime_grounded_district_temporal_index,True,Severity-weighted NCRB 2021-2023 district crime burden (60%) + criminological temporal multiplier by time-of-day period (40%) + weekend adjustment (5%). District-level aggregate only.
1006,Vasant Kunj to Saket,South West,midpoint/locality administrative mapping,medium,28.5307,77.181,5400,432,secondary,True,2292958,5459,4743,206.8507,150.8483,258.4696,188.4349,-1.2286,8.9431,48,49,145,1532.0891,3054.1673,3054.1673,5881.2832,2856.7985,1532.0891,79.0,False,False,False,True,True,True,True,2,Late Night,1,1,0,0,0,145.0,29.0,True,1,1.0,0.0,44.1242,40.0,0.0,40.0,0.0,Moderate,crime_grounded_district_temporal_index,True,Severity-weighted NCRB 2021-2023 district crime burden (60%) + criminological temporal multiplier by time-of-day period (40%) + weekend adjustment (5%). District-level aggregate only.
1006,Vasant Kunj to Saket,South West,midpoint/locality administrative mapping,medium,28.5307,77.181,5400,432,secondary,True,2292958,5459,4743,206.8507,150.8483,258.4696,188.4349,-1.2286,8.9431,48,49,145,1532.0891,3054.1673,3054.1673,5881.2832,2856.7985,1532.0891,79.0,False,False,False,True,True,True,True,2,Late Night,1,1,0,1,0,145.0,29.0,True,1,1.0,0.0,44.1242,45.0,0.0,40.0,5.0,Moderate,crime_grounded_district_temporal_index,True,Severity-weighted NCRB 2021-2023 district crime burden (60%) + criminological temporal multiplier by time-of-day period (40%) + weekend adjustment (5%). District-level aggregate only.
1007,Saket to Malviya Nagar,South,midpoint/locality administrative mapping,high,28.5252,77.2085,800,64,residential,True,2731929,10928,7007,256.4854,186.8887,320.1877,233.2536,-6.5429,10.8279,62,46,883,386.5957,426.997,426.997,5119.2729,2011.0219,2494.8061,79.0,True,True,False,True,True,True,True,8,Morning,0,0,0,0,1,883.0,573.95,True,0,0.5,0.0919,54.3206,17.5162,5.5162,12.0,0.0,Low,crime_grounded_district_temporal_index,True,Severity-weighted NCRB 2021-2023 district crime burden (60%) + criminological temporal multiplier by time-of-day period (40%) + weekend adjustment (5%). District-level aggregate only.
1007,Saket to Malviya Nagar,South,midpoint/locality administrative mapping,high,28.5252,77.2085,800,64,residential,True,2731929,10928,7007,256.4854,186.8887,320.1877,233.2536,-6.5429,10.8279,62,46,883,386.5957,426.997,426.997,5119.2729,2011.0219,2494.8061,79.0,True,True,False,True,True,True,True,8,Morning,0,0,0,1,1,883.0,573.95,True,0,0.5,0.0919,54.3206,22.5162,5.5162,12.0,5.0,Low,crime_grounded_district_temporal_index,True,Severity-weighted NCRB 2021-2023 district crime burden (60%) + criminological temporal multiplier by time-of-day period (40%) + weekend adjustment (5%). District-level aggregate only.
1007,Saket to Malviya Nagar,South,midpoint/locality administrative mapping,high,28.5252,77.2085,800,64,residential,True,2731929,10928,7007,256.4854,186.8887,320.1877,233.2536,-6.5429,10.8279,62,46,883,386.5957,426.997,426.997,5119.2729,2011.0219,2494.8061,79.0,True,True,False,True,True,True,True,13,Day,0,0,0,0,0,883.0,485.65,True,0,0.5,0.0919,54.3206,13.5162,5.5162,8.0,0.0,Low,crime_grounded_district_temporal_index,True,Severity-weighted NCRB 2021-2023 district crime burden (60%) + criminological temporal multiplier by time-of-day period (40%) + weekend adjustment (5%). District-level aggregate only.
1007,Saket to Malviya Nagar,South,midpoint/locality administrative mapping,high,28.5252,77.2085,800,64,residential,True,2731929,10928,7007,256.4854,186.8887,320.1877,233.2536,-6.5429,10.8279,62,46,883,386.5957,426.997,426.997,5119.2729,2011.0219,2494.8061,79.0,True,True,False,True,True,True,True,13,Day,0,0,0,1,0,883.0,485.65,True,0,0.5,0.0919,54.3206,18.5162,5.5162,8.0,5.0,Low,crime_grounded_district_temporal_index,True,Severity-weighted NCRB 2021-2023 district crime burden (60%) + criminological temporal multiplier by time-of-day period (40%) + weekend adjustment (5%). District-level aggregate only.
1007,Saket to Malviya Nagar,South,midpoint/locality administrative mapping,high,28.5252,77.2085,800,64,residential,True,2731929,10928,7007,256.4854,186.8887,320.1877,233.2536,-6.5429,10.8279,62,46,883,386.5957,426.997,426.997,5119.2729,2011.0219,2494.8061,79.0,True,True,False,True,True,True,True,19,Evening,0,0,1,0,1,883.0,883.0,True,0,0.5,0.0919,54.3206,25.5162,5.5162,20.0,0.0,Low,crime_grounded_district_temporal_index,True,Severity-weighted NCRB 2021-2023 district crime burden (60%) + criminological temporal multiplier by time-of-day period (40%) + weekend adjustment (5%). District-level aggregate only.
1007,Saket to Malviya Nagar,South,midpoint/locality administrative mapping,high,28.5252,77.2085,800,64,residential,True,2731929,10928,7007,256.4854,186.8887,320.1877,233.2536,-6.5429,10.8279,62,46,883,386.5957,426.997,426.997,5119.2729,2011.0219,2494.8061,79.0,True,True,False,True,True,True,True,19,Evening,0,0,1,1,1,883.0,883.0,True,0,0.5,0.0919,54.3206,30.5162,5.5162,20.0,5.0,Low,crime_grounded_district_temporal_index,True,Severity-weighted NCRB 2021-2023 district crime burden (60%) + criminological temporal multiplier by time-of-day period (40%) + weekend adjustment (5%). District-level aggregate only.
1007,Saket to Malviya Nagar,South,midpoint/locality administrative mapping,high,28.5252,77.2085,800,64,residential,True,2731929,10928,7007,256.4854,186.8887,320.1877,233.2536,-6.5429,10.8279,62,46,883,386.5957,426.997,426.997,5119.2729,2011.0219,2494.8061,79.0,True,True,False,True,True,True,True,23,Night,1,0,0,0,0,883.0,309.05,True,1,1.0,0.0919,54.3206,37.5162,5.5162,32.0,0.0,Moderate,crime_grounded_district_temporal_index,True,Severity-weighted NCRB 2021-2023 district crime burden (60%) + criminological temporal multiplier by time-of-day period (40%) + weekend adjustment (5%). District-level aggregate only.
1007,Saket to Malviya Nagar,South,midpoint/locality administrative mapping,high,28.5252,77.2085,800,64,residential,True,2731929,10928,7007,256.4854,186.8887,320.1877,233.2536,-6.5429,10.8279,62,46,883,386.5957,426.997,426.997,5119.2729,2011.0219,2494.8061,79.0,True,True,False,True,True,True,True,23,Night,1,0,0,1,0,883.0,309.05,True,1,1.0,0.0919,54.3206,42.5162,5.5162,32.0,5.0,Moderate,crime_grounded_district_temporal_index,True,Severity-weighted NCRB 2021-2023 district crime burden (60%) + criminological temporal multiplier by time-of-day period (40%) + weekend adjustment (5%). District-level aggregate only.
1007,Saket to Malviya Nagar,South,midpoint/locality administrative mapping,high,28.5252,77.2085,800,64,residential,True,2731929,10928,7007,256.4854,186.8887,320.1877,233.2536,-6.5429,10.8279,62,46,883,386.5957,426.997,426.997,5119.2729,2011.0219,2494.8061,79.0,True,True,False,True,True,True,True,2,Late Night,1,1,0,0,0,883.0,176.6,True,1,1.0,0.0919,54.3206,45.5162,5.5162,40.0,0.0,Moderate,crime_grounded_district_temporal_index,True,Severity-weighted NCRB 2021-2023 district crime burden (60%) + criminological temporal multiplier by time-of-day period (40%) + weekend adjustment (5%). District-level aggregate only.
1007,Saket to Malviya Nagar,South,midpoint/locality administrative mapping,high,28.5252,77.2085,800,64,residential,True,2731929,10928,7007,256.4854,186.8887,320.1877,233.2536,-6.5429,10.8279,62,46,883,386.5957,426.997,426.997,5119.2729,2011.0219,2494.8061,79.0,True,True,False,True,True,True,True,2,Late Night,1,1,0,1,0,883.0,176.6,True,1,1.0,0.0919,54.3206,50.5162,5.5162,40.0,5.0,Moderate,crime_grounded_district_temporal_index,True,Severity-weighted NCRB 2021-2023 district crime burden (60%) + criminological temporal multiplier by time-of-day period (40%) + weekend adjustment (5%). District-level aggregate only.
1008,Malviya Nagar to Hauz Khas,South,midpoint/locality administrative mapping,high,28.5388,77.2053,2600,208,secondary,True,2731929,10928,7007,256.4854,186.8887,320.1877,233.2536,-6.5429,10.8279,51,18,408,1283.4518,1416.7544,1410.957,3792.8373,503.1036,3131.2878,79.0,False,True,False,True,True,True,True,8,Morning,0,0,0,0,1,408.0,265.2,True,0,0.5,0.0919,54.3206,17.5162,5.5162,12.0,0.0,Low,crime_grounded_district_temporal_index,True,Severity-weighted NCRB 2021-2023 district crime burden (60%) + criminological temporal multiplier by time-of-day period (40%) + weekend adjustment (5%). District-level aggregate only.
1008,Malviya Nagar to Hauz Khas,South,midpoint/locality administrative mapping,high,28.5388,77.2053,2600,208,secondary,True,2731929,10928,7007,256.4854,186.8887,320.1877,233.2536,-6.5429,10.8279,51,18,408,1283.4518,1416.7544,1410.957,3792.8373,503.1036,3131.2878,79.0,False,True,False,True,True,True,True,8,Morning,0,0,0,1,1,408.0,265.2,True,0,0.5,0.0919,54.3206,22.5162,5.5162,12.0,5.0,Low,crime_grounded_district_temporal_index,True,Severity-weighted NCRB 2021-2023 district crime burden (60%) + criminological temporal multiplier by time-of-day period (40%) + weekend adjustment (5%). District-level aggregate only.
1008,Malviya Nagar to Hauz Khas,South,midpoint/locality administrative mapping,high,28.5388,77.2053,2600,208,secondary,True,2731929,10928,7007,256.4854,186.8887,320.1877,233.2536,-6.5429,10.8279,51,18,408,1283.4518,1416.7544,1410.957,3792.8373,503.1036,3131.2878,79.0,False,True,False,True,True,True,True,13,Day,0,0,0,0,0,408.0,224.4,True,0,0.5,0.0919,54.3206,13.5162,5.5162,8.0,0.0,Low,crime_grounded_district_temporal_index,True,Severity-weighted NCRB 2021-2023 district crime burden (60%) + criminological temporal multiplier by time-of-day period (40%) + weekend adjustment (5%). District-level aggregate only.
1008,Malviya Nagar to Hauz Khas,South,midpoint/locality administrative mapping,high,28.5388,77.2053,2600,208,secondary,True,2731929,10928,7007,256.4854,186.8887,320.1877,233.2536,-6.5429,10.8279,51,18,408,1283.4518,1416.7544,1410.957,3792.8373,503.1036,3131.2878,79.0,False,True,False,True,True,True,True,13,Day,0,0,0,1,0,408.0,224.4,True,0,0.5,0.0919,54.3206,18.5162,5.5162,8.0,5.0,Low,crime_grounded_district_temporal_index,True,Severity-weighted NCRB 2021-2023 district crime burden (60%) + criminological temporal multiplier by time-of-day period (40%) + weekend adjustment (5%). District-level aggregate only.
1008,Malviya Nagar to Hauz Khas,South,midpoint/locality administrative mapping,high,28.5388,77.2053,2600,208,secondary,True,2731929,10928,7007,256.4854,186.8887,320.1877,233.2536,-6.5429,10.8279,51,18,408,1283.4518,1416.7544,1410.957,3792.8373,503.1036,3131.2878,79.0,False,True,False,True,True,True,True,19,Evening,0,0,1,0,1,408.0,408.0,True,0,0.5,0.0919,54.3206,25.5162,5.5162,20.0,0.0,Low,crime_grounded_district_temporal_index,True,Severity-weighted NCRB 2021-2023 district crime burden (60%) + criminological temporal multiplier by time-of-day period (40%) + weekend adjustment (5%). District-level aggregate only.
1008,Malviya Nagar to Hauz Khas,South,midpoint/locality administrative mapping,high,28.5388,77.2053,2600,208,secondary,True,2731929,10928,7007,256.4854,186.8887,320.1877,233.2536,-6.5429,10.8279,51,18,408,1283.4518,1416.7544,1410.957,3792.8373,503.1036,3131.2878,79.0,False,True,False,True,True,True,True,19,Evening,0,0,1,1,1,408.0,408.0,True,0,0.5,0.0919,54.3206,30.5162,5.5162,20.0,5.0,Low,crime_grounded_district_temporal_index,True,Severity-weighted NCRB 2021-2023 district crime burden (60%) + criminological temporal multiplier by time-of-day period (40%) + weekend adjustment (5%). District-level aggregate only.
1008,Malviya Nagar to Hauz Khas,South,midpoint/locality administrative mapping,high,28.5388,77.2053,2600,208,secondary,True,2731929,10928,7007,256.4854,186.8887,320.1877,233.2536,-6.5429,10.8279,51,18,408,1283.4518,1416.7544,1410.957,3792.8373,503.1036,3131.2878,79.0,False,True,False,True,True,True,True,23,Night,1,0,0,0,0,408.0,142.8,True,1,1.0,0.0919,54.3206,37.5162,5.5162,32.0,0.0,Moderate,crime_grounded_district_temporal_index,True,Severity-weighted NCRB 2021-2023 district crime burden (60%) + criminological temporal multiplier by time-of-day period (40%) + weekend adjustment (5%). District-level aggregate only.
1008,Malviya Nagar to Hauz Khas,South,midpoint/locality administrative mapping,high,28.5388,77.2053,2600,208,secondary,True,2731929,10928,7007,256.4854,186.8887,320.1877,233.2536,-6.5429,10.8279,51,18,408,1283.4518,1416.7544,1410.957,3792.8373,503.1036,3131.2878,79.0,False,True,False,True,True,True,True,23,Night,1,0,0,1,0,408.0,142.8,True,1,1.0,0.0919,54.3206,42.5162,5.5162,32.0,5.0,Moderate,crime_grounded_district_temporal_index,True,Severity-weighted NCRB 2021-2023 district crime burden (60%) + criminological temporal multiplier by time-of-day period (40%) + weekend adjustment (5%). District-level aggregate only.
1008,Malviya Nagar to Hauz Khas,South,midpoint/locality administrative mapping,high,28.5388,77.2053,2600,208,secondary,True,2731929,10928,7007,256.4854,186.8887,320.1877,233.2536,-6.5429,10.8279,51,18,408,1283.4518,1416.7544,1410.957,3792.8373,503.1036,3131.2878,79.0,False,True,False,True,True,True,True,2,Late Night,1,1,0,0,0,408.0,81.6,True,1,1.0,0.0919,54.3206,45.5162,5.5162,40.0,0.0,Moderate,crime_grounded_district_temporal_index,True,Severity-weighted NCRB 2021-2023 district crime burden (60%) + criminological temporal multiplier by time-of-day period (40%) + weekend adjustment (5%). District-level aggregate only.
1008,Malviya Nagar to Hauz Khas,South,midpoint/locality administrative mapping,high,28.5388,77.2053,2600,208,secondary,True,2731929,10928,7007,256.4854,186.8887,320.1877,233.2536,-6.5429,10.8279,51,18,408,1283.4518,1416.7544,1410.957,3792.8373,503.1036,3131.2878,79.0,False,True,False,True,True,True,True,2,Late Night,1,1,0,1,0,408.0,81.6,True,1,1.0,0.0919,54.3206,50.5162,5.5162,40.0,5.0,Moderate,crime_grounded_district_temporal_index,True,Severity-weighted NCRB 2021-2023 district crime burden (60%) + criminological temporal multiplier by time-of-day period (40%) + weekend adjustment (5%). District-level aggregate only.
1009,Hauz Khas to AIIMS Ring Road,South,midpoint/locality administrative mapping,high,28.5583,77.205,2100,168,primary,True,2731929,10928,7007,256.4854,186.8887,320.1877,233.2536,-6.5429,10.8279,79,67,4023,1101.4161,1101.3982,1040.2861,2053.3091,1149.6056,4977.4536,79.0,False,True,False,True,True,True,True,8,Morning,0,0,0,0,1,4023.0,2614.95,True,0,0.5,0.0919,54.3206,17.5162,5.5162,12.0,0.0,Low,crime_grounded_district_temporal_index,True,Severity-weighted NCRB 2021-2023 district crime burden (60%) + criminological temporal multiplier by time-of-day period (40%) + weekend adjustment (5%). District-level aggregate only.
1009,Hauz Khas to AIIMS Ring Road,South,midpoint/locality administrative mapping,high,28.5583,77.205,2100,168,primary,True,2731929,10928,7007,256.4854,186.8887,320.1877,233.2536,-6.5429,10.8279,79,67,4023,1101.4161,1101.3982,1040.2861,2053.3091,1149.6056,4977.4536,79.0,False,True,False,True,True,True,True,8,Morning,0,0,0,1,1,4023.0,2614.95,True,0,0.5,0.0919,54.3206,22.5162,5.5162,12.0,5.0,Low,crime_grounded_district_temporal_index,True,Severity-weighted NCRB 2021-2023 district crime burden (60%) + criminological temporal multiplier by time-of-day period (40%) + weekend adjustment (5%). District-level aggregate only.
1009,Hauz Khas to AIIMS Ring Road,South,midpoint/locality administrative mapping,high,28.5583,77.205,2100,168,primary,True,2731929,10928,7007,256.4854,186.8887,320.1877,233.2536,-6.5429,10.8279,79,67,4023,1101.4161,1101.3982,1040.2861,2053.3091,1149.6056,4977.4536,79.0,False,True,False,True,True,True,True,13,Day,0,0,0,0,0,4023.0,2212.65,True,0,0.5,0.0919,54.3206,13.5162,5.5162,8.0,0.0,Low,crime_grounded_district_temporal_index,True,Severity-weighted NCRB 2021-2023 district crime burden (60%) + criminological temporal multiplier by time-of-day period (40%) + weekend adjustment (5%). District-level aggregate only.
1009,Hauz Khas to AIIMS Ring Road,South,midpoint/locality administrative mapping,high,28.5583,77.205,2100,168,primary,True,2731929,10928,7007,256.4854,186.8887,320.1877,233.2536,-6.5429,10.8279,79,67,4023,1101.4161,1101.3982,1040.2861,2053.3091,1149.6056,4977.4536,79.0,False,True,False,True,True,True,True,13,Day,0,0,0,1,0,4023.0,2212.65,True,0,0.5,0.0919,54.3206,18.5162,5.5162,8.0,5.0,Low,crime_grounded_district_temporal_index,True,Severity-weighted NCRB 2021-2023 district crime burden (60%) + criminological temporal multiplier by time-of-day period (40%) + weekend adjustment (5%). District-level aggregate only.
1009,Hauz Khas to AIIMS Ring Road,South,midpoint/locality administrative mapping,high,28.5583,77.205,2100,168,primary,True,2731929,10928,7007,256.4854,186.8887,320.1877,233.2536,-6.5429,10.8279,79,67,4023,1101.4161,1101.3982,1040.2861,2053.3091,1149.6056,4977.4536,79.0,False,True,False,True,True,True,True,19,Evening,0,0,1,0,1,4023.0,4023.0,True,0,0.5,0.0919,54.3206,25.5162,5.5162,20.0,0.0,Low,crime_grounded_district_temporal_index,True,Severity-weighted NCRB 2021-2023 district crime burden (60%) + criminological temporal multiplier by time-of-day period (40%) + weekend adjustment (5%). District-level aggregate only.
1009,Hauz Khas to AIIMS Ring Road,South,midpoint/locality administrative mapping,high,28.5583,77.205,2100,168,primary,True,2731929,10928,7007,256.4854,186.8887,320.1877,233.2536,-6.5429,10.8279,79,67,4023,1101.4161,1101.3982,1040.2861,2053.3091,1149.6056,4977.4536,79.0,False,True,False,True,True,True,True,19,Evening,0,0,1,1,1,4023.0,4023.0,True,0,0.5,0.0919,54.3206,30.5162,5.5162,20.0,5.0,Low,crime_grounded_district_temporal_index,True,Severity-weighted NCRB 2021-2023 district crime burden (60%) + criminological temporal multiplier by time-of-day period (40%) + weekend adjustment (5%). District-level aggregate only.
1009,Hauz Khas to AIIMS Ring Road,South,midpoint/locality administrative mapping,high,28.5583,77.205,2100,168,primary,True,2731929,10928,7007,256.4854,186.8887,320.1877,233.2536,-6.5429,10.8279,79,67,4023,1101.4161,1101.3982,1040.2861,2053.3091,1149.6056,4977.4536,79.0,False,True,False,True,True,True,True,23,Night,1,0,0,0,0,4023.0,1408.05,True,1,1.0,0.0919,54.3206,37.5162,5.5162,32.0,0.0,Moderate,crime_grounded_district_temporal_index,True,Severity-weighted NCRB 2021-2023 district crime burden (60%) + criminological temporal multiplier by time-of-day period (40%) + weekend adjustment (5%). District-level aggregate only.
1009,Hauz Khas to AIIMS Ring Road,South,midpoint/locality administrative mapping,high,28.5583,77.205,2100,168,primary,True,2731929,10928,7007,256.4854,186.8887,320.1877,233.2536,-6.5429,10.8279,79,67,4023,1101.4161,1101.3982,1040.2861,2053.3091,1149.6056,4977.4536,79.0,False,True,False,True,True,True,True,23,Night,1,0,0,1,0,4023.0,1408.05,True,1,1.0,0.0919,54.3206,42.5162,5.5162,32.0,5.0,Moderate,crime_grounded_district_temporal_index,True,Severity-weighted NCRB 2021-2023 district crime burden (60%) + criminological temporal multiplier by time-of-day period (40%) + weekend adjustment (5%). District-level aggregate only.
1009,Hauz Khas to AIIMS Ring Road,South,midpoint/locality administrative mapping,high,28.5583,77.205,2100,168,primary,True,2731929,10928,7007,256.4854,186.8887,320.1877,233.2536,-6.5429,10.8279,79,67,4023,1101.4161,1101.3982,1040.2861,2053.3091,1149.6056,4977.4536,79.0,False,True,False,True,True,True,True,2,Late Night,1,1,0,0,0,4023.0,804.6,True,1,1.0,0.0919,54.3206,45.5162,5.5162,40.0,0.0,Moderate,crime_grounded_district_temporal_index,True,Severity-weighted NCRB 2021-2023 district crime burden (60%) + criminological temporal multiplier by time-of-day period (40%) + weekend adjustment (5%). District-level aggregate only.
1009,Hauz Khas to AIIMS Ring Road,South,midpoint/locality administrative mapping,high,28.5583,77.205,2100,168,primary,True,2731929,10928,7007,256.4854,186.8887,320.1877,233.2536,-6.5429,10.8279,79,67,4023,1101.4161,1101.3982,1040.2861,2053.3091,1149.6056,4977.4536,79.0,False,True,False,True,True,True,True,2,Late Night,1,1,0,1,0,4023.0,804.6,True,1,1.0,0.0919,54.3206,50.5162,5.5162,40.0,5.0,Moderate,crime_grounded_district_temporal_index,True,Severity-weighted NCRB 2021-2023 district crime burden (60%) + criminological temporal multiplier by time-of-day period (40%) + weekend adjustment (5%). District-level aggregate only.
1010,AIIMS to Lajpat Nagar (Ring Road),South East,midpoint/locality administrative mapping,medium,28.5678,77.2261,3200,256,trunk,True,2283000,22382,5845,256.0228,186.9665,319.8292,233.5149,-2.6,16.4164,98,72,2491,1578.569,1578.578,1505.9816,505.6336,505.6336,6100.5126,84.0,False,True,True,True,True,True,True,8,Morning,0,0,0,0,1,2491.0,1619.15,True,0,0.5,0.0975,54.9365,17.8494,5.8494,12.0,0.0,Low,crime_grounded_district_temporal_index,True,Severity-weighted NCRB 2021-2023 district crime burden (60%) + criminological temporal multiplier by time-of-day period (40%) + weekend adjustment (5%). District-level aggregate only.
1010,AIIMS to Lajpat Nagar (Ring Road),South East,midpoint/locality administrative mapping,medium,28.5678,77.2261,3200,256,trunk,True,2283000,22382,5845,256.0228,186.9665,319.8292,233.5149,-2.6,16.4164,98,72,2491,1578.569,1578.578,1505.9816,505.6336,505.6336,6100.5126,84.0,False,True,True,True,True,True,True,8,Morning,0,0,0,1,1,2491.0,1619.15,True,0,0.5,0.0975,54.9365,22.8494,5.8494,12.0,5.0,Low,crime_grounded_district_temporal_index,True,Severity-weighted NCRB 2021-2023 district crime burden (60%) + criminological temporal multiplier by time-of-day period (40%) + weekend adjustment (5%). District-level aggregate only.
1010,AIIMS to Lajpat Nagar (Ring Road),South East,midpoint/locality administrative mapping,medium,28.5678,77.2261,3200,256,trunk,True,2283000,22382,5845,256.0228,186.9665,319.8292,233.5149,-2.6,16.4164,98,72,2491,1578.569,1578.578,1505.9816,505.6336,505.6336,6100.5126,84.0,False,True,True,True,True,True,True,13,Day,0,0,0,0,0,2491.0,1370.05,True,0,0.5,0.0975,54.9365,13.8494,5.8494,8.0,0.0,Low,crime_grounded_district_temporal_index,True,Severity-weighted NCRB 2021-2023 district crime burden (60%) + criminological temporal multiplier by time-of-day period (40%) + weekend adjustment (5%). District-level aggregate only.
1010,AIIMS to Lajpat Nagar (Ring Road),South East,midpoint/locality administrative mapping,medium,28.5678,77.2261,3200,256,trunk,True,2283000,22382,5845,256.0228,186.9665,319.8292,233.5149,-2.6,16.4164,98,72,2491,1578.569,1578.578,1505.9816,505.6336,505.6336,6100.5126,84.0,False,True,True,True,True,True,True,13,Day,0,0,0,1,0,2491.0,1370.05,True,0,0.5,0.0975,54.9365,18.8494,5.8494,8.0,5.0,Low,crime_grounded_district_temporal_index,True,Severity-weighted NCRB 2021-2023 district crime burden (60%) + criminological temporal multiplier by time-of-day period (40%) + weekend adjustment (5%). District-level aggregate only.
1010,AIIMS to Lajpat Nagar (Ring Road),South East,midpoint/locality administrative mapping,medium,28.5678,77.2261,3200,256,trunk,True,2283000,22382,5845,256.0228,186.9665,319.8292,233.5149,-2.6,16.4164,98,72,2491,1578.569,1578.578,1505.9816,505.6336,505.6336,6100.5126,84.0,False,True,True,True,True,True,True,19,Evening,0,0,1,0,1,2491.0,2491.0,True,0,0.5,0.0975,54.9365,25.8494,5.8494,20.0,0.0,Low,crime_grounded_district_temporal_index,True,Severity-weighted NCRB 2021-2023 district crime burden (60%) + criminological temporal multiplier by time-of-day period (40%) + weekend adjustment (5%). District-level aggregate only.
1010,AIIMS to Lajpat Nagar (Ring Road),South East,midpoint/locality administrative mapping,medium,28.5678,77.2261,3200,256,trunk,True,2283000,22382,5845,256.0228,186.9665,319.8292,233.5149,-2.6,16.4164,98,72,2491,1578.569,1578.578,1505.9816,505.6336,505.6336,6100.5126,84.0,False,True,True,True,True,True,True,19,Evening,0,0,1,1,1,2491.0,2491.0,True,0,0.5,0.0975,54.9365,30.8494,5.8494,20.0,5.0,Low,crime_grounded_district_temporal_index,True,Severity-weighted NCRB 2021-2023 district crime burden (60%) + criminological temporal multiplier by time-of-day period (40%) + weekend adjustment (5%). District-level aggregate only.
1010,AIIMS to Lajpat Nagar (Ring Road),South East,midpoint/locality administrative mapping,medium,28.5678,77.2261,3200,256,trunk,True,2283000,22382,5845,256.0228,186.9665,319.8292,233.5149,-2.6,16.4164,98,72,2491,1578.569,1578.578,1505.9816,505.6336,505.6336,6100.5126,84.0,False,True,True,True,True,True,True,23,Night,1,0,0,0,0,2491.0,871.85,True,1,1.0,0.0975,54.9365,37.8494,5.8494,32.0,0.0,Moderate,crime_grounded_district_temporal_index,True,Severity-weighted NCRB 2021-2023 district crime burden (60%) + criminological temporal multiplier by time-of-day period (40%) + weekend adjustment (5%). District-level aggregate only.
1010,AIIMS to Lajpat Nagar (Ring Road),South East,midpoint/locality administrative mapping,medium,28.5678,77.2261,3200,256,trunk,True,2283000,22382,5845,256.0228,186.9665,319.8292,233.5149,-2.6,16.4164,98,72,2491,1578.569,1578.578,1505.9816,505.6336,505.6336,6100.5126,84.0,False,True,True,True,True,True,True,23,Night,1,0,0,1,0,2491.0,871.85,True,1,1.0,0.0975,54.9365,42.8494,5.8494,32.0,5.0,Moderate,crime_grounded_district_temporal_index,True,Severity-weighted NCRB 2021-2023 district crime burden (60%) + criminological temporal multiplier by time-of-day period (40%) + weekend adjustment (5%). District-level aggregate only.
1010,AIIMS to Lajpat Nagar (Ring Road),South East,midpoint/locality administrative mapping,medium,28.5678,77.2261,3200,256,trunk,True,2283000,22382,5845,256.0228,186.9665,319.8292,233.5149,-2.6,16.4164,98,72,2491,1578.569,1578.578,1505.9816,505.6336,505.6336,6100.5126,84.0,False,True,True,True,True,True,True,2,Late Night,1,1,0,0,0,2491.0,498.2,True,1,1.0,0.0975,54.9365,45.8494,5.8494,40.0,0.0,Moderate,crime_grounded_district_temporal_index,True,Severity-weighted NCRB 2021-2023 district crime burden (60%) + criminological temporal multiplier by time-of-day period (40%) + weekend adjustment (5%). District-level aggregate only.
1010,AIIMS to Lajpat Nagar (Ring Road),South East,midpoint/locality administrative mapping,medium,28.5678,77.2261,3200,256,trunk,True,2283000,22382,5845,256.0228,186.9665,319.8292,233.5149,-2.6,16.4164,98,72,2491,1578.569,1578.578,1505.9816,505.6336,505.6336,6100.5126,84.0,False,True,True,True,True,True,True,2,Late Night,1,1,0,1,0,2491.0,498.2,True,1,1.0,0.0975,54.9365,50.8494,5.8494,40.0,5.0,Moderate,crime_grounded_district_temporal_index,True,Severity-weighted NCRB 2021-2023 district crime burden (60%) + criminological temporal multiplier by time-of-day period (40%) + weekend adjustment (5%). District-level aggregate only.
1011,Lajpat Nagar to Kalkaji,South East,midpoint/locality administrative mapping,high,28.5586,77.2506,2700,216,primary,True,2283000,22382,5845,256.0228,186.9665,319.8292,233.5149,-2.6,16.4164,93,60,2683,1350.756,2343.2418,1459.9211,1228.5036,1228.5036,3789.416,84.0,False,False,False,True,True,True,True,8,Morning,0,0,0,0,1,2683.0,1743.95,True,0,0.5,0.0975,54.9365,17.8494,5.8494,12.0,0.0,Low,crime_grounded_district_temporal_index,True,Severity-weighted NCRB 2021-2023 district crime burden (60%) + criminological temporal multiplier by time-of-day period (40%) + weekend adjustment (5%). District-level aggregate only.
1011,Lajpat Nagar to Kalkaji,South East,midpoint/locality administrative mapping,high,28.5586,77.2506,2700,216,primary,True,2283000,22382,5845,256.0228,186.9665,319.8292,233.5149,-2.6,16.4164,93,60,2683,1350.756,2343.2418,1459.9211,1228.5036,1228.5036,3789.416,84.0,False,False,False,True,True,True,True,8,Morning,0,0,0,1,1,2683.0,1743.95,True,0,0.5,0.0975,54.9365,22.8494,5.8494,12.0,5.0,Low,crime_grounded_district_temporal_index,True,Severity-weighted NCRB 2021-2023 district crime burden (60%) + criminological temporal multiplier by time-of-day period (40%) + weekend adjustment (5%). District-level aggregate only.
1011,Lajpat Nagar to Kalkaji,South East,midpoint/locality administrative mapping,high,28.5586,77.2506,2700,216,primary,True,2283000,22382,5845,256.0228,186.9665,319.8292,233.5149,-2.6,16.4164,93,60,2683,1350.756,2343.2418,1459.9211,1228.5036,1228.5036,3789.416,84.0,False,False,False,True,True,True,True,13,Day,0,0,0,0,0,2683.0,1475.65,True,0,0.5,0.0975,54.9365,13.8494,5.8494,8.0,0.0,Low,crime_grounded_district_temporal_index,True,Severity-weighted NCRB 2021-2023 district crime burden (60%) + criminological temporal multiplier by time-of-day period (40%) + weekend adjustment (5%). District-level aggregate only.
1011,Lajpat Nagar to Kalkaji,South East,midpoint/locality administrative mapping,high,28.5586,77.2506,2700,216,primary,True,2283000,22382,5845,256.0228,186.9665,319.8292,233.5149,-2.6,16.4164,93,60,2683,1350.756,2343.2418,1459.9211,1228.5036,1228.5036,3789.416,84.0,False,False,False,True,True,True,True,13,Day,0,0,0,1,0,2683.0,1475.65,True,0,0.5,0.0975,54.9365,18.8494,5.8494,8.0,5.0,Low,crime_grounded_district_temporal_index,True,Severity-weighted NCRB 2021-2023 district crime burden (60%) + criminological temporal multiplier by time-of-day period (40%) + weekend adjustment (5%). District-level aggregate only.
1011,Lajpat Nagar to Kalkaji,South East,midpoint/locality administrative mapping,high,28.5586,77.2506,2700,216,primary,True,2283000,22382,5845,256.0228,186.9665,319.8292,233.5149,-2.6,16.4164,93,60,2683,1350.756,2343.2418,1459.9211,1228.5036,1228.5036,3789.416,84.0,False,False,False,True,True,True,True,19,Evening,0,0,1,0,1,2683.0,2683.0,True,0,0.5,0.0975,54.9365,25.8494,5.8494,20.0,0.0,Low,crime_grounded_district_temporal_index,True,Severity-weighted NCRB 2021-2023 district crime burden (60%) + criminological temporal multiplier by time-of-day period (40%) + weekend adjustment (5%). District-level aggregate only.
1011,Lajpat Nagar to Kalkaji,South East,midpoint/locality administrative mapping,high,28.5586,77.2506,2700,216,primary,True,2283000,22382,5845,256.0228,186.9665,319.8292,233.5149,-2.6,16.4164,93,60,2683,1350.756,2343.2418,1459.9211,1228.5036,1228.5036,3789.416,84.0,False,False,False,True,True,True,True,19,Evening,0,0,1,1,1,2683.0,2683.0,True,0,0.5,0.0975,54.9365,30.8494,5.8494,20.0,5.0,Low,crime_grounded_district_temporal_index,True,Severity-weighted NCRB 2021-2023 district crime burden (60%) + criminological temporal multiplier by time-of-day period (40%) + weekend adjustment (5%). District-level aggregate only.
1011,Lajpat Nagar to Kalkaji,South East,midpoint/locality administrative mapping,high,28.5586,77.2506,2700,216,primary,True,2283000,22382,5845,256.0228,186.9665,319.8292,233.5149,-2.6,16.4164,93,60,2683,1350.756,2343.2418,1459.9211,1228.5036,1228.5036,3789.416,84.0,False,False,False,True,True,True,True,23,Night,1,0,0,0,0,2683.0,939.05,True,1,1.0,0.0975,54.9365,37.8494,5.8494,32.0,0.0,Moderate,crime_grounded_district_temporal_index,True,Severity-weighted NCRB 2021-2023 district crime burden (60%) + criminological temporal multiplier by time-of-day period (40%) + weekend adjustment (5%). District-level aggregate only.
1011,Lajpat Nagar to Kalkaji,South East,midpoint/locality administrative mapping,high,28.5586,77.2506,2700,216,primary,True,2283000,22382,5845,256.0228,186.9665,319.8292,233.5149,-2.6,16.4164,93,60,2683,1350.756,2343.2418,1459.9211,1228.5036,1228.5036,3789.416,84.0,False,False,False,True,True,True,True,23,Night,1,0,0,1,0,2683.0,939.05,True,1,1.0,0.0975,54.9365,42.8494,5.8494,32.0,5.0,Moderate,crime_grounded_district_temporal_index,True,Severity-weighted NCRB 2021-2023 district crime burden (60%) + criminological temporal multiplier by time-of-day period (40%) + weekend adjustment (5%). District-level aggregate only.
1011,Lajpat Nagar to Kalkaji,South East,midpoint/locality administrative mapping,high,28.5586,77.2506,2700,216,primary,True,2283000,22382,5845,256.0228,186.9665,319.8292,233.5149,-2.6,16.4164,93,60,2683,1350.756,2343.2418,1459.9211,1228.5036,1228.5036,3789.416,84.0,False,False,False,True,True,True,True,2,Late Night,1,1,0,0,0,2683.0,536.6,True,1,1.0,0.0975,54.9365,45.8494,5.8494,40.0,0.0,Moderate,crime_grounded_district_temporal_index,True,Severity-weighted NCRB 2021-2023 district crime burden (60%) + criminological temporal multiplier by time-of-day period (40%) + weekend adjustment (5%). District-level aggregate only.
1011,Lajpat Nagar to Kalkaji,South East,midpoint/locality administrative mapping,high,28.5586,77.2506,2700,216,primary,True,2283000,22382,5845,256.0228,186.9665,319.8292,233.5149,-2.6,16.4164,93,60,2683,1350.756,2343.2418,1459.9211,1228.5036,1228.5036,3789.416,84.0,False,False,False,True,True,True,True,2,Late Night,1,1,0,1,0,2683.0,536.6,True,1,1.0,0.0975,54.9365,50.8494,5.8494,40.0,5.0,Moderate,crime_grounded_district_temporal_index,True,Severity-weighted NCRB 2021-2023 district crime burden (60%) + criminological temporal multiplier by time-of-day period (40%) + weekend adjustment (5%). District-level aggregate only.
1012,Kalkaji to Okhla Industrial Area,South East,midpoint/locality administrative mapping,high,28.5394,77.265,2500,200,secondary,True,2283000,22382,5845,256.0228,186.9665,319.8292,233.5149,-2.6,16.4164,61,26,944,1222.4648,1818.8003,1818.8003,3797.0169,3797.0169,1222.492,84.0,False,True,False,True,True,True,True,8,Morning,0,0,0,0,1,944.0,613.6,True,0,0.5,0.0975,54.9365,17.8494,5.8494,12.0,0.0,Low,crime_grounded_district_temporal_index,True,Severity-weighted NCRB 2021-2023 district crime burden (60%) + criminological temporal multiplier by time-of-day period (40%) + weekend adjustment (5%). District-level aggregate only.
1012,Kalkaji to Okhla Industrial Area,South East,midpoint/locality administrative mapping,high,28.5394,77.265,2500,200,secondary,True,2283000,22382,5845,256.0228,186.9665,319.8292,233.5149,-2.6,16.4164,61,26,944,1222.4648,1818.8003,1818.8003,3797.0169,3797.0169,1222.492,84.0,False,True,False,True,True,True,True,8,Morning,0,0,0,1,1,944.0,613.6,True,0,0.5,0.0975,54.9365,22.8494,5.8494,12.0,5.0,Low,crime_grounded_district_temporal_index,True,Severity-weighted NCRB 2021-2023 district crime burden (60%) + criminological temporal multiplier by time-of-day period (40%) + weekend adjustment (5%). District-level aggregate only.
1012,Kalkaji to Okhla Industrial Area,South East,midpoint/locality administrative mapping,high,28.5394,77.265,2500,200,secondary,True,2283000,22382,5845,256.0228,186.9665,319.8292,233.5149,-2.6,16.4164,61,26,944,1222.4648,1818.8003,1818.8003,3797.0169,3797.0169,1222.492,84.0,False,True,False,True,True,True,True,13,Day,0,0,0,0,0,944.0,519.2,True,0,0.5,0.0975,54.9365,13.8494,5.8494,8.0,0.0,Low,crime_grounded_district_temporal_index,True,Severity-weighted NCRB 2021-2023 district crime burden (60%) + criminological temporal multiplier by time-of-day period (40%) + weekend adjustment (5%). District-level aggregate only.
1012,Kalkaji to Okhla Industrial Area,South East,midpoint/locality administrative mapping,high,28.5394,77.265,2500,200,secondary,True,2283000,22382,5845,256.0228,186.9665,319.8292,233.5149,-2.6,16.4164,61,26,944,1222.4648,1818.8003,1818.8003,3797.0169,3797.0169,1222.492,84.0,False,True,False,True,True,True,True,13,Day,0,0,0,1,0,944.0,519.2,True,0,0.5,0.0975,54.9365,18.8494,5.8494,8.0,5.0,Low,crime_grounded_district_temporal_index,True,Severity-weighted NCRB 2021-2023 district crime burden (60%) + criminological temporal multiplier by time-of-day period (40%) + weekend adjustment (5%). District-level aggregate only.
1012,Kalkaji to Okhla Industrial Area,South East,midpoint/locality administrative mapping,high,28.5394,77.265,2500,200,secondary,True,2283000,22382,5845,256.0228,186.9665,319.8292,233.5149,-2.6,16.4164,61,26,944,1222.4648,1818.8003,1818.8003,3797.0169,3797.0169,1222.492,84.0,False,True,False,True,True,True,True,19,Evening,0,0,1,0,1,944.0,944.0,True,0,0.5,0.0975,54.9365,25.8494,5.8494,20.0,0.0,Low,crime_grounded_district_temporal_index,True,Severity-weighted NCRB 2021-2023 district crime burden (60%) + criminological temporal multiplier by time-of-day period (40%) + weekend adjustment (5%). District-level aggregate only.
1012,Kalkaji to Okhla Industrial Area,South East,midpoint/locality administrative mapping,high,28.5394,77.265,2500,200,secondary,True,2283000,22382,5845,256.0228,186.9665,319.8292,233.5149,-2.6,16.4164,61,26,944,1222.4648,1818.8003,1818.8003,3797.0169,3797.0169,1222.492,84.0,False,True,False,True,True,True,True,19,Evening,0,0,1,1,1,944.0,944.0,True,0,0.5,0.0975,54.9365,30.8494,5.8494,20.0,5.0,Low,crime_grounded_district_temporal_index,True,Severity-weighted NCRB 2021-2023 district crime burden (60%) + criminological temporal multiplier by time-of-day period (40%) + weekend adjustment (5%). District-level aggregate only.
1012,Kalkaji to Okhla Industrial Area,South East,midpoint/locality administrative mapping,high,28.5394,77.265,2500,200,secondary,True,2283000,22382,5845,256.0228,186.9665,319.8292,233.5149,-2.6,16.4164,61,26,944,1222.4648,1818.8003,1818.8003,3797.0169,3797.0169,1222.492,84.0,False,True,False,True,True,True,True,23,Night,1,0,0,0,0,944.0,330.4,True,1,1.0,0.0975,54.9365,37.8494,5.8494,32.0,0.0,Moderate,crime_grounded_district_temporal_index,True,Severity-weighted NCRB 2021-2023 district crime burden (60%) + criminological temporal multiplier by time-of-day period (40%) + weekend adjustment (5%). District-level aggregate only.
1012,Kalkaji to Okhla Industrial Area,South East,midpoint/locality administrative mapping,high,28.5394,77.265,2500,200,secondary,True,2283000,22382,5845,256.0228,186.9665,319.8292,233.5149,-2.6,16.4164,61,26,944,1222.4648,1818.8003,1818.8003,3797.0169,3797.0169,1222.492,84.0,False,True,False,True,True,True,True,23,Night,1,0,0,1,0,944.0,330.4,True,1,1.0,0.0975,54.9365,42.8494,5.8494,32.0,5.0,Moderate,crime_grounded_district_temporal_index,True,Severity-weighted NCRB 2021-2023 district crime burden (60%) + criminological temporal multiplier by time-of-day period (40%) + weekend adjustment (5%). District-level aggregate only.
1012,Kalkaji to Okhla Industrial Area,South East,midpoint/locality administrative mapping,high,28.5394,77.265,2500,200,secondary,True,2283000,22382,5845,256.0228,186.9665,319.8292,233.5149,-2.6,16.4164,61,26,944,1222.4648,1818.8003,1818.8003,3797.0169,3797.0169,1222.492,84.0,False,True,False,True,True,True,True,2,Late Night,1,1,0,0,0,944.0,188.8,True,1,1.0,0.0975,54.9365,45.8494,5.8494,40.0,0.0,Moderate,crime_grounded_district_temporal_index,True,Severity-weighted NCRB 2021-2023 district crime burden (60%) + criminological temporal multiplier by time-of-day period (40%) + weekend adjustment (5%). District-level aggregate only.
1012,Kalkaji to Okhla Industrial Area,South East,midpoint/locality administrative mapping,high,28.5394,77.265,2500,200,secondary,True,2283000,22382,5845,256.0228,186.9665,319.8292,233.5149,-2.6,16.4164,61,26,944,1222.4648,1818.8003,1818.8003,3797.0169,3797.0169,1222.492,84.0,False,True,False,True,True,True,True,2,Late Night,1,1,0,1,0,944.0,188.8,True,1,1.0,0.0975,54.9365,50.8494,5.8494,40.0,5.0,Moderate,crime_grounded_district_temporal_index,True,Severity-weighted NCRB 2021-2023 district crime burden (60%) + criminological temporal multiplier by time-of-day period (40%) + weekend adjustment (5%). District-level aggregate only.
1013,AIIMS to RML Hospital (Sri Aurobindo Marg),South West,midpoint/locality administrative mapping,medium,28.5956,77.2062,6400,512,primary,True,2292958,5459,4743,206.8507,150.8483,258.4696,188.4349,-1.2286,8.9431,72,80,2220,1084.6311,2910.3079,2910.3079,2097.5011,2097.5011,5343.9597,88.0,False,False,False,True,True,True,True,8,Morning,0,0,0,0,1,2220.0,1443.0,True,0,0.5,0.0,44.1242,12.0,0.0,12.0,0.0,Low,crime_grounded_district_temporal_index,True,Severity-weighted NCRB 2021-2023 district crime burden (60%) + criminological temporal multiplier by time-of-day period (40%) + weekend adjustment (5%). District-level aggregate only.
1013,AIIMS to RML Hospital (Sri Aurobindo Marg),South West,midpoint/locality administrative mapping,medium,28.5956,77.2062,6400,512,primary,True,2292958,5459,4743,206.8507,150.8483,258.4696,188.4349,-1.2286,8.9431,72,80,2220,1084.6311,2910.3079,2910.3079,2097.5011,2097.5011,5343.9597,88.0,False,False,False,True,True,True,True,8,Morning,0,0,0,1,1,2220.0,1443.0,True,0,0.5,0.0,44.1242,17.0,0.0,12.0,5.0,Low,crime_grounded_district_temporal_index,True,Severity-weighted NCRB 2021-2023 district crime burden (60%) + criminological temporal multiplier by time-of-day period (40%) + weekend adjustment (5%). District-level aggregate only.
1013,AIIMS to RML Hospital (Sri Aurobindo Marg),South West,midpoint/locality administrative mapping,medium,28.5956,77.2062,6400,512,primary,True,2292958,5459,4743,206.8507,150.8483,258.4696,188.4349,-1.2286,8.9431,72,80,2220,1084.6311,2910.3079,2910.3079,2097.5011,2097.5011,5343.9597,88.0,False,False,False,True,True,True,True,13,Day,0,0,0,0,0,2220.0,1221.0,True,0,0.5,0.0,44.1242,8.0,0.0,8.0,0.0,Low,crime_grounded_district_temporal_index,True,Severity-weighted NCRB 2021-2023 district crime burden (60%) + criminological temporal multiplier by time-of-day period (40%) + weekend adjustment (5%). District-level aggregate only.
1013,AIIMS to RML Hospital (Sri Aurobindo Marg),South West,midpoint/locality administrative mapping,medium,28.5956,77.2062,6400,512,primary,True,2292958,5459,4743,206.8507,150.8483,258.4696,188.4349,-1.2286,8.9431,72,80,2220,1084.6311,2910.3079,2910.3079,2097.5011,2097.5011,5343.9597,88.0,False,False,False,True,True,True,True,13,Day,0,0,0,1,0,2220.0,1221.0,True,0,0.5,0.0,44.1242,13.0,0.0,8.0,5.0,Low,crime_grounded_district_temporal_index,True,Severity-weighted NCRB 2021-2023 district crime burden (60%) + criminological temporal multiplier by time-of-day period (40%) + weekend adjustment (5%). District-level aggregate only.
1013,AIIMS to RML Hospital (Sri Aurobindo Marg),South West,midpoint/locality administrative mapping,medium,28.5956,77.2062,6400,512,primary,True,2292958,5459,4743,206.8507,150.8483,258.4696,188.4349,-1.2286,8.9431,72,80,2220,1084.6311,2910.3079,2910.3079,2097.5011,2097.5011,5343.9597,88.0,False,False,False,True,True,True,True,19,Evening,0,0,1,0,1,2220.0,2220.0,True,0,0.5,0.0,44.1242,20.0,0.0,20.0,0.0,Low,crime_grounded_district_temporal_index,True,Severity-weighted NCRB 2021-2023 district crime burden (60%) + criminological temporal multiplier by time-of-day period (40%) + weekend adjustment (5%). District-level aggregate only.
1013,AIIMS to RML Hospital (Sri Aurobindo Marg),South West,midpoint/locality administrative mapping,medium,28.5956,77.2062,6400,512,primary,True,2292958,5459,4743,206.8507,150.8483,258.4696,188.4349,-1.2286,8.9431,72,80,2220,1084.6311,2910.3079,2910.3079,2097.5011,2097.5011,5343.9597,88.0,False,False,False,True,True,True,True,19,Evening,0,0,1,1,1,2220.0,2220.0,True,0,0.5,0.0,44.1242,25.0,0.0,20.0,5.0,Low,crime_grounded_district_temporal_index,True,Severity-weighted NCRB 2021-2023 district crime burden (60%) + criminological temporal multiplier by time-of-day period (40%) + weekend adjustment (5%). District-level aggregate only.
1013,AIIMS to RML Hospital (Sri Aurobindo Marg),South West,midpoint/locality administrative mapping,medium,28.5956,77.2062,6400,512,primary,True,2292958,5459,4743,206.8507,150.8483,258.4696,188.4349,-1.2286,8.9431,72,80,2220,1084.6311,2910.3079,2910.3079,2097.5011,2097.5011,5343.9597,88.0,False,False,False,True,True,True,True,23,Night,1,0,0,0,0,2220.0,777.0,True,1,1.0,0.0,44.1242,32.0,0.0,32.0,0.0,Low,crime_grounded_district_temporal_index,True,Severity-weighted NCRB 2021-2023 district crime burden (60%) + criminological temporal multiplier by time-of-day period (40%) + weekend adjustment (5%). District-level aggregate only.
1013,AIIMS to RML Hospital (Sri Aurobindo Marg),South West,midpoint/locality administrative mapping,medium,28.5956,77.2062,6400,512,primary,True,2292958,5459,4743,206.8507,150.8483,258.4696,188.4349,-1.2286,8.9431,72,80,2220,1084.6311,2910.3079,2910.3079,2097.5011,2097.5011,5343.9597,88.0,False,False,False,True,True,True,True,23,Night,1,0,0,1,0,2220.0,777.0,True,1,1.0,0.0,44.1242,37.0,0.0,32.0,5.0,Moderate,crime_grounded_district_temporal_index,True,Severity-weighted NCRB 2021-2023 district crime burden (60%) + criminological temporal multiplier by time-of-day period (40%) + weekend adjustment (5%). District-level aggregate only.
1013,AIIMS to RML Hospital (Sri Aurobindo Marg),South West,midpoint/locality administrative mapping,medium,28.5956,77.2062,6400,512,primary,True,2292958,5459,4743,206.8507,150.8483,258.4696,188.4349,-1.2286,8.9431,72,80,2220,1084.6311,2910.3079,2910.3079,2097.5011,2097.5011,5343.9597,88.0,False,False,False,True,True,True,True,2,Late Night,1,1,0,0,0,2220.0,444.0,True,1,1.0,0.0,44.1242,40.0,0.0,40.0,0.0,Moderate,crime_grounded_district_temporal_index,True,Severity-weighted NCRB 2021-2023 district crime burden (60%) + criminological temporal multiplier by time-of-day period (40%) + weekend adjustment (5%). District-level aggregate only.
1013,AIIMS to RML Hospital (Sri Aurobindo Marg),South West,midpoint/locality administrative mapping,medium,28.5956,77.2062,6400,512,primary,True,2292958,5459,4743,206.8507,150.8483,258.4696,188.4349,-1.2286,8.9431,72,80,2220,1084.6311,2910.3079,2910.3079,2097.5011,2097.5011,5343.9597,88.0,False,False,False,True,True,True,True,2,Late Night,1,1,0,1,0,2220.0,444.0,True,1,1.0,0.0,44.1242,45.0,0.0,40.0,5.0,Moderate,crime_grounded_district_temporal_index,True,Severity-weighted NCRB 2021-2023 district crime burden (60%) + criminological temporal multiplier by time-of-day period (40%) + weekend adjustment (5%). District-level aggregate only.
1014,RML to Connaught Place,New Delhi,midpoint/locality administrative mapping,high,28.6284,77.211,1900,152,primary,True,142004,4057,951,669.6994,499.8294,836.5257,623.9652,-0.4857,100.0,87,72,2494,478.4809,957.5451,845.195,850.9093,850.9093,1675.0554,88.0,True,True,True,True,True,True,True,8,Morning,0,0,0,0,1,2494.0,1621.1,True,0,0.5,1.0,155.0308,72.0,60.0,12.0,0.0,High,crime_grounded_district_temporal_index,True,Severity-weighted NCRB 2021-2023 district crime burden (60%) + criminological temporal multiplier by time-of-day period (40%) + weekend adjustment (5%). District-level aggregate only.
1014,RML to Connaught Place,New Delhi,midpoint/locality administrative mapping,high,28.6284,77.211,1900,152,primary,True,142004,4057,951,669.6994,499.8294,836.5257,623.9652,-0.4857,100.0,87,72,2494,478.4809,957.5451,845.195,850.9093,850.9093,1675.0554,88.0,True,True,True,True,True,True,True,8,Morning,0,0,0,1,1,2494.0,1621.1,True,0,0.5,1.0,155.0308,77.0,60.0,12.0,5.0,High,crime_grounded_district_temporal_index,True,Severity-weighted NCRB 2021-2023 district crime burden (60%) + criminological temporal multiplier by time-of-day period (40%) + weekend adjustment (5%). District-level aggregate only.
1014,RML to Connaught Place,New Delhi,midpoint/locality administrative mapping,high,28.6284,77.211,1900,152,primary,True,142004,4057,951,669.6994,499.8294,836.5257,623.9652,-0.4857,100.0,87,72,2494,478.4809,957.5451,845.195,850.9093,850.9093,1675.0554,88.0,True,True,True,True,True,True,True,13,Day,0,0,0,0,0,2494.0,1371.7,True,0,0.5,1.0,155.0308,68.0,60.0,8.0,0.0,High,crime_grounded_district_temporal_index,True,Severity-weighted NCRB 2021-2023 district crime burden (60%) + criminological temporal multiplier by time-of-day period (40%) + weekend adjustment (5%). District-level aggregate only.
1014,RML to Connaught Place,New Delhi,midpoint/locality administrative mapping,high,28.6284,77.211,1900,152,primary,True,142004,4057,951,669.6994,499.8294,836.5257,623.9652,-0.4857,100.0,87,72,2494,478.4809,957.5451,845.195,850.9093,850.9093,1675.0554,88.0,True,True,True,True,True,True,True,13,Day,0,0,0,1,0,2494.0,1371.7,True,0,0.5,1.0,155.0308,73.0,60.0,8.0,5.0,High,crime_grounded_district_temporal_index,True,Severity-weighted NCRB 2021-2023 district crime burden (60%) + criminological temporal multiplier by time-of-day period (40%) + weekend adjustment (5%). District-level aggregate only.
1014,RML to Connaught Place,New Delhi,midpoint/locality administrative mapping,high,28.6284,77.211,1900,152,primary,True,142004,4057,951,669.6994,499.8294,836.5257,623.9652,-0.4857,100.0,87,72,2494,478.4809,957.5451,845.195,850.9093,850.9093,1675.0554,88.0,True,True,True,True,True,True,True,19,Evening,0,0,1,0,1,2494.0,2494.0,True,0,0.5,1.0,155.0308,80.0,60.0,20.0,0.0,High,crime_grounded_district_temporal_index,True,Severity-weighted NCRB 2021-2023 district crime burden (60%) + criminological temporal multiplier by time-of-day period (40%) + weekend adjustment (5%). District-level aggregate only.
1014,RML to Connaught Place,New Delhi,midpoint/locality administrative mapping,high,28.6284,77.211,1900,152,primary,True,142004,4057,951,669.6994,499.8294,836.5257,623.9652,-0.4857,100.0,87,72,2494,478.4809,957.5451,845.195,850.9093,850.9093,1675.0554,88.0,True,True,True,True,True,True,True,19,Evening,0,0,1,1,1,2494.0,2494.0,True,0,0.5,1.0,155.0308,85.0,60.0,20.0,5.0,High,crime_grounded_district_temporal_index,True,Severity-weighted NCRB 2021-2023 district crime burden (60%) + criminological temporal multiplier by time-of-day period (40%) + weekend adjustment (5%). District-level aggregate only.
1014,RML to Connaught Place,New Delhi,midpoint/locality administrative mapping,high,28.6284,77.211,1900,152,primary,True,142004,4057,951,669.6994,499.8294,836.5257,623.9652,-0.4857,100.0,87,72,2494,478.4809,957.5451,845.195,850.9093,850.9093,1675.0554,88.0,True,True,True,True,True,True,True,23,Night,1,0,0,0,0,2494.0,872.9,True,1,1.0,1.0,155.0308,92.0,60.0,32.0,0.0,High,crime_grounded_district_temporal_index,True,Severity-weighted NCRB 2021-2023 district crime burden (60%) + criminological temporal multiplier by time-of-day period (40%) + weekend adjustment (5%). District-level aggregate only.
1014,RML to Connaught Place,New Delhi,midpoint/locality administrative mapping,high,28.6284,77.211,1900,152,primary,True,142004,4057,951,669.6994,499.8294,836.5257,623.9652,-0.4857,100.0,87,72,2494,478.4809,957.5451,845.195,850.9093,850.9093,1675.0554,88.0,True,True,True,True,True,True,True,23,Night,1,0,0,1,0,2494.0,872.9,True,1,1.0,1.0,155.0308,97.0,60.0,32.0,5.0,High,crime_grounded_district_temporal_index,True,Severity-weighted NCRB 2021-2023 district crime burden (60%) + criminological temporal multiplier by time-of-day period (40%) + weekend adjustment (5%). District-level aggregate only.
1014,RML to Connaught Place,New Delhi,midpoint/locality administrative mapping,high,28.6284,77.211,1900,152,primary,True,142004,4057,951,669.6994,499.8294,836.5257,623.9652,-0.4857,100.0,87,72,2494,478.4809,957.5451,845.195,850.9093,850.9093,1675.0554,88.0,True,True,True,True,True,True,True,2,Late Night,1,1,0,0,0,2494.0,498.8,True,1,1.0,1.0,155.0308,100.0,60.0,40.0,0.0,High,crime_grounded_district_temporal_index,True,Severity-weighted NCRB 2021-2023 district crime burden (60%) + criminological temporal multiplier by time-of-day period (40%) + weekend adjustment (5%). District-level aggregate only.
1014,RML to Connaught Place,New Delhi,midpoint/locality administrative mapping,high,28.6284,77.211,1900,152,primary,True,142004,4057,951,669.6994,499.8294,836.5257,623.9652,-0.4857,100.0,87,72,2494,478.4809,957.5451,845.195,850.9093,850.9093,1675.0554,88.0,True,True,True,True,True,True,True,2,Late Night,1,1,0,1,0,2494.0,498.8,True,1,1.0,1.0,155.0308,100.0,60.0,40.0,5.0,High,crime_grounded_district_temporal_index,True,Severity-weighted NCRB 2021-2023 district crime burden (60%) + criminological temporal multiplier by time-of-day period (40%) + weekend adjustment (5%). District-level aggregate only.
1015,Connaught Place to Karol Bagh,Central,midpoint/locality administrative mapping,medium,28.6421,77.2048,3300,264,primary,True,582320,23293,2052,352.3836,259.0023,439.8612,323.3808,-2.0571,35.8356,95,51,2192,920.6058,1550.5661,1550.5661,1561.5871,1561.5871,920.6058,88.0,True,True,False,True,True,True,True,8,Morning,0,0,0,0,1,2192.0,1424.8,True,0,0.5,0.3056,78.0198,30.3374,18.3374,12.0,0.0,Low,crime_grounded_district_temporal_index,True,Severity-weighted NCRB 2021-2023 district crime burden (60%) + criminological temporal multiplier by time-of-day period (40%) + weekend adjustment (5%). District-level aggregate only.
1015,Connaught Place to Karol Bagh,Central,midpoint/locality administrative mapping,medium,28.6421,77.2048,3300,264,primary,True,582320,23293,2052,352.3836,259.0023,439.8612,323.3808,-2.0571,35.8356,95,51,2192,920.6058,1550.5661,1550.5661,1561.5871,1561.5871,920.6058,88.0,True,True,False,True,True,True,True,8,Morning,0,0,0,1,1,2192.0,1424.8,True,0,0.5,0.3056,78.0198,35.3374,18.3374,12.0,5.0,Moderate,crime_grounded_district_temporal_index,True,Severity-weighted NCRB 2021-2023 district crime burden (60%) + criminological temporal multiplier by time-of-day period (40%) + weekend adjustment (5%). District-level aggregate only.
1015,Connaught Place to Karol Bagh,Central,midpoint/locality administrative mapping,medium,28.6421,77.2048,3300,264,primary,True,582320,23293,2052,352.3836,259.0023,439.8612,323.3808,-2.0571,35.8356,95,51,2192,920.6058,1550.5661,1550.5661,1561.5871,1561.5871,920.6058,88.0,True,True,False,True,True,True,True,13,Day,0,0,0,0,0,2192.0,1205.6,True,0,0.5,0.3056,78.0198,26.3374,18.3374,8.0,0.0,Low,crime_grounded_district_temporal_index,True,Severity-weighted NCRB 2021-2023 district crime burden (60%) + criminological temporal multiplier by time-of-day period (40%) + weekend adjustment (5%). District-level aggregate only.
1015,Connaught Place to Karol Bagh,Central,midpoint/locality administrative mapping,medium,28.6421,77.2048,3300,264,primary,True,582320,23293,2052,352.3836,259.0023,439.8612,323.3808,-2.0571,35.8356,95,51,2192,920.6058,1550.5661,1550.5661,1561.5871,1561.5871,920.6058,88.0,True,True,False,True,True,True,True,13,Day,0,0,0,1,0,2192.0,1205.6,True,0,0.5,0.3056,78.0198,31.3374,18.3374,8.0,5.0,Low,crime_grounded_district_temporal_index,True,Severity-weighted NCRB 2021-2023 district crime burden (60%) + criminological temporal multiplier by time-of-day period (40%) + weekend adjustment (5%). District-level aggregate only.
1015,Connaught Place to Karol Bagh,Central,midpoint/locality administrative mapping,medium,28.6421,77.2048,3300,264,primary,True,582320,23293,2052,352.3836,259.0023,439.8612,323.3808,-2.0571,35.8356,95,51,2192,920.6058,1550.5661,1550.5661,1561.5871,1561.5871,920.6058,88.0,True,True,False,True,True,True,True,19,Evening,0,0,1,0,1,2192.0,2192.0,True,0,0.5,0.3056,78.0198,38.3374,18.3374,20.0,0.0,Moderate,crime_grounded_district_temporal_index,True,Severity-weighted NCRB 2021-2023 district crime burden (60%) + criminological temporal multiplier by time-of-day period (40%) + weekend adjustment (5%). District-level aggregate only.
1015,Connaught Place to Karol Bagh,Central,midpoint/locality administrative mapping,medium,28.6421,77.2048,3300,264,primary,True,582320,23293,2052,352.3836,259.0023,439.8612,323.3808,-2.0571,35.8356,95,51,2192,920.6058,1550.5661,1550.5661,1561.5871,1561.5871,920.6058,88.0,True,True,False,True,True,True,True,19,Evening,0,0,1,1,1,2192.0,2192.0,True,0,0.5,0.3056,78.0198,43.3374,18.3374,20.0,5.0,Moderate,crime_grounded_district_temporal_index,True,Severity-weighted NCRB 2021-2023 district crime burden (60%) + criminological temporal multiplier by time-of-day period (40%) + weekend adjustment (5%). District-level aggregate only.
1015,Connaught Place to Karol Bagh,Central,midpoint/locality administrative mapping,medium,28.6421,77.2048,3300,264,primary,True,582320,23293,2052,352.3836,259.0023,439.8612,323.3808,-2.0571,35.8356,95,51,2192,920.6058,1550.5661,1550.5661,1561.5871,1561.5871,920.6058,88.0,True,True,False,True,True,True,True,23,Night,1,0,0,0,0,2192.0,767.2,True,1,1.0,0.3056,78.0198,50.3374,18.3374,32.0,0.0,Moderate,crime_grounded_district_temporal_index,True,Severity-weighted NCRB 2021-2023 district crime burden (60%) + criminological temporal multiplier by time-of-day period (40%) + weekend adjustment (5%). District-level aggregate only.
1015,Connaught Place to Karol Bagh,Central,midpoint/locality administrative mapping,medium,28.6421,77.2048,3300,264,primary,True,582320,23293,2052,352.3836,259.0023,439.8612,323.3808,-2.0571,35.8356,95,51,2192,920.6058,1550.5661,1550.5661,1561.5871,1561.5871,920.6058,88.0,True,True,False,True,True,True,True,23,Night,1,0,0,1,0,2192.0,767.2,True,1,1.0,0.3056,78.0198,55.3374,18.3374,32.0,5.0,Moderate,crime_grounded_district_temporal_index,True,Severity-weighted NCRB 2021-2023 district crime burden (60%) + criminological temporal multiplier by time-of-day period (40%) + weekend adjustment (5%). District-level aggregate only.
1015,Connaught Place to Karol Bagh,Central,midpoint/locality administrative mapping,medium,28.6421,77.2048,3300,264,primary,True,582320,23293,2052,352.3836,259.0023,439.8612,323.3808,-2.0571,35.8356,95,51,2192,920.6058,1550.5661,1550.5661,1561.5871,1561.5871,920.6058,88.0,True,True,False,True,True,True,True,2,Late Night,1,1,0,0,0,2192.0,438.4,True,1,1.0,0.3056,78.0198,58.3374,18.3374,40.0,0.0,Moderate,crime_grounded_district_temporal_index,True,Severity-weighted NCRB 2021-2023 district crime burden (60%) + criminological temporal multiplier by time-of-day period (40%) + weekend adjustment (5%). District-level aggregate only.
1015,Connaught Place to Karol Bagh,Central,midpoint/locality administrative mapping,medium,28.6421,77.2048,3300,264,primary,True,582320,23293,2052,352.3836,259.0023,439.8612,323.3808,-2.0571,35.8356,95,51,2192,920.6058,1550.5661,1550.5661,1561.5871,1561.5871,920.6058,88.0,True,True,False,True,True,True,True,2,Late Night,1,1,0,1,0,2192.0,438.4,True,1,1.0,0.3056,78.0198,63.3374,18.3374,40.0,5.0,Moderate,crime_grounded_district_temporal_index,True,Severity-weighted NCRB 2021-2023 district crime burden (60%) + criminological temporal multiplier by time-of-day period (40%) + weekend adjustment (5%). District-level aggregate only.
1016,Karol Bagh to Rajouri Garden,West,midpoint/locality administrative mapping,medium,28.6495,77.1558,7100,568,trunk,True,2543243,19715,6443,253.338,184.668,316.1554,230.4084,-7.5143,8.8522,81,58,2153,3315.8943,2290.3809,2290.3809,3490.7205,3490.7205,5736.9663,88.0,False,False,False,True,True,True,True,8,Morning,0,0,0,0,1,2153.0,1399.45,True,0,0.5,0.0834,53.3708,17.0024,5.0024,12.0,0.0,Low,crime_grounded_district_temporal_index,True,Severity-weighted NCRB 2021-2023 district crime burden (60%) + criminological temporal multiplier by time-of-day period (40%) + weekend adjustment (5%). District-level aggregate only.
1016,Karol Bagh to Rajouri Garden,West,midpoint/locality administrative mapping,medium,28.6495,77.1558,7100,568,trunk,True,2543243,19715,6443,253.338,184.668,316.1554,230.4084,-7.5143,8.8522,81,58,2153,3315.8943,2290.3809,2290.3809,3490.7205,3490.7205,5736.9663,88.0,False,False,False,True,True,True,True,8,Morning,0,0,0,1,1,2153.0,1399.45,True,0,0.5,0.0834,53.3708,22.0024,5.0024,12.0,5.0,Low,crime_grounded_district_temporal_index,True,Severity-weighted NCRB 2021-2023 district crime burden (60%) + criminological temporal multiplier by time-of-day period (40%) + weekend adjustment (5%). District-level aggregate only.
1016,Karol Bagh to Rajouri Garden,West,midpoint/locality administrative mapping,medium,28.6495,77.1558,7100,568,trunk,True,2543243,19715,6443,253.338,184.668,316.1554,230.4084,-7.5143,8.8522,81,58,2153,3315.8943,2290.3809,2290.3809,3490.7205,3490.7205,5736.9663,88.0,False,False,False,True,True,True,True,13,Day,0,0,0,0,0,2153.0,1184.15,True,0,0.5,0.0834,53.3708,13.0024,5.0024,8.0,0.0,Low,crime_grounded_district_temporal_index,True,Severity-weighted NCRB 2021-2023 district crime burden (60%) + criminological temporal multiplier by time-of-day period (40%) + weekend adjustment (5%). District-level aggregate only.
1016,Karol Bagh to Rajouri Garden,West,midpoint/locality administrative mapping,medium,28.6495,77.1558,7100,568,trunk,True,2543243,19715,6443,253.338,184.668,316.1554,230.4084,-7.5143,8.8522,81,58,2153,3315.8943,2290.3809,2290.3809,3490.7205,3490.7205,5736.9663,88.0,False,False,False,True,True,True,True,13,Day,0,0,0,1,0,2153.0,1184.15,True,0,0.5,0.0834,53.3708,18.0024,5.0024,8.0,5.0,Low,crime_grounded_district_temporal_index,True,Severity-weighted NCRB 2021-2023 district crime burden (60%) + criminological temporal multiplier by time-of-day period (40%) + weekend adjustment (5%). District-level aggregate only.
1016,Karol Bagh to Rajouri Garden,West,midpoint/locality administrative mapping,medium,28.6495,77.1558,7100,568,trunk,True,2543243,19715,6443,253.338,184.668,316.1554,230.4084,-7.5143,8.8522,81,58,2153,3315.8943,2290.3809,2290.3809,3490.7205,3490.7205,5736.9663,88.0,False,False,False,True,True,True,True,19,Evening,0,0,1,0,1,2153.0,2153.0,True,0,0.5,0.0834,53.3708,25.0024,5.0024,20.0,0.0,Low,crime_grounded_district_temporal_index,True,Severity-weighted NCRB 2021-2023 district crime burden (60%) + criminological temporal multiplier by time-of-day period (40%) + weekend adjustment (5%). District-level aggregate only.
1016,Karol Bagh to Rajouri Garden,West,midpoint/locality administrative mapping,medium,28.6495,77.1558,7100,568,trunk,True,2543243,19715,6443,253.338,184.668,316.1554,230.4084,-7.5143,8.8522,81,58,2153,3315.8943,2290.3809,2290.3809,3490.7205,3490.7205,5736.9663,88.0,False,False,False,True,True,True,True,19,Evening,0,0,1,1,1,2153.0,2153.0,True,0,0.5,0.0834,53.3708,30.0024,5.0024,20.0,5.0,Low,crime_grounded_district_temporal_index,True,Severity-weighted NCRB 2021-2023 district crime burden (60%) + criminological temporal multiplier by time-of-day period (40%) + weekend adjustment (5%). District-level aggregate only.
1016,Karol Bagh to Rajouri Garden,West,midpoint/locality administrative mapping,medium,28.6495,77.1558,7100,568,trunk,True,2543243,19715,6443,253.338,184.668,316.1554,230.4084,-7.5143,8.8522,81,58,2153,3315.8943,2290.3809,2290.3809,3490.7205,3490.7205,5736.9663,88.0,False,False,False,True,True,True,True,23,Night,1,0,0,0,0,2153.0,753.55,True,1,1.0,0.0834,53.3708,37.0024,5.0024,32.0,0.0,Moderate,crime_grounded_district_temporal_index,True,Severity-weighted NCRB 2021-2023 district crime burden (60%) + criminological temporal multiplier by time-of-day period (40%) + weekend adjustment (5%). District-level aggregate only.
1016,Karol Bagh to Rajouri Garden,West,midpoint/locality administrative mapping,medium,28.6495,77.1558,7100,568,trunk,True,2543243,19715,6443,253.338,184.668,316.1554,230.4084,-7.5143,8.8522,81,58,2153,3315.8943,2290.3809,2290.3809,3490.7205,3490.7205,5736.9663,88.0,False,False,False,True,True,True,True,23,Night,1,0,0,1,0,2153.0,753.55,True,1,1.0,0.0834,53.3708,42.0024,5.0024,32.0,5.0,Moderate,crime_grounded_district_temporal_index,True,Severity-weighted NCRB 2021-2023 district crime burden (60%) + criminological temporal multiplier by time-of-day period (40%) + weekend adjustment (5%). District-level aggregate only.
1016,Karol Bagh to Rajouri Garden,West,midpoint/locality administrative mapping,medium,28.6495,77.1558,7100,568,trunk,True,2543243,19715,6443,253.338,184.668,316.1554,230.4084,-7.5143,8.8522,81,58,2153,3315.8943,2290.3809,2290.3809,3490.7205,3490.7205,5736.9663,88.0,False,False,False,True,True,True,True,2,Late Night,1,1,0,0,0,2153.0,430.6,True,1,1.0,0.0834,53.3708,45.0024,5.0024,40.0,0.0,Moderate,crime_grounded_district_temporal_index,True,Severity-weighted NCRB 2021-2023 district crime burden (60%) + criminological temporal multiplier by time-of-day period (40%) + weekend adjustment (5%). District-level aggregate only.
1016,Karol Bagh to Rajouri Garden,West,midpoint/locality administrative mapping,medium,28.6495,77.1558,7100,568,trunk,True,2543243,19715,6443,253.338,184.668,316.1554,230.4084,-7.5143,8.8522,81,58,2153,3315.8943,2290.3809,2290.3809,3490.7205,3490.7205,5736.9663,88.0,False,False,False,True,True,True,True,2,Late Night,1,1,0,1,0,2153.0,430.6,True,1,1.0,0.0834,53.3708,50.0024,5.0024,40.0,5.0,Moderate,crime_grounded_district_temporal_index,True,Severity-weighted NCRB 2021-2023 district crime burden (60%) + criminological temporal multiplier by time-of-day period (40%) + weekend adjustment (5%). District-level aggregate only.
1017,Rajouri Garden to Janakpuri,West,midpoint/locality administrative mapping,high,28.6344,77.1044,4300,344,primary,True,2543243,19715,6443,253.338,184.668,316.1554,230.4084,-7.5143,8.8522,98,55,2866,824.4189,1102.0439,1102.0439,8718.7119,8718.7119,8086.2856,85.0,True,True,False,True,True,True,True,8,Morning,0,0,0,0,1,2866.0,1862.9,True,0,0.5,0.0834,53.3708,17.0024,5.0024,12.0,0.0,Low,crime_grounded_district_temporal_index,True,Severity-weighted NCRB 2021-2023 district crime burden (60%) + criminological temporal multiplier by time-of-day period (40%) + weekend adjustment (5%). District-level aggregate only.
1017,Rajouri Garden to Janakpuri,West,midpoint/locality administrative mapping,high,28.6344,77.1044,4300,344,primary,True,2543243,19715,6443,253.338,184.668,316.1554,230.4084,-7.5143,8.8522,98,55,2866,824.4189,1102.0439,1102.0439,8718.7119,8718.7119,8086.2856,85.0,True,True,False,True,True,True,True,8,Morning,0,0,0,1,1,2866.0,1862.9,True,0,0.5,0.0834,53.3708,22.0024,5.0024,12.0,5.0,Low,crime_grounded_district_temporal_index,True,Severity-weighted NCRB 2021-2023 district crime burden (60%) + criminological temporal multiplier by time-of-day period (40%) + weekend adjustment (5%). District-level aggregate only.
1017,Rajouri Garden to Janakpuri,West,midpoint/locality administrative mapping,high,28.6344,77.1044,4300,344,primary,True,2543243,19715,6443,253.338,184.668,316.1554,230.4084,-7.5143,8.8522,98,55,2866,824.4189,1102.0439,1102.0439,8718.7119,8718.7119,8086.2856,85.0,True,True,False,True,True,True,True,13,Day,0,0,0,0,0,2866.0,1576.3,True,0,0.5,0.0834,53.3708,13.0024,5.0024,8.0,0.0,Low,crime_grounded_district_temporal_index,True,Severity-weighted NCRB 2021-2023 district crime burden (60%) + criminological temporal multiplier by time-of-day period (40%) + weekend adjustment (5%). District-level aggregate only.
1017,Rajouri Garden to Janakpuri,West,midpoint/locality administrative mapping,high,28.6344,77.1044,4300,344,primary,True,2543243,19715,6443,253.338,184.668,316.1554,230.4084,-7.5143,8.8522,98,55,2866,824.4189,1102.0439,1102.0439,8718.7119,8718.7119,8086.2856,85.0,True,True,False,True,True,True,True,13,Day,0,0,0,1,0,2866.0,1576.3,True,0,0.5,0.0834,53.3708,18.0024,5.0024,8.0,5.0,Low,crime_grounded_district_temporal_index,True,Severity-weighted NCRB 2021-2023 district crime burden (60%) + criminological temporal multiplier by time-of-day period (40%) + weekend adjustment (5%). District-level aggregate only.
1017,Rajouri Garden to Janakpuri,West,midpoint/locality administrative mapping,high,28.6344,77.1044,4300,344,primary,True,2543243,19715,6443,253.338,184.668,316.1554,230.4084,-7.5143,8.8522,98,55,2866,824.4189,1102.0439,1102.0439,8718.7119,8718.7119,8086.2856,85.0,True,True,False,True,True,True,True,19,Evening,0,0,1,0,1,2866.0,2866.0,True,0,0.5,0.0834,53.3708,25.0024,5.0024,20.0,0.0,Low,crime_grounded_district_temporal_index,True,Severity-weighted NCRB 2021-2023 district crime burden (60%) + criminological temporal multiplier by time-of-day period (40%) + weekend adjustment (5%). District-level aggregate only.
1017,Rajouri Garden to Janakpuri,West,midpoint/locality administrative mapping,high,28.6344,77.1044,4300,344,primary,True,2543243,19715,6443,253.338,184.668,316.1554,230.4084,-7.5143,8.8522,98,55,2866,824.4189,1102.0439,1102.0439,8718.7119,8718.7119,8086.2856,85.0,True,True,False,True,True,True,True,19,Evening,0,0,1,1,1,2866.0,2866.0,True,0,0.5,0.0834,53.3708,30.0024,5.0024,20.0,5.0,Low,crime_grounded_district_temporal_index,True,Severity-weighted NCRB 2021-2023 district crime burden (60%) + criminological temporal multiplier by time-of-day period (40%) + weekend adjustment (5%). District-level aggregate only.
1017,Rajouri Garden to Janakpuri,West,midpoint/locality administrative mapping,high,28.6344,77.1044,4300,344,primary,True,2543243,19715,6443,253.338,184.668,316.1554,230.4084,-7.5143,8.8522,98,55,2866,824.4189,1102.0439,1102.0439,8718.7119,8718.7119,8086.2856,85.0,True,True,False,True,True,True,True,23,Night,1,0,0,0,0,2866.0,1003.1,True,1,1.0,0.0834,53.3708,37.0024,5.0024,32.0,0.0,Moderate,crime_grounded_district_temporal_index,True,Severity-weighted NCRB 2021-2023 district crime burden (60%) + criminological temporal multiplier by time-of-day period (40%) + weekend adjustment (5%). District-level aggregate only.
1017,Rajouri Garden to Janakpuri,West,midpoint/locality administrative mapping,high,28.6344,77.1044,4300,344,primary,True,2543243,19715,6443,253.338,184.668,316.1554,230.4084,-7.5143,8.8522,98,55,2866,824.4189,1102.0439,1102.0439,8718.7119,8718.7119,8086.2856,85.0,True,True,False,True,True,True,True,23,Night,1,0,0,1,0,2866.0,1003.1,True,1,1.0,0.0834,53.3708,42.0024,5.0024,32.0,5.0,Moderate,crime_grounded_district_temporal_index,True,Severity-weighted NCRB 2021-2023 district crime burden (60%) + criminological temporal multiplier by time-of-day period (40%) + weekend adjustment (5%). District-level aggregate only.
1017,Rajouri Garden to Janakpuri,West,midpoint/locality administrative mapping,high,28.6344,77.1044,4300,344,primary,True,2543243,19715,6443,253.338,184.668,316.1554,230.4084,-7.5143,8.8522,98,55,2866,824.4189,1102.0439,1102.0439,8718.7119,8718.7119,8086.2856,85.0,True,True,False,True,True,True,True,2,Late Night,1,1,0,0,0,2866.0,573.2,True,1,1.0,0.0834,53.3708,45.0024,5.0024,40.0,0.0,Moderate,crime_grounded_district_temporal_index,True,Severity-weighted NCRB 2021-2023 district crime burden (60%) + criminological temporal multiplier by time-of-day period (40%) + weekend adjustment (5%). District-level aggregate only.
1017,Rajouri Garden to Janakpuri,West,midpoint/locality administrative mapping,high,28.6344,77.1044,4300,344,primary,True,2543243,19715,6443,253.338,184.668,316.1554,230.4084,-7.5143,8.8522,98,55,2866,824.4189,1102.0439,1102.0439,8718.7119,8718.7119,8086.2856,85.0,True,True,False,True,True,True,True,2,Late Night,1,1,0,1,0,2866.0,573.2,True,1,1.0,0.0834,53.3708,50.0024,5.0024,40.0,5.0,Moderate,crime_grounded_district_temporal_index,True,Severity-weighted NCRB 2021-2023 district crime burden (60%) + criminological temporal multiplier by time-of-day period (40%) + weekend adjustment (5%). District-level aggregate only.
1018,Janakpuri to Dwarka Sec 23,South West,midpoint/locality administrative mapping,high,28.5888,77.0709,8100,648,primary,True,2292958,5459,4743,206.8507,150.8483,258.4696,188.4349,-1.2286,8.9431,97,65,4139,3968.7062,1342.1628,1342.1628,13719.5781,13665.6768,12210.5382,85.0,False,True,False,True,True,True,True,8,Morning,0,0,0,0,1,4139.0,2690.35,True,0,0.5,0.0,44.1242,12.0,0.0,12.0,0.0,Low,crime_grounded_district_temporal_index,True,Severity-weighted NCRB 2021-2023 district crime burden (60%) + criminological temporal multiplier by time-of-day period (40%) + weekend adjustment (5%). District-level aggregate only.
1018,Janakpuri to Dwarka Sec 23,South West,midpoint/locality administrative mapping,high,28.5888,77.0709,8100,648,primary,True,2292958,5459,4743,206.8507,150.8483,258.4696,188.4349,-1.2286,8.9431,97,65,4139,3968.7062,1342.1628,1342.1628,13719.5781,13665.6768,12210.5382,85.0,False,True,False,True,True,True,True,8,Morning,0,0,0,1,1,4139.0,2690.35,True,0,0.5,0.0,44.1242,17.0,0.0,12.0,5.0,Low,crime_grounded_district_temporal_index,True,Severity-weighted NCRB 2021-2023 district crime burden (60%) + criminological temporal multiplier by time-of-day period (40%) + weekend adjustment (5%). District-level aggregate only.
1018,Janakpuri to Dwarka Sec 23,South West,midpoint/locality administrative mapping,high,28.5888,77.0709,8100,648,primary,True,2292958,5459,4743,206.8507,150.8483,258.4696,188.4349,-1.2286,8.9431,97,65,4139,3968.7062,1342.1628,1342.1628,13719.5781,13665.6768,12210.5382,85.0,False,True,False,True,True,True,True,13,Day,0,0,0,0,0,4139.0,2276.45,True,0,0.5,0.0,44.1242,8.0,0.0,8.0,0.0,Low,crime_grounded_district_temporal_index,True,Severity-weighted NCRB 2021-2023 district crime burden (60%) + criminological temporal multiplier by time-of-day period (40%) + weekend adjustment (5%). District-level aggregate only.
1018,Janakpuri to Dwarka Sec 23,South West,midpoint/locality administrative mapping,high,28.5888,77.0709,8100,648,primary,True,2292958,5459,4743,206.8507,150.8483,258.4696,188.4349,-1.2286,8.9431,97,65,4139,3968.7062,1342.1628,1342.1628,13719.5781,13665.6768,12210.5382,85.0,False,True,False,True,True,True,True,13,Day,0,0,0,1,0,4139.0,2276.45,True,0,0.5,0.0,44.1242,13.0,0.0,8.0,5.0,Low,crime_grounded_district_temporal_index,True,Severity-weighted NCRB 2021-2023 district crime burden (60%) + criminological temporal multiplier by time-of-day period (40%) + weekend adjustment (5%). District-level aggregate only.
1018,Janakpuri to Dwarka Sec 23,South West,midpoint/locality administrative mapping,high,28.5888,77.0709,8100,648,primary,True,2292958,5459,4743,206.8507,150.8483,258.4696,188.4349,-1.2286,8.9431,97,65,4139,3968.7062,1342.1628,1342.1628,13719.5781,13665.6768,12210.5382,85.0,False,True,False,True,True,True,True,19,Evening,0,0,1,0,1,4139.0,4139.0,True,0,0.5,0.0,44.1242,20.0,0.0,20.0,0.0,Low,crime_grounded_district_temporal_index,True,Severity-weighted NCRB 2021-2023 district crime burden (60%) + criminological temporal multiplier by time-of-day period (40%) + weekend adjustment (5%). District-level aggregate only.
1018,Janakpuri to Dwarka Sec 23,South West,midpoint/locality administrative mapping,high,28.5888,77.0709,8100,648,primary,True,2292958,5459,4743,206.8507,150.8483,258.4696,188.4349,-1.2286,8.9431,97,65,4139,3968.7062,1342.1628,1342.1628,13719.5781,13665.6768,12210.5382,85.0,False,True,False,True,True,True,True,19,Evening,0,0,1,1,1,4139.0,4139.0,True,0,0.5,0.0,44.1242,25.0,0.0,20.0,5.0,Low,crime_grounded_district_temporal_index,True,Severity-weighted NCRB 2021-2023 district crime burden (60%) + criminological temporal multiplier by time-of-day period (40%) + weekend adjustment (5%). District-level aggregate only.
1018,Janakpuri to Dwarka Sec 23,South West,midpoint/locality administrative mapping,high,28.5888,77.0709,8100,648,primary,True,2292958,5459,4743,206.8507,150.8483,258.4696,188.4349,-1.2286,8.9431,97,65,4139,3968.7062,1342.1628,1342.1628,13719.5781,13665.6768,12210.5382,85.0,False,True,False,True,True,True,True,23,Night,1,0,0,0,0,4139.0,1448.65,True,1,1.0,0.0,44.1242,32.0,0.0,32.0,0.0,Low,crime_grounded_district_temporal_index,True,Severity-weighted NCRB 2021-2023 district crime burden (60%) + criminological temporal multiplier by time-of-day period (40%) + weekend adjustment (5%). District-level aggregate only.
1018,Janakpuri to Dwarka Sec 23,South West,midpoint/locality administrative mapping,high,28.5888,77.0709,8100,648,primary,True,2292958,5459,4743,206.8507,150.8483,258.4696,188.4349,-1.2286,8.9431,97,65,4139,3968.7062,1342.1628,1342.1628,13719.5781,13665.6768,12210.5382,85.0,False,True,False,True,True,True,True,23,Night,1,0,0,1,0,4139.0,1448.65,True,1,1.0,0.0,44.1242,37.0,0.0,32.0,5.0,Moderate,crime_grounded_district_temporal_index,True,Severity-weighted NCRB 2021-2023 district crime burden (60%) + criminological temporal multiplier by time-of-day period (40%) + weekend adjustment (5%). District-level aggregate only.
1018,Janakpuri to Dwarka Sec 23,South West,midpoint/locality administrative mapping,high,28.5888,77.0709,8100,648,primary,True,2292958,5459,4743,206.8507,150.8483,258.4696,188.4349,-1.2286,8.9431,97,65,4139,3968.7062,1342.1628,1342.1628,13719.5781,13665.6768,12210.5382,85.0,False,True,False,True,True,True,True,2,Late Night,1,1,0,0,0,4139.0,827.8,True,1,1.0,0.0,44.1242,40.0,0.0,40.0,0.0,Moderate,crime_grounded_district_temporal_index,True,Severity-weighted NCRB 2021-2023 district crime burden (60%) + criminological temporal multiplier by time-of-day period (40%) + weekend adjustment (5%). District-level aggregate only.
1018,Janakpuri to Dwarka Sec 23,South West,midpoint/locality administrative mapping,high,28.5888,77.0709,8100,648,primary,True,2292958,5459,4743,206.8507,150.8483,258.4696,188.4349,-1.2286,8.9431,97,65,4139,3968.7062,1342.1628,1342.1628,13719.5781,13665.6768,12210.5382,85.0,False,True,False,True,True,True,True,2,Late Night,1,1,0,1,0,4139.0,827.8,True,1,1.0,0.0,44.1242,45.0,0.0,40.0,5.0,Moderate,crime_grounded_district_temporal_index,True,Severity-weighted NCRB 2021-2023 district crime burden (60%) + criminological temporal multiplier by time-of-day period (40%) + weekend adjustment (5%). District-level aggregate only.
1019,CP to Daryaganj,Central,midpoint/locality administrative mapping,high,28.6404,77.23,2800,224,primary,True,582320,23293,2052,352.3836,259.0023,439.8612,323.3808,-2.0571,35.8356,100,62,2127,1338.86,1086.5647,1086.5647,1444.0949,1309.394,1571.9253,88.0,False,True,False,True,True,True,True,8,Morning,0,0,0,0,1,2127.0,1382.55,True,0,0.5,0.3056,78.0198,30.3374,18.3374,12.0,0.0,Low,crime_grounded_district_temporal_index,True,Severity-weighted NCRB 2021-2023 district crime burden (60%) + criminological temporal multiplier by time-of-day period (40%) + weekend adjustment (5%). District-level aggregate only.
1019,CP to Daryaganj,Central,midpoint/locality administrative mapping,high,28.6404,77.23,2800,224,primary,True,582320,23293,2052,352.3836,259.0023,439.8612,323.3808,-2.0571,35.8356,100,62,2127,1338.86,1086.5647,1086.5647,1444.0949,1309.394,1571.9253,88.0,False,True,False,True,True,True,True,8,Morning,0,0,0,1,1,2127.0,1382.55,True,0,0.5,0.3056,78.0198,35.3374,18.3374,12.0,5.0,Moderate,crime_grounded_district_temporal_index,True,Severity-weighted NCRB 2021-2023 district crime burden (60%) + criminological temporal multiplier by time-of-day period (40%) + weekend adjustment (5%). District-level aggregate only.
1019,CP to Daryaganj,Central,midpoint/locality administrative mapping,high,28.6404,77.23,2800,224,primary,True,582320,23293,2052,352.3836,259.0023,439.8612,323.3808,-2.0571,35.8356,100,62,2127,1338.86,1086.5647,1086.5647,1444.0949,1309.394,1571.9253,88.0,False,True,False,True,True,True,True,13,Day,0,0,0,0,0,2127.0,1169.85,True,0,0.5,0.3056,78.0198,26.3374,18.3374,8.0,0.0,Low,crime_grounded_district_temporal_index,True,Severity-weighted NCRB 2021-2023 district crime burden (60%) + criminological temporal multiplier by time-of-day period (40%) + weekend adjustment (5%). District-level aggregate only.
1019,CP to Daryaganj,Central,midpoint/locality administrative mapping,high,28.6404,77.23,2800,224,primary,True,582320,23293,2052,352.3836,259.0023,439.8612,323.3808,-2.0571,35.8356,100,62,2127,1338.86,1086.5647,1086.5647,1444.0949,1309.394,1571.9253,88.0,False,True,False,True,True,True,True,13,Day,0,0,0,1,0,2127.0,1169.85,True,0,0.5,0.3056,78.0198,31.3374,18.3374,8.0,5.0,Low,crime_grounded_district_temporal_index,True,Severity-weighted NCRB 2021-2023 district crime burden (60%) + criminological temporal multiplier by time-of-day period (40%) + weekend adjustment (5%). District-level aggregate only.
1019,CP to Daryaganj,Central,midpoint/locality administrative mapping,high,28.6404,77.23,2800,224,primary,True,582320,23293,2052,352.3836,259.0023,439.8612,323.3808,-2.0571,35.8356,100,62,2127,1338.86,1086.5647,1086.5647,1444.0949,1309.394,1571.9253,88.0,False,True,False,True,True,True,True,19,Evening,0,0,1,0,1,2127.0,2127.0,True,0,0.5,0.3056,78.0198,38.3374,18.3374,20.0,0.0,Moderate,crime_grounded_district_temporal_index,True,Severity-weighted NCRB 2021-2023 district crime burden (60%) + criminological temporal multiplier by time-of-day period (40%) + weekend adjustment (5%). District-level aggregate only.
1019,CP to Daryaganj,Central,midpoint/locality administrative mapping,high,28.6404,77.23,2800,224,primary,True,582320,23293,2052,352.3836,259.0023,439.8612,323.3808,-2.0571,35.8356,100,62,2127,1338.86,1086.5647,1086.5647,1444.0949,1309.394,1571.9253,88.0,False,True,False,True,True,True,True,19,Evening,0,0,1,1,1,2127.0,2127.0,True,0,0.5,0.3056,78.0198,43.3374,18.3374,20.0,5.0,Moderate,crime_grounded_district_temporal_index,True,Severity-weighted NCRB 2021-2023 district crime burden (60%) + criminological temporal multiplier by time-of-day period (40%) + weekend adjustment (5%). District-level aggregate only.
1019,CP to Daryaganj,Central,midpoint/locality administrative mapping,high,28.6404,77.23,2800,224,primary,True,582320,23293,2052,352.3836,259.0023,439.8612,323.3808,-2.0571,35.8356,100,62,2127,1338.86,1086.5647,1086.5647,1444.0949,1309.394,1571.9253,88.0,False,True,False,True,True,True,True,23,Night,1,0,0,0,0,2127.0,744.45,True,1,1.0,0.3056,78.0198,50.3374,18.3374,32.0,0.0,Moderate,crime_grounded_district_temporal_index,True,Severity-weighted NCRB 2021-2023 district crime burden (60%) + criminological temporal multiplier by time-of-day period (40%) + weekend adjustment (5%). District-level aggregate only.
1019,CP to Daryaganj,Central,midpoint/locality administrative mapping,high,28.6404,77.23,2800,224,primary,True,582320,23293,2052,352.3836,259.0023,439.8612,323.3808,-2.0571,35.8356,100,62,2127,1338.86,1086.5647,1086.5647,1444.0949,1309.394,1571.9253,88.0,False,True,False,True,True,True,True,23,Night,1,0,0,1,0,2127.0,744.45,True,1,1.0,0.3056,78.0198,55.3374,18.3374,32.0,5.0,Moderate,crime_grounded_district_temporal_index,True,Severity-weighted NCRB 2021-2023 district crime burden (60%) + criminological temporal multiplier by time-of-day period (40%) + weekend adjustment (5%). District-level aggregate only.
1019,CP to Daryaganj,Central,midpoint/locality administrative mapping,high,28.6404,77.23,2800,224,primary,True,582320,23293,2052,352.3836,259.0023,439.8612,323.3808,-2.0571,35.8356,100,62,2127,1338.86,1086.5647,1086.5647,1444.0949,1309.394,1571.9253,88.0,False,True,False,True,True,True,True,2,Late Night,1,1,0,0,0,2127.0,425.4,True,1,1.0,0.3056,78.0198,58.3374,18.3374,40.0,0.0,Moderate,crime_grounded_district_temporal_index,True,Severity-weighted NCRB 2021-2023 district crime burden (60%) + criminological temporal multiplier by time-of-day period (40%) + weekend adjustment (5%). District-level aggregate only.
1019,CP to Daryaganj,Central,midpoint/locality administrative mapping,high,28.6404,77.23,2800,224,primary,True,582320,23293,2052,352.3836,259.0023,439.8612,323.3808,-2.0571,35.8356,100,62,2127,1338.86,1086.5647,1086.5647,1444.0949,1309.394,1571.9253,88.0,False,True,False,True,True,True,True,2,Late Night,1,1,0,1,0,2127.0,425.4,True,1,1.0,0.3056,78.0198,63.3374,18.3374,40.0,5.0,Moderate,crime_grounded_district_temporal_index,True,Severity-weighted NCRB 2021-2023 district crime burden (60%) + criminological temporal multiplier by time-of-day period (40%) + weekend adjustment (5%). District-level aggregate only.
1020,Daryaganj to Kashmere Gate,North,midpoint/locality administrative mapping,medium,28.6574,77.2353,2300,184,primary,True,887978,14799,2583,290.8856,212.5678,363.3649,265.5221,-1.2286,25.0511,88,75,2859,419.9953,1695.7139,1695.7139,501.3723,501.3723,2591.3092,88.0,True,True,True,True,True,True,True,8,Morning,0,0,0,0,1,2859.0,1858.35,True,0,0.5,0.1657,62.4959,21.939,9.939,12.0,0.0,Low,crime_grounded_district_temporal_index,True,Severity-weighted NCRB 2021-2023 district crime burden (60%) + criminological temporal multiplier by time-of-day period (40%) + weekend adjustment (5%). District-level aggregate only.
1020,Daryaganj to Kashmere Gate,North,midpoint/locality administrative mapping,medium,28.6574,77.2353,2300,184,primary,True,887978,14799,2583,290.8856,212.5678,363.3649,265.5221,-1.2286,25.0511,88,75,2859,419.9953,1695.7139,1695.7139,501.3723,501.3723,2591.3092,88.0,True,True,True,True,True,True,True,8,Morning,0,0,0,1,1,2859.0,1858.35,True,0,0.5,0.1657,62.4959,26.939,9.939,12.0,5.0,Low,crime_grounded_district_temporal_index,True,Severity-weighted NCRB 2021-2023 district crime burden (60%) + criminological temporal multiplier by time-of-day period (40%) + weekend adjustment (5%). District-level aggregate only.
1020,Daryaganj to Kashmere Gate,North,midpoint/locality administrative mapping,medium,28.6574,77.2353,2300,184,primary,True,887978,14799,2583,290.8856,212.5678,363.3649,265.5221,-1.2286,25.0511,88,75,2859,419.9953,1695.7139,1695.7139,501.3723,501.3723,2591.3092,88.0,True,True,True,True,True,True,True,13,Day,0,0,0,0,0,2859.0,1572.45,True,0,0.5,0.1657,62.4959,17.939,9.939,8.0,0.0,Low,crime_grounded_district_temporal_index,True,Severity-weighted NCRB 2021-2023 district crime burden (60%) + criminological temporal multiplier by time-of-day period (40%) + weekend adjustment (5%). District-level aggregate only.
1020,Daryaganj to Kashmere Gate,North,midpoint/locality administrative mapping,medium,28.6574,77.2353,2300,184,primary,True,887978,14799,2583,290.8856,212.5678,363.3649,265.5221,-1.2286,25.0511,88,75,2859,419.9953,1695.7139,1695.7139,501.3723,501.3723,2591.3092,88.0,True,True,True,True,True,True,True,13,Day,0,0,0,1,0,2859.0,1572.45,True,0,0.5,0.1657,62.4959,22.939,9.939,8.0,5.0,Low,crime_grounded_district_temporal_index,True,Severity-weighted NCRB 2021-2023 district crime burden (60%) + criminological temporal multiplier by time-of-day period (40%) + weekend adjustment (5%). District-level aggregate only.
1020,Daryaganj to Kashmere Gate,North,midpoint/locality administrative mapping,medium,28.6574,77.2353,2300,184,primary,True,887978,14799,2583,290.8856,212.5678,363.3649,265.5221,-1.2286,25.0511,88,75,2859,419.9953,1695.7139,1695.7139,501.3723,501.3723,2591.3092,88.0,True,True,True,True,True,True,True,19,Evening,0,0,1,0,1,2859.0,2859.0,True,0,0.5,0.1657,62.4959,29.939,9.939,20.0,0.0,Low,crime_grounded_district_temporal_index,True,Severity-weighted NCRB 2021-2023 district crime burden (60%) + criminological temporal multiplier by time-of-day period (40%) + weekend adjustment (5%). District-level aggregate only.
1020,Daryaganj to Kashmere Gate,North,midpoint/locality administrative mapping,medium,28.6574,77.2353,2300,184,primary,True,887978,14799,2583,290.8856,212.5678,363.3649,265.5221,-1.2286,25.0511,88,75,2859,419.9953,1695.7139,1695.7139,501.3723,501.3723,2591.3092,88.0,True,True,True,True,True,True,True,19,Evening,0,0,1,1,1,2859.0,2859.0,True,0,0.5,0.1657,62.4959,34.939,9.939,20.0,5.0,Moderate,crime_grounded_district_temporal_index,True,Severity-weighted NCRB 2021-2023 district crime burden (60%) + criminological temporal multiplier by time-of-day period (40%) + weekend adjustment (5%). District-level aggregate only.
1020,Daryaganj to Kashmere Gate,North,midpoint/locality administrative mapping,medium,28.6574,77.2353,2300,184,primary,True,887978,14799,2583,290.8856,212.5678,363.3649,265.5221,-1.2286,25.0511,88,75,2859,419.9953,1695.7139,1695.7139,501.3723,501.3723,2591.3092,88.0,True,True,True,True,True,True,True,23,Night,1,0,0,0,0,2859.0,1000.65,True,1,1.0,0.1657,62.4959,41.939,9.939,32.0,0.0,Moderate,crime_grounded_district_temporal_index,True,Severity-weighted NCRB 2021-2023 district crime burden (60%) + criminological temporal multiplier by time-of-day period (40%) + weekend adjustment (5%). District-level aggregate only.
1020,Daryaganj to Kashmere Gate,North,midpoint/locality administrative mapping,medium,28.6574,77.2353,2300,184,primary,True,887978,14799,2583,290.8856,212.5678,363.3649,265.5221,-1.2286,25.0511,88,75,2859,419.9953,1695.7139,1695.7139,501.3723,501.3723,2591.3092,88.0,True,True,True,True,True,True,True,23,Night,1,0,0,1,0,2859.0,1000.65,True,1,1.0,0.1657,62.4959,46.939,9.939,32.0,5.0,Moderate,crime_grounded_district_temporal_index,True,Severity-weighted NCRB 2021-2023 district crime burden (60%) + criminological temporal multiplier by time-of-day period (40%) + weekend adjustment (5%). District-level aggregate only.
1020,Daryaganj to Kashmere Gate,North,midpoint/locality administrative mapping,medium,28.6574,77.2353,2300,184,primary,True,887978,14799,2583,290.8856,212.5678,363.3649,265.5221,-1.2286,25.0511,88,75,2859,419.9953,1695.7139,1695.7139,501.3723,501.3723,2591.3092,88.0,True,True,True,True,True,True,True,2,Late Night,1,1,0,0,0,2859.0,571.8,True,1,1.0,0.1657,62.4959,49.939,9.939,40.0,0.0,Moderate,crime_grounded_district_temporal_index,True,Severity-weighted NCRB 2021-2023 district crime burden (60%) + criminological temporal multiplier by time-of-day period (40%) + weekend adjustment (5%). District-level aggregate only.
1020,Daryaganj to Kashmere Gate,North,midpoint/locality administrative mapping,medium,28.6574,77.2353,2300,184,primary,True,887978,14799,2583,290.8856,212.5678,363.3649,265.5221,-1.2286,25.0511,88,75,2859,419.9953,1695.7139,1695.7139,501.3723,501.3723,2591.3092,88.0,True,True,True,True,True,True,True,2,Late Night,1,1,0,1,0,2859.0,571.8,True,1,1.0,0.1657,62.4959,54.939,9.939,40.0,5.0,Moderate,crime_grounded_district_temporal_index,True,Severity-weighted NCRB 2021-2023 district crime burden (60%) + criminological temporal multiplier by time-of-day period (40%) + weekend adjustment (5%). District-level aggregate only.
1021,Kashmere Gate to Civil Lines,North,midpoint/locality administrative mapping,high,28.6738,77.2262,1800,144,primary,True,887978,14799,2583,290.8856,212.5678,363.3649,265.5221,-1.2286,25.0511,90,69,3518,899.4536,1118.4249,1118.4249,1934.6473,814.7919,3605.2332,88.0,True,True,False,True,True,True,True,8,Morning,0,0,0,0,1,3518.0,2286.7,True,0,0.5,0.1657,62.4959,21.939,9.939,12.0,0.0,Low,crime_grounded_district_temporal_index,True,Severity-weighted NCRB 2021-2023 district crime burden (60%) + criminological temporal multiplier by time-of-day period (40%) + weekend adjustment (5%). District-level aggregate only.
1021,Kashmere Gate to Civil Lines,North,midpoint/locality administrative mapping,high,28.6738,77.2262,1800,144,primary,True,887978,14799,2583,290.8856,212.5678,363.3649,265.5221,-1.2286,25.0511,90,69,3518,899.4536,1118.4249,1118.4249,1934.6473,814.7919,3605.2332,88.0,True,True,False,True,True,True,True,8,Morning,0,0,0,1,1,3518.0,2286.7,True,0,0.5,0.1657,62.4959,26.939,9.939,12.0,5.0,Low,crime_grounded_district_temporal_index,True,Severity-weighted NCRB 2021-2023 district crime burden (60%) + criminological temporal multiplier by time-of-day period (40%) + weekend adjustment (5%). District-level aggregate only.
1021,Kashmere Gate to Civil Lines,North,midpoint/locality administrative mapping,high,28.6738,77.2262,1800,144,primary,True,887978,14799,2583,290.8856,212.5678,363.3649,265.5221,-1.2286,25.0511,90,69,3518,899.4536,1118.4249,1118.4249,1934.6473,814.7919,3605.2332,88.0,True,True,False,True,True,True,True,13,Day,0,0,0,0,0,3518.0,1934.9,True,0,0.5,0.1657,62.4959,17.939,9.939,8.0,0.0,Low,crime_grounded_district_temporal_index,True,Severity-weighted NCRB 2021-2023 district crime burden (60%) + criminological temporal multiplier by time-of-day period (40%) + weekend adjustment (5%). District-level aggregate only.
1021,Kashmere Gate to Civil Lines,North,midpoint/locality administrative mapping,high,28.6738,77.2262,1800,144,primary,True,887978,14799,2583,290.8856,212.5678,363.3649,265.5221,-1.2286,25.0511,90,69,3518,899.4536,1118.4249,1118.4249,1934.6473,814.7919,3605.2332,88.0,True,True,False,True,True,True,True,13,Day,0,0,0,1,0,3518.0,1934.9,True,0,0.5,0.1657,62.4959,22.939,9.939,8.0,5.0,Low,crime_grounded_district_temporal_index,True,Severity-weighted NCRB 2021-2023 district crime burden (60%) + criminological temporal multiplier by time-of-day period (40%) + weekend adjustment (5%). District-level aggregate only.
1021,Kashmere Gate to Civil Lines,North,midpoint/locality administrative mapping,high,28.6738,77.2262,1800,144,primary,True,887978,14799,2583,290.8856,212.5678,363.3649,265.5221,-1.2286,25.0511,90,69,3518,899.4536,1118.4249,1118.4249,1934.6473,814.7919,3605.2332,88.0,True,True,False,True,True,True,True,19,Evening,0,0,1,0,1,3518.0,3518.0,True,0,0.5,0.1657,62.4959,29.939,9.939,20.0,0.0,Low,crime_grounded_district_temporal_index,True,Severity-weighted NCRB 2021-2023 district crime burden (60%) + criminological temporal multiplier by time-of-day period (40%) + weekend adjustment (5%). District-level aggregate only.
1021,Kashmere Gate to Civil Lines,North,midpoint/locality administrative mapping,high,28.6738,77.2262,1800,144,primary,True,887978,14799,2583,290.8856,212.5678,363.3649,265.5221,-1.2286,25.0511,90,69,3518,899.4536,1118.4249,1118.4249,1934.6473,814.7919,3605.2332,88.0,True,True,False,True,True,True,True,19,Evening,0,0,1,1,1,3518.0,3518.0,True,0,0.5,0.1657,62.4959,34.939,9.939,20.0,5.0,Moderate,crime_grounded_district_temporal_index,True,Severity-weighted NCRB 2021-2023 district crime burden (60%) + criminological temporal multiplier by time-of-day period (40%) + weekend adjustment (5%). District-level aggregate only.
1021,Kashmere Gate to Civil Lines,North,midpoint/locality administrative mapping,high,28.6738,77.2262,1800,144,primary,True,887978,14799,2583,290.8856,212.5678,363.3649,265.5221,-1.2286,25.0511,90,69,3518,899.4536,1118.4249,1118.4249,1934.6473,814.7919,3605.2332,88.0,True,True,False,True,True,True,True,23,Night,1,0,0,0,0,3518.0,1231.3,True,1,1.0,0.1657,62.4959,41.939,9.939,32.0,0.0,Moderate,crime_grounded_district_temporal_index,True,Severity-weighted NCRB 2021-2023 district crime burden (60%) + criminological temporal multiplier by time-of-day period (40%) + weekend adjustment (5%). District-level aggregate only.
1021,Kashmere Gate to Civil Lines,North,midpoint/locality administrative mapping,high,28.6738,77.2262,1800,144,primary,True,887978,14799,2583,290.8856,212.5678,363.3649,265.5221,-1.2286,25.0511,90,69,3518,899.4536,1118.4249,1118.4249,1934.6473,814.7919,3605.2332,88.0,True,True,False,True,True,True,True,23,Night,1,0,0,1,0,3518.0,1231.3,True,1,1.0,0.1657,62.4959,46.939,9.939,32.0,5.0,Moderate,crime_grounded_district_temporal_index,True,Severity-weighted NCRB 2021-2023 district crime burden (60%) + criminological temporal multiplier by time-of-day period (40%) + weekend adjustment (5%). District-level aggregate only.
1021,Kashmere Gate to Civil Lines,North,midpoint/locality administrative mapping,high,28.6738,77.2262,1800,144,primary,True,887978,14799,2583,290.8856,212.5678,363.3649,265.5221,-1.2286,25.0511,90,69,3518,899.4536,1118.4249,1118.4249,1934.6473,814.7919,3605.2332,88.0,True,True,False,True,True,True,True,2,Late Night,1,1,0,0,0,3518.0,703.6,True,1,1.0,0.1657,62.4959,49.939,9.939,40.0,0.0,Moderate,crime_grounded_district_temporal_index,True,Severity-weighted NCRB 2021-2023 district crime burden (60%) + criminological temporal multiplier by time-of-day period (40%) + weekend adjustment (5%). District-level aggregate only.
1021,Kashmere Gate to Civil Lines,North,midpoint/locality administrative mapping,high,28.6738,77.2262,1800,144,primary,True,887978,14799,2583,290.8856,212.5678,363.3649,265.5221,-1.2286,25.0511,90,69,3518,899.4536,1118.4249,1118.4249,1934.6473,814.7919,3605.2332,88.0,True,True,False,True,True,True,True,2,Late Night,1,1,0,1,0,3518.0,703.6,True,1,1.0,0.1657,62.4959,54.939,9.939,40.0,5.0,Moderate,crime_grounded_district_temporal_index,True,Severity-weighted NCRB 2021-2023 district crime burden (60%) + criminological temporal multiplier by time-of-day period (40%) + weekend adjustment (5%). District-level aggregate only.
1022,Civil Lines to Model Town,North,midpoint/locality administrative mapping,medium,28.6918,77.2078,3600,288,secondary,True,887978,14799,2583,290.8856,212.5678,363.3649,265.5221,-1.2286,25.0511,74,46,359,371.0033,2240.3702,2240.3702,4468.2359,3472.0613,5445.5507,88.0,True,False,False,True,True,True,True,8,Morning,0,0,0,0,1,359.0,233.35,True,0,0.5,0.1657,62.4959,21.939,9.939,12.0,0.0,Low,crime_grounded_district_temporal_index,True,Severity-weighted NCRB 2021-2023 district crime burden (60%) + criminological temporal multiplier by time-of-day period (40%) + weekend adjustment (5%). District-level aggregate only.
1022,Civil Lines to Model Town,North,midpoint/locality administrative mapping,medium,28.6918,77.2078,3600,288,secondary,True,887978,14799,2583,290.8856,212.5678,363.3649,265.5221,-1.2286,25.0511,74,46,359,371.0033,2240.3702,2240.3702,4468.2359,3472.0613,5445.5507,88.0,True,False,False,True,True,True,True,8,Morning,0,0,0,1,1,359.0,233.35,True,0,0.5,0.1657,62.4959,26.939,9.939,12.0,5.0,Low,crime_grounded_district_temporal_index,True,Severity-weighted NCRB 2021-2023 district crime burden (60%) + criminological temporal multiplier by time-of-day period (40%) + weekend adjustment (5%). District-level aggregate only.
1022,Civil Lines to Model Town,North,midpoint/locality administrative mapping,medium,28.6918,77.2078,3600,288,secondary,True,887978,14799,2583,290.8856,212.5678,363.3649,265.5221,-1.2286,25.0511,74,46,359,371.0033,2240.3702,2240.3702,4468.2359,3472.0613,5445.5507,88.0,True,False,False,True,True,True,True,13,Day,0,0,0,0,0,359.0,197.45,True,0,0.5,0.1657,62.4959,17.939,9.939,8.0,0.0,Low,crime_grounded_district_temporal_index,True,Severity-weighted NCRB 2021-2023 district crime burden (60%) + criminological temporal multiplier by time-of-day period (40%) + weekend adjustment (5%). District-level aggregate only.
1022,Civil Lines to Model Town,North,midpoint/locality administrative mapping,medium,28.6918,77.2078,3600,288,secondary,True,887978,14799,2583,290.8856,212.5678,363.3649,265.5221,-1.2286,25.0511,74,46,359,371.0033,2240.3702,2240.3702,4468.2359,3472.0613,5445.5507,88.0,True,False,False,True,True,True,True,13,Day,0,0,0,1,0,359.0,197.45,True,0,0.5,0.1657,62.4959,22.939,9.939,8.0,5.0,Low,crime_grounded_district_temporal_index,True,Severity-weighted NCRB 2021-2023 district crime burden (60%) + criminological temporal multiplier by time-of-day period (40%) + weekend adjustment (5%). District-level aggregate only.
1022,Civil Lines to Model Town,North,midpoint/locality administrative mapping,medium,28.6918,77.2078,3600,288,secondary,True,887978,14799,2583,290.8856,212.5678,363.3649,265.5221,-1.2286,25.0511,74,46,359,371.0033,2240.3702,2240.3702,4468.2359,3472.0613,5445.5507,88.0,True,False,False,True,True,True,True,19,Evening,0,0,1,0,1,359.0,359.0,True,0,0.5,0.1657,62.4959,29.939,9.939,20.0,0.0,Low,crime_grounded_district_temporal_index,True,Severity-weighted NCRB 2021-2023 district crime burden (60%) + criminological temporal multiplier by time-of-day period (40%) + weekend adjustment (5%). District-level aggregate only.
1022,Civil Lines to Model Town,North,midpoint/locality administrative mapping,medium,28.6918,77.2078,3600,288,secondary,True,887978,14799,2583,290.8856,212.5678,363.3649,265.5221,-1.2286,25.0511,74,46,359,371.0033,2240.3702,2240.3702,4468.2359,3472.0613,5445.5507,88.0,True,False,False,True,True,True,True,19,Evening,0,0,1,1,1,359.0,359.0,True,0,0.5,0.1657,62.4959,34.939,9.939,20.0,5.0,Moderate,crime_grounded_district_temporal_index,True,Severity-weighted NCRB 2021-2023 district crime burden (60%) + criminological temporal multiplier by time-of-day period (40%) + weekend adjustment (5%). District-level aggregate only.
1022,Civil Lines to Model Town,North,midpoint/locality administrative mapping,medium,28.6918,77.2078,3600,288,secondary,True,887978,14799,2583,290.8856,212.5678,363.3649,265.5221,-1.2286,25.0511,74,46,359,371.0033,2240.3702,2240.3702,4468.2359,3472.0613,5445.5507,88.0,True,False,False,True,True,True,True,23,Night,1,0,0,0,0,359.0,125.65,True,1,1.0,0.1657,62.4959,41.939,9.939,32.0,0.0,Moderate,crime_grounded_district_temporal_index,True,Severity-weighted NCRB 2021-2023 district crime burden (60%) + criminological temporal multiplier by time-of-day period (40%) + weekend adjustment (5%). District-level aggregate only.
1022,Civil Lines to Model Town,North,midpoint/locality administrative mapping,medium,28.6918,77.2078,3600,288,secondary,True,887978,14799,2583,290.8856,212.5678,363.3649,265.5221,-1.2286,25.0511,74,46,359,371.0033,2240.3702,2240.3702,4468.2359,3472.0613,5445.5507,88.0,True,False,False,True,True,True,True,23,Night,1,0,0,1,0,359.0,125.65,True,1,1.0,0.1657,62.4959,46.939,9.939,32.0,5.0,Moderate,crime_grounded_district_temporal_index,True,Severity-weighted NCRB 2021-2023 district crime burden (60%) + criminological temporal multiplier by time-of-day period (40%) + weekend adjustment (5%). District-level aggregate only.
1022,Civil Lines to Model Town,North,midpoint/locality administrative mapping,medium,28.6918,77.2078,3600,288,secondary,True,887978,14799,2583,290.8856,212.5678,363.3649,265.5221,-1.2286,25.0511,74,46,359,371.0033,2240.3702,2240.3702,4468.2359,3472.0613,5445.5507,88.0,True,False,False,True,True,True,True,2,Late Night,1,1,0,0,0,359.0,71.8,True,1,1.0,0.1657,62.4959,49.939,9.939,40.0,0.0,Moderate,crime_grounded_district_temporal_index,True,Severity-weighted NCRB 2021-2023 district crime burden (60%) + criminological temporal multiplier by time-of-day period (40%) + weekend adjustment (5%). District-level aggregate only.
1022,Civil Lines to Model Town,North,midpoint/locality administrative mapping,medium,28.6918,77.2078,3600,288,secondary,True,887978,14799,2583,290.8856,212.5678,363.3649,265.5221,-1.2286,25.0511,74,46,359,371.0033,2240.3702,2240.3702,4468.2359,3472.0613,5445.5507,88.0,True,False,False,True,True,True,True,2,Late Night,1,1,0,1,0,359.0,71.8,True,1,1.0,0.1657,62.4959,54.939,9.939,40.0,5.0,Moderate,crime_grounded_district_temporal_index,True,Severity-weighted NCRB 2021-2023 district crime burden (60%) + criminological temporal multiplier by time-of-day period (40%) + weekend adjustment (5%). District-level aggregate only.
1023,Model Town to Shalimar Bagh,North West,midpoint/locality administrative mapping,medium,28.709,77.1758,3800,304,secondary,True,3656539,8310,9742,266.4268,194.0268,332.8995,242.3351,-2.8,18.0429,64,38,369,1842.2399,5518.7963,5518.7963,6504.3223,6504.3223,8214.9543,88.0,False,False,False,True,True,True,True,8,Morning,0,0,0,0,1,369.0,239.85,True,0,0.5,0.1099,56.3073,18.591,6.591,12.0,0.0,Low,crime_grounded_district_temporal_index,True,Severity-weighted NCRB 2021-2023 district crime burden (60%) + criminological temporal multiplier by time-of-day period (40%) + weekend adjustment (5%). District-level aggregate only.
1023,Model Town to Shalimar Bagh,North West,midpoint/locality administrative mapping,medium,28.709,77.1758,3800,304,secondary,True,3656539,8310,9742,266.4268,194.0268,332.8995,242.3351,-2.8,18.0429,64,38,369,1842.2399,5518.7963,5518.7963,6504.3223,6504.3223,8214.9543,88.0,False,False,False,True,True,True,True,8,Morning,0,0,0,1,1,369.0,239.85,True,0,0.5,0.1099,56.3073,23.591,6.591,12.0,5.0,Low,crime_grounded_district_temporal_index,True,Severity-weighted NCRB 2021-2023 district crime burden (60%) + criminological temporal multiplier by time-of-day period (40%) + weekend adjustment (5%). District-level aggregate only.
1023,Model Town to Shalimar Bagh,North West,midpoint/locality administrative mapping,medium,28.709,77.1758,3800,304,secondary,True,3656539,8310,9742,266.4268,194.0268,332.8995,242.3351,-2.8,18.0429,64,38,369,1842.2399,5518.7963,5518.7963,6504.3223,6504.3223,8214.9543,88.0,False,False,False,True,True,True,True,13,Day,0,0,0,0,0,369.0,202.95,True,0,0.5,0.1099,56.3073,14.591,6.591,8.0,0.0,Low,crime_grounded_district_temporal_index,True,Severity-weighted NCRB 2021-2023 district crime burden (60%) + criminological temporal multiplier by time-of-day period (40%) + weekend adjustment (5%). District-level aggregate only.
1023,Model Town to Shalimar Bagh,North West,midpoint/locality administrative mapping,medium,28.709,77.1758,3800,304,secondary,True,3656539,8310,9742,266.4268,194.0268,332.8995,242.3351,-2.8,18.0429,64,38,369,1842.2399,5518.7963,5518.7963,6504.3223,6504.3223,8214.9543,88.0,False,False,False,True,True,True,True,13,Day,0,0,0,1,0,369.0,202.95,True,0,0.5,0.1099,56.3073,19.591,6.591,8.0,5.0,Low,crime_grounded_district_temporal_index,True,Severity-weighted NCRB 2021-2023 district crime burden (60%) + criminological temporal multiplier by time-of-day period (40%) + weekend adjustment (5%). District-level aggregate only.
1023,Model Town to Shalimar Bagh,North West,midpoint/locality administrative mapping,medium,28.709,77.1758,3800,304,secondary,True,3656539,8310,9742,266.4268,194.0268,332.8995,242.3351,-2.8,18.0429,64,38,369,1842.2399,5518.7963,5518.7963,6504.3223,6504.3223,8214.9543,88.0,False,False,False,True,True,True,True,19,Evening,0,0,1,0,1,369.0,369.0,True,0,0.5,0.1099,56.3073,26.591,6.591,20.0,0.0,Low,crime_grounded_district_temporal_index,True,Severity-weighted NCRB 2021-2023 district crime burden (60%) + criminological temporal multiplier by time-of-day period (40%) + weekend adjustment (5%). District-level aggregate only.
1023,Model Town to Shalimar Bagh,North West,midpoint/locality administrative mapping,medium,28.709,77.1758,3800,304,secondary,True,3656539,8310,9742,266.4268,194.0268,332.8995,242.3351,-2.8,18.0429,64,38,369,1842.2399,5518.7963,5518.7963,6504.3223,6504.3223,8214.9543,88.0,False,False,False,True,True,True,True,19,Evening,0,0,1,1,1,369.0,369.0,True,0,0.5,0.1099,56.3073,31.591,6.591,20.0,5.0,Low,crime_grounded_district_temporal_index,True,Severity-weighted NCRB 2021-2023 district crime burden (60%) + criminological temporal multiplier by time-of-day period (40%) + weekend adjustment (5%). District-level aggregate only.
1023,Model Town to Shalimar Bagh,North West,midpoint/locality administrative mapping,medium,28.709,77.1758,3800,304,secondary,True,3656539,8310,9742,266.4268,194.0268,332.8995,242.3351,-2.8,18.0429,64,38,369,1842.2399,5518.7963,5518.7963,6504.3223,6504.3223,8214.9543,88.0,False,False,False,True,True,True,True,23,Night,1,0,0,0,0,369.0,129.15,True,1,1.0,0.1099,56.3073,38.591,6.591,32.0,0.0,Moderate,crime_grounded_district_temporal_index,True,Severity-weighted NCRB 2021-2023 district crime burden (60%) + criminological temporal multiplier by time-of-day period (40%) + weekend adjustment (5%). District-level aggregate only.
1023,Model Town to Shalimar Bagh,North West,midpoint/locality administrative mapping,medium,28.709,77.1758,3800,304,secondary,True,3656539,8310,9742,266.4268,194.0268,332.8995,242.3351,-2.8,18.0429,64,38,369,1842.2399,5518.7963,5518.7963,6504.3223,6504.3223,8214.9543,88.0,False,False,False,True,True,True,True,23,Night,1,0,0,1,0,369.0,129.15,True,1,1.0,0.1099,56.3073,43.591,6.591,32.0,5.0,Moderate,crime_grounded_district_temporal_index,True,Severity-weighted NCRB 2021-2023 district crime burden (60%) + criminological temporal multiplier by time-of-day period (40%) + weekend adjustment (5%). District-level aggregate only.
1023,Model Town to Shalimar Bagh,North West,midpoint/locality administrative mapping,medium,28.709,77.1758,3800,304,secondary,True,3656539,8310,9742,266.4268,194.0268,332.8995,242.3351,-2.8,18.0429,64,38,369,1842.2399,5518.7963,5518.7963,6504.3223,6504.3223,8214.9543,88.0,False,False,False,True,True,True,True,2,Late Night,1,1,0,0,0,369.0,73.8,True,1,1.0,0.1099,56.3073,46.591,6.591,40.0,0.0,Moderate,crime_grounded_district_temporal_index,True,Severity-weighted NCRB 2021-2023 district crime burden (60%) + criminological temporal multiplier by time-of-day period (40%) + weekend adjustment (5%). District-level aggregate only.
1023,Model Town to Shalimar Bagh,North West,midpoint/locality administrative mapping,medium,28.709,77.1758,3800,304,secondary,True,3656539,8310,9742,266.4268,194.0268,332.8995,242.3351,-2.8,18.0429,64,38,369,1842.2399,5518.7963,5518.7963,6504.3223,6504.3223,8214.9543,88.0,False,False,False,True,True,True,True,2,Late Night,1,1,0,1,0,369.0,73.8,True,1,1.0,0.1099,56.3073,51.591,6.591,40.0,5.0,Moderate,crime_grounded_district_temporal_index,True,Severity-weighted NCRB 2021-2023 district crime burden (60%) + criminological temporal multiplier by time-of-day period (40%) + weekend adjustment (5%). District-level aggregate only.
1024,Shalimar Bagh to Rohini Sec 18,North West,midpoint/locality administrative mapping,high,28.7258,77.1454,3300,264,secondary,True,3656539,8310,9742,266.4268,194.0268,332.8995,242.3351,-2.8,18.0429,54,18,1123,1712.2264,3193.9452,3193.9452,9345.3992,9345.3992,8394.3178,85.0,False,False,False,True,True,True,True,8,Morning,0,0,0,0,1,1123.0,729.95,True,0,0.5,0.1099,56.3073,18.591,6.591,12.0,0.0,Low,crime_grounded_district_temporal_index,True,Severity-weighted NCRB 2021-2023 district crime burden (60%) + criminological temporal multiplier by time-of-day period (40%) + weekend adjustment (5%). District-level aggregate only.
1024,Shalimar Bagh to Rohini Sec 18,North West,midpoint/locality administrative mapping,high,28.7258,77.1454,3300,264,secondary,True,3656539,8310,9742,266.4268,194.0268,332.8995,242.3351,-2.8,18.0429,54,18,1123,1712.2264,3193.9452,3193.9452,9345.3992,9345.3992,8394.3178,85.0,False,False,False,True,True,True,True,8,Morning,0,0,0,1,1,1123.0,729.95,True,0,0.5,0.1099,56.3073,23.591,6.591,12.0,5.0,Low,crime_grounded_district_temporal_index,True,Severity-weighted NCRB 2021-2023 district crime burden (60%) + criminological temporal multiplier by time-of-day period (40%) + weekend adjustment (5%). District-level aggregate only.
1024,Shalimar Bagh to Rohini Sec 18,North West,midpoint/locality administrative mapping,high,28.7258,77.1454,3300,264,secondary,True,3656539,8310,9742,266.4268,194.0268,332.8995,242.3351,-2.8,18.0429,54,18,1123,1712.2264,3193.9452,3193.9452,9345.3992,9345.3992,8394.3178,85.0,False,False,False,True,True,True,True,13,Day,0,0,0,0,0,1123.0,617.65,True,0,0.5,0.1099,56.3073,14.591,6.591,8.0,0.0,Low,crime_grounded_district_temporal_index,True,Severity-weighted NCRB 2021-2023 district crime burden (60%) + criminological temporal multiplier by time-of-day period (40%) + weekend adjustment (5%). District-level aggregate only.
1024,Shalimar Bagh to Rohini Sec 18,North West,midpoint/locality administrative mapping,high,28.7258,77.1454,3300,264,secondary,True,3656539,8310,9742,266.4268,194.0268,332.8995,242.3351,-2.8,18.0429,54,18,1123,1712.2264,3193.9452,3193.9452,9345.3992,9345.3992,8394.3178,85.0,False,False,False,True,True,True,True,13,Day,0,0,0,1,0,1123.0,617.65,True,0,0.5,0.1099,56.3073,19.591,6.591,8.0,5.0,Low,crime_grounded_district_temporal_index,True,Severity-weighted NCRB 2021-2023 district crime burden (60%) + criminological temporal multiplier by time-of-day period (40%) + weekend adjustment (5%). District-level aggregate only.
1024,Shalimar Bagh to Rohini Sec 18,North West,midpoint/locality administrative mapping,high,28.7258,77.1454,3300,264,secondary,True,3656539,8310,9742,266.4268,194.0268,332.8995,242.3351,-2.8,18.0429,54,18,1123,1712.2264,3193.9452,3193.9452,9345.3992,9345.3992,8394.3178,85.0,False,False,False,True,True,True,True,19,Evening,0,0,1,0,1,1123.0,1123.0,True,0,0.5,0.1099,56.3073,26.591,6.591,20.0,0.0,Low,crime_grounded_district_temporal_index,True,Severity-weighted NCRB 2021-2023 district crime burden (60%) + criminological temporal multiplier by time-of-day period (40%) + weekend adjustment (5%). District-level aggregate only.
1024,Shalimar Bagh to Rohini Sec 18,North West,midpoint/locality administrative mapping,high,28.7258,77.1454,3300,264,secondary,True,3656539,8310,9742,266.4268,194.0268,332.8995,242.3351,-2.8,18.0429,54,18,1123,1712.2264,3193.9452,3193.9452,9345.3992,9345.3992,8394.3178,85.0,False,False,False,True,True,True,True,19,Evening,0,0,1,1,1,1123.0,1123.0,True,0,0.5,0.1099,56.3073,31.591,6.591,20.0,5.0,Low,crime_grounded_district_temporal_index,True,Severity-weighted NCRB 2021-2023 district crime burden (60%) + criminological temporal multiplier by time-of-day period (40%) + weekend adjustment (5%). District-level aggregate only.
1024,Shalimar Bagh to Rohini Sec 18,North West,midpoint/locality administrative mapping,high,28.7258,77.1454,3300,264,secondary,True,3656539,8310,9742,266.4268,194.0268,332.8995,242.3351,-2.8,18.0429,54,18,1123,1712.2264,3193.9452,3193.9452,9345.3992,9345.3992,8394.3178,85.0,False,False,False,True,True,True,True,23,Night,1,0,0,0,0,1123.0,393.05,True,1,1.0,0.1099,56.3073,38.591,6.591,32.0,0.0,Moderate,crime_grounded_district_temporal_index,True,Severity-weighted NCRB 2021-2023 district crime burden (60%) + criminological temporal multiplier by time-of-day period (40%) + weekend adjustment (5%). District-level aggregate only.
1024,Shalimar Bagh to Rohini Sec 18,North West,midpoint/locality administrative mapping,high,28.7258,77.1454,3300,264,secondary,True,3656539,8310,9742,266.4268,194.0268,332.8995,242.3351,-2.8,18.0429,54,18,1123,1712.2264,3193.9452,3193.9452,9345.3992,9345.3992,8394.3178,85.0,False,False,False,True,True,True,True,23,Night,1,0,0,1,0,1123.0,393.05,True,1,1.0,0.1099,56.3073,43.591,6.591,32.0,5.0,Moderate,crime_grounded_district_temporal_index,True,Severity-weighted NCRB 2021-2023 district crime burden (60%) + criminological temporal multiplier by time-of-day period (40%) + weekend adjustment (5%). District-level aggregate only.
1024,Shalimar Bagh to Rohini Sec 18,North West,midpoint/locality administrative mapping,high,28.7258,77.1454,3300,264,secondary,True,3656539,8310,9742,266.4268,194.0268,332.8995,242.3351,-2.8,18.0429,54,18,1123,1712.2264,3193.9452,3193.9452,9345.3992,9345.3992,8394.3178,85.0,False,False,False,True,True,True,True,2,Late Night,1,1,0,0,0,1123.0,224.6,True,1,1.0,0.1099,56.3073,46.591,6.591,40.0,0.0,Moderate,crime_grounded_district_temporal_index,True,Severity-weighted NCRB 2021-2023 district crime burden (60%) + criminological temporal multiplier by time-of-day period (40%) + weekend adjustment (5%). District-level aggregate only.
1024,Shalimar Bagh to Rohini Sec 18,North West,midpoint/locality administrative mapping,high,28.7258,77.1454,3300,264,secondary,True,3656539,8310,9742,266.4268,194.0268,332.8995,242.3351,-2.8,18.0429,54,18,1123,1712.2264,3193.9452,3193.9452,9345.3992,9345.3992,8394.3178,85.0,False,False,False,True,True,True,True,2,Late Night,1,1,0,1,0,1123.0,224.6,True,1,1.0,0.1099,56.3073,51.591,6.591,40.0,5.0,Moderate,crime_grounded_district_temporal_index,True,Severity-weighted NCRB 2021-2023 district crime burden (60%) + criminological temporal multiplier by time-of-day period (40%) + weekend adjustment (5%). District-level aggregate only.
1025,Daryaganj to Preet Vihar (Vikas Marg),East,midpoint/locality administrative mapping,medium,28.6452,77.2678,5700,456,trunk,True,1709346,26708,4769,278.9956,203.6906,347.9986,254.0699,-7.2857,14.1166,80,72,3755,1867.1848,2811.6416,2811.6416,3895.5772,2310.3545,2596.9561,92.0,False,False,False,True,True,True,True,8,Morning,0,0,0,0,1,3755.0,2440.75,True,0,0.5,0.1391,59.5462,20.3432,8.3432,12.0,0.0,Low,crime_grounded_district_temporal_index,True,Severity-weighted NCRB 2021-2023 district crime burden (60%) + criminological temporal multiplier by time-of-day period (40%) + weekend adjustment (5%). District-level aggregate only.
1025,Daryaganj to Preet Vihar (Vikas Marg),East,midpoint/locality administrative mapping,medium,28.6452,77.2678,5700,456,trunk,True,1709346,26708,4769,278.9956,203.6906,347.9986,254.0699,-7.2857,14.1166,80,72,3755,1867.1848,2811.6416,2811.6416,3895.5772,2310.3545,2596.9561,92.0,False,False,False,True,True,True,True,8,Morning,0,0,0,1,1,3755.0,2440.75,True,0,0.5,0.1391,59.5462,25.3432,8.3432,12.0,5.0,Low,crime_grounded_district_temporal_index,True,Severity-weighted NCRB 2021-2023 district crime burden (60%) + criminological temporal multiplier by time-of-day period (40%) + weekend adjustment (5%). District-level aggregate only.
1025,Daryaganj to Preet Vihar (Vikas Marg),East,midpoint/locality administrative mapping,medium,28.6452,77.2678,5700,456,trunk,True,1709346,26708,4769,278.9956,203.6906,347.9986,254.0699,-7.2857,14.1166,80,72,3755,1867.1848,2811.6416,2811.6416,3895.5772,2310.3545,2596.9561,92.0,False,False,False,True,True,True,True,13,Day,0,0,0,0,0,3755.0,2065.25,True,0,0.5,0.1391,59.5462,16.3432,8.3432,8.0,0.0,Low,crime_grounded_district_temporal_index,True,Severity-weighted NCRB 2021-2023 district crime burden (60%) + criminological temporal multiplier by time-of-day period (40%) + weekend adjustment (5%). District-level aggregate only.
1025,Daryaganj to Preet Vihar (Vikas Marg),East,midpoint/locality administrative mapping,medium,28.6452,77.2678,5700,456,trunk,True,1709346,26708,4769,278.9956,203.6906,347.9986,254.0699,-7.2857,14.1166,80,72,3755,1867.1848,2811.6416,2811.6416,3895.5772,2310.3545,2596.9561,92.0,False,False,False,True,True,True,True,13,Day,0,0,0,1,0,3755.0,2065.25,True,0,0.5,0.1391,59.5462,21.3432,8.3432,8.0,5.0,Low,crime_grounded_district_temporal_index,True,Severity-weighted NCRB 2021-2023 district crime burden (60%) + criminological temporal multiplier by time-of-day period (40%) + weekend adjustment (5%). District-level aggregate only.
1025,Daryaganj to Preet Vihar (Vikas Marg),East,midpoint/locality administrative mapping,medium,28.6452,77.2678,5700,456,trunk,True,1709346,26708,4769,278.9956,203.6906,347.9986,254.0699,-7.2857,14.1166,80,72,3755,1867.1848,2811.6416,2811.6416,3895.5772,2310.3545,2596.9561,92.0,False,False,False,True,True,True,True,19,Evening,0,0,1,0,1,3755.0,3755.0,True,0,0.5,0.1391,59.5462,28.3432,8.3432,20.0,0.0,Low,crime_grounded_district_temporal_index,True,Severity-weighted NCRB 2021-2023 district crime burden (60%) + criminological temporal multiplier by time-of-day period (40%) + weekend adjustment (5%). District-level aggregate only.
1025,Daryaganj to Preet Vihar (Vikas Marg),East,midpoint/locality administrative mapping,medium,28.6452,77.2678,5700,456,trunk,True,1709346,26708,4769,278.9956,203.6906,347.9986,254.0699,-7.2857,14.1166,80,72,3755,1867.1848,2811.6416,2811.6416,3895.5772,2310.3545,2596.9561,92.0,False,False,False,True,True,True,True,19,Evening,0,0,1,1,1,3755.0,3755.0,True,0,0.5,0.1391,59.5462,33.3432,8.3432,20.0,5.0,Moderate,crime_grounded_district_temporal_index,True,Severity-weighted NCRB 2021-2023 district crime burden (60%) + criminological temporal multiplier by time-of-day period (40%) + weekend adjustment (5%). District-level aggregate only.
1025,Daryaganj to Preet Vihar (Vikas Marg),East,midpoint/locality administrative mapping,medium,28.6452,77.2678,5700,456,trunk,True,1709346,26708,4769,278.9956,203.6906,347.9986,254.0699,-7.2857,14.1166,80,72,3755,1867.1848,2811.6416,2811.6416,3895.5772,2310.3545,2596.9561,92.0,False,False,False,True,True,True,True,23,Night,1,0,0,0,0,3755.0,1314.25,True,1,1.0,0.1391,59.5462,40.3432,8.3432,32.0,0.0,Moderate,crime_grounded_district_temporal_index,True,Severity-weighted NCRB 2021-2023 district crime burden (60%) + criminological temporal multiplier by time-of-day period (40%) + weekend adjustment (5%). District-level aggregate only.
1025,Daryaganj to Preet Vihar (Vikas Marg),East,midpoint/locality administrative mapping,medium,28.6452,77.2678,5700,456,trunk,True,1709346,26708,4769,278.9956,203.6906,347.9986,254.0699,-7.2857,14.1166,80,72,3755,1867.1848,2811.6416,2811.6416,3895.5772,2310.3545,2596.9561,92.0,False,False,False,True,True,True,True,23,Night,1,0,0,1,0,3755.0,1314.25,True,1,1.0,0.1391,59.5462,45.3432,8.3432,32.0,5.0,Moderate,crime_grounded_district_temporal_index,True,Severity-weighted NCRB 2021-2023 district crime burden (60%) + criminological temporal multiplier by time-of-day period (40%) + weekend adjustment (5%). District-level aggregate only.
1025,Daryaganj to Preet Vihar (Vikas Marg),East,midpoint/locality administrative mapping,medium,28.6452,77.2678,5700,456,trunk,True,1709346,26708,4769,278.9956,203.6906,347.9986,254.0699,-7.2857,14.1166,80,72,3755,1867.1848,2811.6416,2811.6416,3895.5772,2310.3545,2596.9561,92.0,False,False,False,True,True,True,True,2,Late Night,1,1,0,0,0,3755.0,751.0,True,1,1.0,0.1391,59.5462,48.3432,8.3432,40.0,0.0,Moderate,crime_grounded_district_temporal_index,True,Severity-weighted NCRB 2021-2023 district crime burden (60%) + criminological temporal multiplier by time-of-day period (40%) + weekend adjustment (5%). District-level aggregate only.
1025,Daryaganj to Preet Vihar (Vikas Marg),East,midpoint/locality administrative mapping,medium,28.6452,77.2678,5700,456,trunk,True,1709346,26708,4769,278.9956,203.6906,347.9986,254.0699,-7.2857,14.1166,80,72,3755,1867.1848,2811.6416,2811.6416,3895.5772,2310.3545,2596.9561,92.0,False,False,False,True,True,True,True,2,Late Night,1,1,0,1,0,3755.0,751.0,True,1,1.0,0.1391,59.5462,53.3432,8.3432,40.0,5.0,Moderate,crime_grounded_district_temporal_index,True,Severity-weighted NCRB 2021-2023 district crime burden (60%) + criminological temporal multiplier by time-of-day period (40%) + weekend adjustment (5%). District-level aggregate only.
1026,Preet Vihar to Shahdara,East,midpoint/locality administrative mapping,medium,28.6573,77.2918,3400,272,primary,True,1709346,26708,4769,278.9956,203.6906,347.9986,254.0699,-7.2857,14.1166,87,72,3097,1721.4764,3181.1813,3181.1813,6015.7066,4602.2168,2604.9694,92.0,False,False,False,True,True,True,True,8,Morning,0,0,0,0,1,3097.0,2013.05,True,0,0.5,0.1391,59.5462,20.3432,8.3432,12.0,0.0,Low,crime_grounded_district_temporal_index,True,Severity-weighted NCRB 2021-2023 district crime burden (60%) + criminological temporal multiplier by time-of-day period (40%) + weekend adjustment (5%). District-level aggregate only.
1026,Preet Vihar to Shahdara,East,midpoint/locality administrative mapping,medium,28.6573,77.2918,3400,272,primary,True,1709346,26708,4769,278.9956,203.6906,347.9986,254.0699,-7.2857,14.1166,87,72,3097,1721.4764,3181.1813,3181.1813,6015.7066,4602.2168,2604.9694,92.0,False,False,False,True,True,True,True,8,Morning,0,0,0,1,1,3097.0,2013.05,True,0,0.5,0.1391,59.5462,25.3432,8.3432,12.0,5.0,Low,crime_grounded_district_temporal_index,True,Severity-weighted NCRB 2021-2023 district crime burden (60%) + criminological temporal multiplier by time-of-day period (40%) + weekend adjustment (5%). District-level aggregate only.
1026,Preet Vihar to Shahdara,East,midpoint/locality administrative mapping,medium,28.6573,77.2918,3400,272,primary,True,1709346,26708,4769,278.9956,203.6906,347.9986,254.0699,-7.2857,14.1166,87,72,3097,1721.4764,3181.1813,3181.1813,6015.7066,4602.2168,2604.9694,92.0,False,False,False,True,True,True,True,13,Day,0,0,0,0,0,3097.0,1703.35,True,0,0.5,0.1391,59.5462,16.3432,8.3432,8.0,0.0,Low,crime_grounded_district_temporal_index,True,Severity-weighted NCRB 2021-2023 district crime burden (60%) + criminological temporal multiplier by time-of-day period (40%) + weekend adjustment (5%). District-level aggregate only.
1026,Preet Vihar to Shahdara,East,midpoint/locality administrative mapping,medium,28.6573,77.2918,3400,272,primary,True,1709346,26708,4769,278.9956,203.6906,347.9986,254.0699,-7.2857,14.1166,87,72,3097,1721.4764,3181.1813,3181.1813,6015.7066,4602.2168,2604.9694,92.0,False,False,False,True,True,True,True,13,Day,0,0,0,1,0,3097.0,1703.35,True,0,0.5,0.1391,59.5462,21.3432,8.3432,8.0,5.0,Low,crime_grounded_district_temporal_index,True,Severity-weighted NCRB 2021-2023 district crime burden (60%) + criminological temporal multiplier by time-of-day period (40%) + weekend adjustment (5%). District-level aggregate only.
1026,Preet Vihar to Shahdara,East,midpoint/locality administrative mapping,medium,28.6573,77.2918,3400,272,primary,True,1709346,26708,4769,278.9956,203.6906,347.9986,254.0699,-7.2857,14.1166,87,72,3097,1721.4764,3181.1813,3181.1813,6015.7066,4602.2168,2604.9694,92.0,False,False,False,True,True,True,True,19,Evening,0,0,1,0,1,3097.0,3097.0,True,0,0.5,0.1391,59.5462,28.3432,8.3432,20.0,0.0,Low,crime_grounded_district_temporal_index,True,Severity-weighted NCRB 2021-2023 district crime burden (60%) + criminological temporal multiplier by time-of-day period (40%) + weekend adjustment (5%). District-level aggregate only.
1026,Preet Vihar to Shahdara,East,midpoint/locality administrative mapping,medium,28.6573,77.2918,3400,272,primary,True,1709346,26708,4769,278.9956,203.6906,347.9986,254.0699,-7.2857,14.1166,87,72,3097,1721.4764,3181.1813,3181.1813,6015.7066,4602.2168,2604.9694,92.0,False,False,False,True,True,True,True,19,Evening,0,0,1,1,1,3097.0,3097.0,True,0,0.5,0.1391,59.5462,33.3432,8.3432,20.0,5.0,Moderate,crime_grounded_district_temporal_index,True,Severity-weighted NCRB 2021-2023 district crime burden (60%) + criminological temporal multiplier by time-of-day period (40%) + weekend adjustment (5%). District-level aggregate only.
1026,Preet Vihar to Shahdara,East,midpoint/locality administrative mapping,medium,28.6573,77.2918,3400,272,primary,True,1709346,26708,4769,278.9956,203.6906,347.9986,254.0699,-7.2857,14.1166,87,72,3097,1721.4764,3181.1813,3181.1813,6015.7066,4602.2168,2604.9694,92.0,False,False,False,True,True,True,True,23,Night,1,0,0,0,0,3097.0,1083.95,True,1,1.0,0.1391,59.5462,40.3432,8.3432,32.0,0.0,Moderate,crime_grounded_district_temporal_index,True,Severity-weighted NCRB 2021-2023 district crime burden (60%) + criminological temporal multiplier by time-of-day period (40%) + weekend adjustment (5%). District-level aggregate only.
1026,Preet Vihar to Shahdara,East,midpoint/locality administrative mapping,medium,28.6573,77.2918,3400,272,primary,True,1709346,26708,4769,278.9956,203.6906,347.9986,254.0699,-7.2857,14.1166,87,72,3097,1721.4764,3181.1813,3181.1813,6015.7066,4602.2168,2604.9694,92.0,False,False,False,True,True,True,True,23,Night,1,0,0,1,0,3097.0,1083.95,True,1,1.0,0.1391,59.5462,45.3432,8.3432,32.0,5.0,Moderate,crime_grounded_district_temporal_index,True,Severity-weighted NCRB 2021-2023 district crime burden (60%) + criminological temporal multiplier by time-of-day period (40%) + weekend adjustment (5%). District-level aggregate only.
1026,Preet Vihar to Shahdara,East,midpoint/locality administrative mapping,medium,28.6573,77.2918,3400,272,primary,True,1709346,26708,4769,278.9956,203.6906,347.9986,254.0699,-7.2857,14.1166,87,72,3097,1721.4764,3181.1813,3181.1813,6015.7066,4602.2168,2604.9694,92.0,False,False,False,True,True,True,True,2,Late Night,1,1,0,0,0,3097.0,619.4,True,1,1.0,0.1391,59.5462,48.3432,8.3432,40.0,0.0,Moderate,crime_grounded_district_temporal_index,True,Severity-weighted NCRB 2021-2023 district crime burden (60%) + criminological temporal multiplier by time-of-day period (40%) + weekend adjustment (5%). District-level aggregate only.
1026,Preet Vihar to Shahdara,East,midpoint/locality administrative mapping,medium,28.6573,77.2918,3400,272,primary,True,1709346,26708,4769,278.9956,203.6906,347.9986,254.0699,-7.2857,14.1166,87,72,3097,1721.4764,3181.1813,3181.1813,6015.7066,4602.2168,2604.9694,92.0,False,False,False,True,True,True,True,2,Late Night,1,1,0,1,0,3097.0,619.4,True,1,1.0,0.1391,59.5462,53.3432,8.3432,40.0,5.0,Moderate,crime_grounded_district_temporal_index,True,Severity-weighted NCRB 2021-2023 district crime burden (60%) + criminological temporal multiplier by time-of-day period (40%) + weekend adjustment (5%). District-level aggregate only.
1027,Shahdara to Seelampur,North East,midpoint/locality administrative mapping,medium,28.6705,77.2784,2100,168,secondary,True,2241624,36155,5312,236.9711,172.603,295.7633,215.3711,-5.7714,8.1898,47,34,794,1005.3901,3528.1207,3528.1207,4948.0006,3889.8041,1005.4083,92.0,False,False,False,True,True,True,True,8,Morning,0,0,0,0,1,794.0,516.1,True,0,0.5,0.0532,50.0251,15.1924,3.1924,12.0,0.0,Low,crime_grounded_district_temporal_index,True,Severity-weighted NCRB 2021-2023 district crime burden (60%) + criminological temporal multiplier by time-of-day period (40%) + weekend adjustment (5%). District-level aggregate only.
1027,Shahdara to Seelampur,North East,midpoint/locality administrative mapping,medium,28.6705,77.2784,2100,168,secondary,True,2241624,36155,5312,236.9711,172.603,295.7633,215.3711,-5.7714,8.1898,47,34,794,1005.3901,3528.1207,3528.1207,4948.0006,3889.8041,1005.4083,92.0,False,False,False,True,True,True,True,8,Morning,0,0,0,1,1,794.0,516.1,True,0,0.5,0.0532,50.0251,20.1924,3.1924,12.0,5.0,Low,crime_grounded_district_temporal_index,True,Severity-weighted NCRB 2021-2023 district crime burden (60%) + criminological temporal multiplier by time-of-day period (40%) + weekend adjustment (5%). District-level aggregate only.
1027,Shahdara to Seelampur,North East,midpoint/locality administrative mapping,medium,28.6705,77.2784,2100,168,secondary,True,2241624,36155,5312,236.9711,172.603,295.7633,215.3711,-5.7714,8.1898,47,34,794,1005.3901,3528.1207,3528.1207,4948.0006,3889.8041,1005.4083,92.0,False,False,False,True,True,True,True,13,Day,0,0,0,0,0,794.0,436.7,True,0,0.5,0.0532,50.0251,11.1924,3.1924,8.0,0.0,Low,crime_grounded_district_temporal_index,True,Severity-weighted NCRB 2021-2023 district crime burden (60%) + criminological temporal multiplier by time-of-day period (40%) + weekend adjustment (5%). District-level aggregate only.
1027,Shahdara to Seelampur,North East,midpoint/locality administrative mapping,medium,28.6705,77.2784,2100,168,secondary,True,2241624,36155,5312,236.9711,172.603,295.7633,215.3711,-5.7714,8.1898,47,34,794,1005.3901,3528.1207,3528.1207,4948.0006,3889.8041,1005.4083,92.0,False,False,False,True,True,True,True,13,Day,0,0,0,1,0,794.0,436.7,True,0,0.5,0.0532,50.0251,16.1924,3.1924,8.0,5.0,Low,crime_grounded_district_temporal_index,True,Severity-weighted NCRB 2021-2023 district crime burden (60%) + criminological temporal multiplier by time-of-day period (40%) + weekend adjustment (5%). District-level aggregate only.
1027,Shahdara to Seelampur,North East,midpoint/locality administrative mapping,medium,28.6705,77.2784,2100,168,secondary,True,2241624,36155,5312,236.9711,172.603,295.7633,215.3711,-5.7714,8.1898,47,34,794,1005.3901,3528.1207,3528.1207,4948.0006,3889.8041,1005.4083,92.0,False,False,False,True,True,True,True,19,Evening,0,0,1,0,1,794.0,794.0,True,0,0.5,0.0532,50.0251,23.1924,3.1924,20.0,0.0,Low,crime_grounded_district_temporal_index,True,Severity-weighted NCRB 2021-2023 district crime burden (60%) + criminological temporal multiplier by time-of-day period (40%) + weekend adjustment (5%). District-level aggregate only.
1027,Shahdara to Seelampur,North East,midpoint/locality administrative mapping,medium,28.6705,77.2784,2100,168,secondary,True,2241624,36155,5312,236.9711,172.603,295.7633,215.3711,-5.7714,8.1898,47,34,794,1005.3901,3528.1207,3528.1207,4948.0006,3889.8041,1005.4083,92.0,False,False,False,True,True,True,True,19,Evening,0,0,1,1,1,794.0,794.0,True,0,0.5,0.0532,50.0251,28.1924,3.1924,20.0,5.0,Low,crime_grounded_district_temporal_index,True,Severity-weighted NCRB 2021-2023 district crime burden (60%) + criminological temporal multiplier by time-of-day period (40%) + weekend adjustment (5%). District-level aggregate only.
1027,Shahdara to Seelampur,North East,midpoint/locality administrative mapping,medium,28.6705,77.2784,2100,168,secondary,True,2241624,36155,5312,236.9711,172.603,295.7633,215.3711,-5.7714,8.1898,47,34,794,1005.3901,3528.1207,3528.1207,4948.0006,3889.8041,1005.4083,92.0,False,False,False,True,True,True,True,23,Night,1,0,0,0,0,794.0,277.9,True,1,1.0,0.0532,50.0251,35.1924,3.1924,32.0,0.0,Moderate,crime_grounded_district_temporal_index,True,Severity-weighted NCRB 2021-2023 district crime burden (60%) + criminological temporal multiplier by time-of-day period (40%) + weekend adjustment (5%). District-level aggregate only.
1027,Shahdara to Seelampur,North East,midpoint/locality administrative mapping,medium,28.6705,77.2784,2100,168,secondary,True,2241624,36155,5312,236.9711,172.603,295.7633,215.3711,-5.7714,8.1898,47,34,794,1005.3901,3528.1207,3528.1207,4948.0006,3889.8041,1005.4083,92.0,False,False,False,True,True,True,True,23,Night,1,0,0,1,0,794.0,277.9,True,1,1.0,0.0532,50.0251,40.1924,3.1924,32.0,5.0,Moderate,crime_grounded_district_temporal_index,True,Severity-weighted NCRB 2021-2023 district crime burden (60%) + criminological temporal multiplier by time-of-day period (40%) + weekend adjustment (5%). District-level aggregate only.
1027,Shahdara to Seelampur,North East,midpoint/locality administrative mapping,medium,28.6705,77.2784,2100,168,secondary,True,2241624,36155,5312,236.9711,172.603,295.7633,215.3711,-5.7714,8.1898,47,34,794,1005.3901,3528.1207,3528.1207,4948.0006,3889.8041,1005.4083,92.0,False,False,False,True,True,True,True,2,Late Night,1,1,0,0,0,794.0,158.8,True,1,1.0,0.0532,50.0251,43.1924,3.1924,40.0,0.0,Moderate,crime_grounded_district_temporal_index,True,Severity-weighted NCRB 2021-2023 district crime burden (60%) + criminological temporal multiplier by time-of-day period (40%) + weekend adjustment (5%). District-level aggregate only.
1027,Shahdara to Seelampur,North East,midpoint/locality administrative mapping,medium,28.6705,77.2784,2100,168,secondary,True,2241624,36155,5312,236.9711,172.603,295.7633,215.3711,-5.7714,8.1898,47,34,794,1005.3901,3528.1207,3528.1207,4948.0006,3889.8041,1005.4083,92.0,False,False,False,True,True,True,True,2,Late Night,1,1,0,1,0,794.0,158.8,True,1,1.0,0.0532,50.0251,48.1924,3.1924,40.0,5.0,Moderate,crime_grounded_district_temporal_index,True,Severity-weighted NCRB 2021-2023 district crime burden (60%) + criminological temporal multiplier by time-of-day period (40%) + weekend adjustment (5%). District-level aggregate only.
1028,Seelampur to Nand Nagri,North East,midpoint/locality administrative mapping,high,28.6835,77.2854,4700,376,secondary,True,2241624,36155,5312,236.9711,172.603,295.7633,215.3711,-5.7714,8.1898,58,41,83,1258.8141,2450.8977,2450.8977,6153.8393,5321.7197,2355.3929,86.0,False,False,False,True,True,True,True,8,Morning,0,0,0,0,1,83.0,53.95,True,0,0.5,0.0532,50.0251,15.1924,3.1924,12.0,0.0,Low,crime_grounded_district_temporal_index,True,Severity-weighted NCRB 2021-2023 district crime burden (60%) + criminological temporal multiplier by time-of-day period (40%) + weekend adjustment (5%). District-level aggregate only.
1028,Seelampur to Nand Nagri,North East,midpoint/locality administrative mapping,high,28.6835,77.2854,4700,376,secondary,True,2241624,36155,5312,236.9711,172.603,295.7633,215.3711,-5.7714,8.1898,58,41,83,1258.8141,2450.8977,2450.8977,6153.8393,5321.7197,2355.3929,86.0,False,False,False,True,True,True,True,8,Morning,0,0,0,1,1,83.0,53.95,True,0,0.5,0.0532,50.0251,20.1924,3.1924,12.0,5.0,Low,crime_grounded_district_temporal_index,True,Severity-weighted NCRB 2021-2023 district crime burden (60%) + criminological temporal multiplier by time-of-day period (40%) + weekend adjustment (5%). District-level aggregate only.
1028,Seelampur to Nand Nagri,North East,midpoint/locality administrative mapping,high,28.6835,77.2854,4700,376,secondary,True,2241624,36155,5312,236.9711,172.603,295.7633,215.3711,-5.7714,8.1898,58,41,83,1258.8141,2450.8977,2450.8977,6153.8393,5321.7197,2355.3929,86.0,False,False,False,True,True,True,True,13,Day,0,0,0,0,0,83.0,45.65,True,0,0.5,0.0532,50.0251,11.1924,3.1924,8.0,0.0,Low,crime_grounded_district_temporal_index,True,Severity-weighted NCRB 2021-2023 district crime burden (60%) + criminological temporal multiplier by time-of-day period (40%) + weekend adjustment (5%). District-level aggregate only.
1028,Seelampur to Nand Nagri,North East,midpoint/locality administrative mapping,high,28.6835,77.2854,4700,376,secondary,True,2241624,36155,5312,236.9711,172.603,295.7633,215.3711,-5.7714,8.1898,58,41,83,1258.8141,2450.8977,2450.8977,6153.8393,5321.7197,2355.3929,86.0,False,False,False,True,True,True,True,13,Day,0,0,0,1,0,83.0,45.65,True,0,0.5,0.0532,50.0251,16.1924,3.1924,8.0,5.0,Low,crime_grounded_district_temporal_index,True,Severity-weighted NCRB 2021-2023 district crime burden (60%) + criminological temporal multiplier by time-of-day period (40%) + weekend adjustment (5%). District-level aggregate only.
1028,Seelampur to Nand Nagri,North East,midpoint/locality administrative mapping,high,28.6835,77.2854,4700,376,secondary,True,2241624,36155,5312,236.9711,172.603,295.7633,215.3711,-5.7714,8.1898,58,41,83,1258.8141,2450.8977,2450.8977,6153.8393,5321.7197,2355.3929,86.0,False,False,False,True,True,True,True,19,Evening,0,0,1,0,1,83.0,83.0,True,0,0.5,0.0532,50.0251,23.1924,3.1924,20.0,0.0,Low,crime_grounded_district_temporal_index,True,Severity-weighted NCRB 2021-2023 district crime burden (60%) + criminological temporal multiplier by time-of-day period (40%) + weekend adjustment (5%). District-level aggregate only.
1028,Seelampur to Nand Nagri,North East,midpoint/locality administrative mapping,high,28.6835,77.2854,4700,376,secondary,True,2241624,36155,5312,236.9711,172.603,295.7633,215.3711,-5.7714,8.1898,58,41,83,1258.8141,2450.8977,2450.8977,6153.8393,5321.7197,2355.3929,86.0,False,False,False,True,True,True,True,19,Evening,0,0,1,1,1,83.0,83.0,True,0,0.5,0.0532,50.0251,28.1924,3.1924,20.0,5.0,Low,crime_grounded_district_temporal_index,True,Severity-weighted NCRB 2021-2023 district crime burden (60%) + criminological temporal multiplier by time-of-day period (40%) + weekend adjustment (5%). District-level aggregate only.
1028,Seelampur to Nand Nagri,North East,midpoint/locality administrative mapping,high,28.6835,77.2854,4700,376,secondary,True,2241624,36155,5312,236.9711,172.603,295.7633,215.3711,-5.7714,8.1898,58,41,83,1258.8141,2450.8977,2450.8977,6153.8393,5321.7197,2355.3929,86.0,False,False,False,True,True,True,True,23,Night,1,0,0,0,0,83.0,29.05,True,1,1.0,0.0532,50.0251,35.1924,3.1924,32.0,0.0,Moderate,crime_grounded_district_temporal_index,True,Severity-weighted NCRB 2021-2023 district crime burden (60%) + criminological temporal multiplier by time-of-day period (40%) + weekend adjustment (5%). District-level aggregate only.
1028,Seelampur to Nand Nagri,North East,midpoint/locality administrative mapping,high,28.6835,77.2854,4700,376,secondary,True,2241624,36155,5312,236.9711,172.603,295.7633,215.3711,-5.7714,8.1898,58,41,83,1258.8141,2450.8977,2450.8977,6153.8393,5321.7197,2355.3929,86.0,False,False,False,True,True,True,True,23,Night,1,0,0,1,0,83.0,29.05,True,1,1.0,0.0532,50.0251,40.1924,3.1924,32.0,5.0,Moderate,crime_grounded_district_temporal_index,True,Severity-weighted NCRB 2021-2023 district crime burden (60%) + criminological temporal multiplier by time-of-day period (40%) + weekend adjustment (5%). District-level aggregate only.
1028,Seelampur to Nand Nagri,North East,midpoint/locality administrative mapping,high,28.6835,77.2854,4700,376,secondary,True,2241624,36155,5312,236.9711,172.603,295.7633,215.3711,-5.7714,8.1898,58,41,83,1258.8141,2450.8977,2450.8977,6153.8393,5321.7197,2355.3929,86.0,False,False,False,True,True,True,True,2,Late Night,1,1,0,0,0,83.0,16.6,True,1,1.0,0.0532,50.0251,43.1924,3.1924,40.0,0.0,Moderate,crime_grounded_district_temporal_index,True,Severity-weighted NCRB 2021-2023 district crime burden (60%) + criminological temporal multiplier by time-of-day period (40%) + weekend adjustment (5%). District-level aggregate only.
1028,Seelampur to Nand Nagri,North East,midpoint/locality administrative mapping,high,28.6835,77.2854,4700,376,secondary,True,2241624,36155,5312,236.9711,172.603,295.7633,215.3711,-5.7714,8.1898,58,41,83,1258.8141,2450.8977,2450.8977,6153.8393,5321.7197,2355.3929,86.0,False,False,False,True,True,True,True,2,Late Night,1,1,0,1,0,83.0,16.6,True,1,1.0,0.0532,50.0251,48.1924,3.1924,40.0,5.0,Moderate,crime_grounded_district_temporal_index,True,Severity-weighted NCRB 2021-2023 district crime burden (60%) + criminological temporal multiplier by time-of-day period (40%) + weekend adjustment (5%). District-level aggregate only.
1029,Lajpat Nagar to Mayur Vihar (DND Link),South East,midpoint/locality administrative mapping,medium,28.5884,77.2704,6800,544,trunk,True,2283000,22382,5845,256.0228,186.9665,319.8292,233.5149,-2.6,16.4164,95,71,3281,3531.5422,2936.8438,2936.8438,3485.1941,3485.1941,6516.4911,84.0,False,False,False,True,True,True,True,8,Morning,0,0,0,0,1,3281.0,2132.65,True,0,0.5,0.0975,54.9365,17.8494,5.8494,12.0,0.0,Low,crime_grounded_district_temporal_index,True,Severity-weighted NCRB 2021-2023 district crime burden (60%) + criminological temporal multiplier by time-of-day period (40%) + weekend adjustment (5%). District-level aggregate only.
1029,Lajpat Nagar to Mayur Vihar (DND Link),South East,midpoint/locality administrative mapping,medium,28.5884,77.2704,6800,544,trunk,True,2283000,22382,5845,256.0228,186.9665,319.8292,233.5149,-2.6,16.4164,95,71,3281,3531.5422,2936.8438,2936.8438,3485.1941,3485.1941,6516.4911,84.0,False,False,False,True,True,True,True,8,Morning,0,0,0,1,1,3281.0,2132.65,True,0,0.5,0.0975,54.9365,22.8494,5.8494,12.0,5.0,Low,crime_grounded_district_temporal_index,True,Severity-weighted NCRB 2021-2023 district crime burden (60%) + criminological temporal multiplier by time-of-day period (40%) + weekend adjustment (5%). District-level aggregate only.
1029,Lajpat Nagar to Mayur Vihar (DND Link),South East,midpoint/locality administrative mapping,medium,28.5884,77.2704,6800,544,trunk,True,2283000,22382,5845,256.0228,186.9665,319.8292,233.5149,-2.6,16.4164,95,71,3281,3531.5422,2936.8438,2936.8438,3485.1941,3485.1941,6516.4911,84.0,False,False,False,True,True,True,True,13,Day,0,0,0,0,0,3281.0,1804.55,True,0,0.5,0.0975,54.9365,13.8494,5.8494,8.0,0.0,Low,crime_grounded_district_temporal_index,True,Severity-weighted NCRB 2021-2023 district crime burden (60%) + criminological temporal multiplier by time-of-day period (40%) + weekend adjustment (5%). District-level aggregate only.
1029,Lajpat Nagar to Mayur Vihar (DND Link),South East,midpoint/locality administrative mapping,medium,28.5884,77.2704,6800,544,trunk,True,2283000,22382,5845,256.0228,186.9665,319.8292,233.5149,-2.6,16.4164,95,71,3281,3531.5422,2936.8438,2936.8438,3485.1941,3485.1941,6516.4911,84.0,False,False,False,True,True,True,True,13,Day,0,0,0,1,0,3281.0,1804.55,True,0,0.5,0.0975,54.9365,18.8494,5.8494,8.0,5.0,Low,crime_grounded_district_temporal_index,True,Severity-weighted NCRB 2021-2023 district crime burden (60%) + criminological temporal multiplier by time-of-day period (40%) + weekend adjustment (5%). District-level aggregate only.
1029,Lajpat Nagar to Mayur Vihar (DND Link),South East,midpoint/locality administrative mapping,medium,28.5884,77.2704,6800,544,trunk,True,2283000,22382,5845,256.0228,186.9665,319.8292,233.5149,-2.6,16.4164,95,71,3281,3531.5422,2936.8438,2936.8438,3485.1941,3485.1941,6516.4911,84.0,False,False,False,True,True,True,True,19,Evening,0,0,1,0,1,3281.0,3281.0,True,0,0.5,0.0975,54.9365,25.8494,5.8494,20.0,0.0,Low,crime_grounded_district_temporal_index,True,Severity-weighted NCRB 2021-2023 district crime burden (60%) + criminological temporal multiplier by time-of-day period (40%) + weekend adjustment (5%). District-level aggregate only.
1029,Lajpat Nagar to Mayur Vihar (DND Link),South East,midpoint/locality administrative mapping,medium,28.5884,77.2704,6800,544,trunk,True,2283000,22382,5845,256.0228,186.9665,319.8292,233.5149,-2.6,16.4164,95,71,3281,3531.5422,2936.8438,2936.8438,3485.1941,3485.1941,6516.4911,84.0,False,False,False,True,True,True,True,19,Evening,0,0,1,1,1,3281.0,3281.0,True,0,0.5,0.0975,54.9365,30.8494,5.8494,20.0,5.0,Low,crime_grounded_district_temporal_index,True,Severity-weighted NCRB 2021-2023 district crime burden (60%) + criminological temporal multiplier by time-of-day period (40%) + weekend adjustment (5%). District-level aggregate only.
1029,Lajpat Nagar to Mayur Vihar (DND Link),South East,midpoint/locality administrative mapping,medium,28.5884,77.2704,6800,544,trunk,True,2283000,22382,5845,256.0228,186.9665,319.8292,233.5149,-2.6,16.4164,95,71,3281,3531.5422,2936.8438,2936.8438,3485.1941,3485.1941,6516.4911,84.0,False,False,False,True,True,True,True,23,Night,1,0,0,0,0,3281.0,1148.35,True,1,1.0,0.0975,54.9365,37.8494,5.8494,32.0,0.0,Moderate,crime_grounded_district_temporal_index,True,Severity-weighted NCRB 2021-2023 district crime burden (60%) + criminological temporal multiplier by time-of-day period (40%) + weekend adjustment (5%). District-level aggregate only.
1029,Lajpat Nagar to Mayur Vihar (DND Link),South East,midpoint/locality administrative mapping,medium,28.5884,77.2704,6800,544,trunk,True,2283000,22382,5845,256.0228,186.9665,319.8292,233.5149,-2.6,16.4164,95,71,3281,3531.5422,2936.8438,2936.8438,3485.1941,3485.1941,6516.4911,84.0,False,False,False,True,True,True,True,23,Night,1,0,0,1,0,3281.0,1148.35,True,1,1.0,0.0975,54.9365,42.8494,5.8494,32.0,5.0,Moderate,crime_grounded_district_temporal_index,True,Severity-weighted NCRB 2021-2023 district crime burden (60%) + criminological temporal multiplier by time-of-day period (40%) + weekend adjustment (5%). District-level aggregate only.
1029,Lajpat Nagar to Mayur Vihar (DND Link),South East,midpoint/locality administrative mapping,medium,28.5884,77.2704,6800,544,trunk,True,2283000,22382,5845,256.0228,186.9665,319.8292,233.5149,-2.6,16.4164,95,71,3281,3531.5422,2936.8438,2936.8438,3485.1941,3485.1941,6516.4911,84.0,False,False,False,True,True,True,True,2,Late Night,1,1,0,0,0,3281.0,656.2,True,1,1.0,0.0975,54.9365,45.8494,5.8494,40.0,0.0,Moderate,crime_grounded_district_temporal_index,True,Severity-weighted NCRB 2021-2023 district crime burden (60%) + criminological temporal multiplier by time-of-day period (40%) + weekend adjustment (5%). District-level aggregate only.
1029,Lajpat Nagar to Mayur Vihar (DND Link),South East,midpoint/locality administrative mapping,medium,28.5884,77.2704,6800,544,trunk,True,2283000,22382,5845,256.0228,186.9665,319.8292,233.5149,-2.6,16.4164,95,71,3281,3531.5422,2936.8438,2936.8438,3485.1941,3485.1941,6516.4911,84.0,False,False,False,True,True,True,True,2,Late Night,1,1,0,1,0,3281.0,656.2,True,1,1.0,0.0975,54.9365,50.8494,5.8494,40.0,5.0,Moderate,crime_grounded_district_temporal_index,True,Severity-weighted NCRB 2021-2023 district crime burden (60%) + criminological temporal multiplier by time-of-day period (40%) + weekend adjustment (5%). District-level aggregate only.
1030,Okhla Ind Area to Sarita Vihar,South East,midpoint/locality administrative mapping,high,28.5355,77.2774,1800,144,secondary,True,2283000,22382,5845,256.0228,186.9665,319.8292,233.5149,-2.6,16.4164,38,22,635,873.3084,873.286,873.286,4881.6526,4881.6526,873.3084,84.0,True,True,False,True,True,True,True,8,Morning,0,0,0,0,1,635.0,412.75,True,0,0.5,0.0975,54.9365,17.8494,5.8494,12.0,0.0,Low,crime_grounded_district_temporal_index,True,Severity-weighted NCRB 2021-2023 district crime burden (60%) + criminological temporal multiplier by time-of-day period (40%) + weekend adjustment (5%). District-level aggregate only.
1030,Okhla Ind Area to Sarita Vihar,South East,midpoint/locality administrative mapping,high,28.5355,77.2774,1800,144,secondary,True,2283000,22382,5845,256.0228,186.9665,319.8292,233.5149,-2.6,16.4164,38,22,635,873.3084,873.286,873.286,4881.6526,4881.6526,873.3084,84.0,True,True,False,True,True,True,True,8,Morning,0,0,0,1,1,635.0,412.75,True,0,0.5,0.0975,54.9365,22.8494,5.8494,12.0,5.0,Low,crime_grounded_district_temporal_index,True,Severity-weighted NCRB 2021-2023 district crime burden (60%) + criminological temporal multiplier by time-of-day period (40%) + weekend adjustment (5%). District-level aggregate only.
1030,Okhla Ind Area to Sarita Vihar,South East,midpoint/locality administrative mapping,high,28.5355,77.2774,1800,144,secondary,True,2283000,22382,5845,256.0228,186.9665,319.8292,233.5149,-2.6,16.4164,38,22,635,873.3084,873.286,873.286,4881.6526,4881.6526,873.3084,84.0,True,True,False,True,True,True,True,13,Day,0,0,0,0,0,635.0,349.25,True,0,0.5,0.0975,54.9365,13.8494,5.8494,8.0,0.0,Low,crime_grounded_district_temporal_index,True,Severity-weighted NCRB 2021-2023 district crime burden (60%) + criminological temporal multiplier by time-of-day period (40%) + weekend adjustment (5%). District-level aggregate only.
1030,Okhla Ind Area to Sarita Vihar,South East,midpoint/locality administrative mapping,high,28.5355,77.2774,1800,144,secondary,True,2283000,22382,5845,256.0228,186.9665,319.8292,233.5149,-2.6,16.4164,38,22,635,873.3084,873.286,873.286,4881.6526,4881.6526,873.3084,84.0,True,True,False,True,True,True,True,13,Day,0,0,0,1,0,635.0,349.25,True,0,0.5,0.0975,54.9365,18.8494,5.8494,8.0,5.0,Low,crime_grounded_district_temporal_index,True,Severity-weighted NCRB 2021-2023 district crime burden (60%) + criminological temporal multiplier by time-of-day period (40%) + weekend adjustment (5%). District-level aggregate only.
1030,Okhla Ind Area to Sarita Vihar,South East,midpoint/locality administrative mapping,high,28.5355,77.2774,1800,144,secondary,True,2283000,22382,5845,256.0228,186.9665,319.8292,233.5149,-2.6,16.4164,38,22,635,873.3084,873.286,873.286,4881.6526,4881.6526,873.3084,84.0,True,True,False,True,True,True,True,19,Evening,0,0,1,0,1,635.0,635.0,True,0,0.5,0.0975,54.9365,25.8494,5.8494,20.0,0.0,Low,crime_grounded_district_temporal_index,True,Severity-weighted NCRB 2021-2023 district crime burden (60%) + criminological temporal multiplier by time-of-day period (40%) + weekend adjustment (5%). District-level aggregate only.
1030,Okhla Ind Area to Sarita Vihar,South East,midpoint/locality administrative mapping,high,28.5355,77.2774,1800,144,secondary,True,2283000,22382,5845,256.0228,186.9665,319.8292,233.5149,-2.6,16.4164,38,22,635,873.3084,873.286,873.286,4881.6526,4881.6526,873.3084,84.0,True,True,False,True,True,True,True,19,Evening,0,0,1,1,1,635.0,635.0,True,0,0.5,0.0975,54.9365,30.8494,5.8494,20.0,5.0,Low,crime_grounded_district_temporal_index,True,Severity-weighted NCRB 2021-2023 district crime burden (60%) + criminological temporal multiplier by time-of-day period (40%) + weekend adjustment (5%). District-level aggregate only.
1030,Okhla Ind Area to Sarita Vihar,South East,midpoint/locality administrative mapping,high,28.5355,77.2774,1800,144,secondary,True,2283000,22382,5845,256.0228,186.9665,319.8292,233.5149,-2.6,16.4164,38,22,635,873.3084,873.286,873.286,4881.6526,4881.6526,873.3084,84.0,True,True,False,True,True,True,True,23,Night,1,0,0,0,0,635.0,222.25,True,1,1.0,0.0975,54.9365,37.8494,5.8494,32.0,0.0,Moderate,crime_grounded_district_temporal_index,True,Severity-weighted NCRB 2021-2023 district crime burden (60%) + criminological temporal multiplier by time-of-day period (40%) + weekend adjustment (5%). District-level aggregate only.
1030,Okhla Ind Area to Sarita Vihar,South East,midpoint/locality administrative mapping,high,28.5355,77.2774,1800,144,secondary,True,2283000,22382,5845,256.0228,186.9665,319.8292,233.5149,-2.6,16.4164,38,22,635,873.3084,873.286,873.286,4881.6526,4881.6526,873.3084,84.0,True,True,False,True,True,True,True,23,Night,1,0,0,1,0,635.0,222.25,True,1,1.0,0.0975,54.9365,42.8494,5.8494,32.0,5.0,Moderate,crime_grounded_district_temporal_index,True,Severity-weighted NCRB 2021-2023 district crime burden (60%) + criminological temporal multiplier by time-of-day period (40%) + weekend adjustment (5%). District-level aggregate only.
1030,Okhla Ind Area to Sarita Vihar,South East,midpoint/locality administrative mapping,high,28.5355,77.2774,1800,144,secondary,True,2283000,22382,5845,256.0228,186.9665,319.8292,233.5149,-2.6,16.4164,38,22,635,873.3084,873.286,873.286,4881.6526,4881.6526,873.3084,84.0,True,True,False,True,True,True,True,2,Late Night,1,1,0,0,0,635.0,127.0,True,1,1.0,0.0975,54.9365,45.8494,5.8494,40.0,0.0,Moderate,crime_grounded_district_temporal_index,True,Severity-weighted NCRB 2021-2023 district crime burden (60%) + criminological temporal multiplier by time-of-day period (40%) + weekend adjustment (5%). District-level aggregate only.
1030,Okhla Ind Area to Sarita Vihar,South East,midpoint/locality administrative mapping,high,28.5355,77.2774,1800,144,secondary,True,2283000,22382,5845,256.0228,186.9665,319.8292,233.5149,-2.6,16.4164,38,22,635,873.3084,873.286,873.286,4881.6526,4881.6526,873.3084,84.0,True,True,False,True,True,True,True,2,Late Night,1,1,0,1,0,635.0,127.0,True,1,1.0,0.0975,54.9365,50.8494,5.8494,40.0,5.0,Moderate,crime_grounded_district_temporal_index,True,Severity-weighted NCRB 2021-2023 district crime burden (60%) + criminological temporal multiplier by time-of-day period (40%) + weekend adjustment (5%). District-level aggregate only.
