segment_id,segment_name,district,mapping_method,confidence,midpoint_latitude,midpoint_longitude,distance_m,estimated_travel_time_s,road_type,walkable,population,population_density,total_reported_cases,cases_per_100k,severity_weighted_cases_per_100k,recent_cases_per_100k,recent_severity_per_100k,crime_trend_slope,historical_baseline,lighting_score,cctv_coverage_score,footfall_proxy,distance_to_police_m,distance_to_hospital_m,distance_to_medical_facility_m,distance_to_public_toilet_m,distance_to_nearest_amenity_m,distance_to_transit_node_m,nearest_hotspot_distance_m,nearest_hotspot_intensity,has_police_nearby,has_hospital_nearby,has_public_toilet_nearby,lighting_data_synthetic,cctv_data_synthetic,mobility_data_synthetic,hotspot_data_synthetic,representative_hour,time_period,is_night,is_late_night,is_evening_peak,is_weekend,is_peak_hour,base_evening_footfall,contextual_footfall_proxy,temporal_data_synthetic,reduced_activity_context,lighting_relevance,crime_burden_norm,crime_burden_per_100k,crime_grounded_risk_index,target_crime_burden_component,target_temporal_component,target_spatial_component,target_weekend_component,risk_band,target_type,target_is_observed_crime,target_description,predicted_risk,prediction_error
1001,Connaught Place to Janpath,New Delhi,midpoint/locality administrative mapping,high,28.629,77.217,950,76,primary,True,142004,4057,951,669.6994,499.8294,836.5257,623.9652,-0.4857,100.0,74,78,4782,279.0561,2494.6985,2494.6985,348.9709,348.9709,490.3877,1601.6145,88.0,True,False,True,True,True,True,True,8,Morning,0,0,0,0,1,4782.0,3108.3,True,0,0.5,1.0,155.0308,46.3439,35.0,10.5,0.8439,0.0,Moderate,crime_grounded_district_temporal_spatial_index,True,Severity-weighted NCRB district crime burden (35%) + temporal multiplier (35%) + spatial hotspot density (30%) + weekend adjustment (5%).,48.810318,-2.4664179931640646
1001,Connaught Place to Janpath,New Delhi,midpoint/locality administrative mapping,high,28.629,77.217,950,76,primary,True,142004,4057,951,669.6994,499.8294,836.5257,623.9652,-0.4857,100.0,74,78,4782,279.0561,2494.6985,2494.6985,348.9709,348.9709,490.3877,1601.6145,88.0,True,False,True,True,True,True,True,8,Morning,0,0,0,1,1,4782.0,3108.3,True,0,0.5,1.0,155.0308,51.3439,35.0,10.5,0.8439,5.0,Moderate,crime_grounded_district_temporal_spatial_index,True,Severity-weighted NCRB district crime burden (35%) + temporal multiplier (35%) + spatial hotspot density (30%) + weekend adjustment (5%).,48.810318,2.5335820068359354
1001,Connaught Place to Janpath,New Delhi,midpoint/locality administrative mapping,high,28.629,77.217,950,76,primary,True,142004,4057,951,669.6994,499.8294,836.5257,623.9652,-0.4857,100.0,74,78,4782,279.0561,2494.6985,2494.6985,348.9709,348.9709,490.3877,1601.6145,88.0,True,False,True,True,True,True,True,13,Day,0,0,0,0,0,4782.0,2630.1,True,0,0.5,1.0,155.0308,42.8439,35.0,7.0,0.8439,0.0,Moderate,crime_grounded_district_temporal_spatial_index,True,Severity-weighted NCRB district crime burden (35%) + temporal multiplier (35%) + spatial hotspot density (30%) + weekend adjustment (5%).,46.808857,-3.9649569641113303
1001,Connaught Place to Janpath,New Delhi,midpoint/locality administrative mapping,high,28.629,77.217,950,76,primary,True,142004,4057,951,669.6994,499.8294,836.5257,623.9652,-0.4857,100.0,74,78,4782,279.0561,2494.6985,2494.6985,348.9709,348.9709,490.3877,1601.6145,88.0,True,False,True,True,True,True,True,13,Day,0,0,0,1,0,4782.0,2630.1,True,0,0.5,1.0,155.0308,47.8439,35.0,7.0,0.8439,5.0,Moderate,crime_grounded_district_temporal_spatial_index,True,Severity-weighted NCRB district crime burden (35%) + temporal multiplier (35%) + spatial hotspot density (30%) + weekend adjustment (5%).,46.808857,1.0350430358886697
1001,Connaught Place to Janpath,New Delhi,midpoint/locality administrative mapping,high,28.629,77.217,950,76,primary,True,142004,4057,951,669.6994,499.8294,836.5257,623.9652,-0.4857,100.0,74,78,4782,279.0561,2494.6985,2494.6985,348.9709,348.9709,490.3877,1601.6145,88.0,True,False,True,True,True,True,True,19,Evening,0,0,1,0,1,4782.0,4782.0,True,0,0.5,1.0,155.0308,53.3439,35.0,17.5,0.8439,0.0,Moderate,crime_grounded_district_temporal_spatial_index,True,Severity-weighted NCRB district crime burden (35%) + temporal multiplier (35%) + spatial hotspot density (30%) + weekend adjustment (5%).,55.12541,-1.781508172607424
1001,Connaught Place to Janpath,New Delhi,midpoint/locality administrative mapping,high,28.629,77.217,950,76,primary,True,142004,4057,951,669.6994,499.8294,836.5257,623.9652,-0.4857,100.0,74,78,4782,279.0561,2494.6985,2494.6985,348.9709,348.9709,490.3877,1601.6145,88.0,True,False,True,True,True,True,True,19,Evening,0,0,1,1,1,4782.0,4782.0,True,0,0.5,1.0,155.0308,58.3439,35.0,17.5,0.8439,5.0,Moderate,crime_grounded_district_temporal_spatial_index,True,Severity-weighted NCRB district crime burden (35%) + temporal multiplier (35%) + spatial hotspot density (30%) + weekend adjustment (5%).,55.12541,3.218491827392576
1001,Connaught Place to Janpath,New Delhi,midpoint/locality administrative mapping,high,28.629,77.217,950,76,primary,True,142004,4057,951,669.6994,499.8294,836.5257,623.9652,-0.4857,100.0,74,78,4782,279.0561,2494.6985,2494.6985,348.9709,348.9709,490.3877,1601.6145,88.0,True,False,True,True,True,True,True,23,Night,1,0,0,0,0,4782.0,1673.7,True,1,1.0,1.0,155.0308,63.8439,35.0,28.0,0.8439,0.0,Moderate,crime_grounded_district_temporal_spatial_index,True,Severity-weighted NCRB district crime burden (35%) + temporal multiplier (35%) + spatial hotspot density (30%) + weekend adjustment (5%).,66.38488,-2.540980065917971
1001,Connaught Place to Janpath,New Delhi,midpoint/locality administrative mapping,high,28.629,77.217,950,76,primary,True,142004,4057,951,669.6994,499.8294,836.5257,623.9652,-0.4857,100.0,74,78,4782,279.0561,2494.6985,2494.6985,348.9709,348.9709,490.3877,1601.6145,88.0,True,False,True,True,True,True,True,23,Night,1,0,0,1,0,4782.0,1673.7,True,1,1.0,1.0,155.0308,68.8439,35.0,28.0,0.8439,5.0,High,crime_grounded_district_temporal_spatial_index,True,Severity-weighted NCRB district crime burden (35%) + temporal multiplier (35%) + spatial hotspot density (30%) + weekend adjustment (5%).,66.38488,2.4590199340820362
1001,Connaught Place to Janpath,New Delhi,midpoint/locality administrative mapping,high,28.629,77.217,950,76,primary,True,142004,4057,951,669.6994,499.8294,836.5257,623.9652,-0.4857,100.0,74,78,4782,279.0561,2494.6985,2494.6985,348.9709,348.9709,490.3877,1601.6145,88.0,True,False,True,True,True,True,True,2,Late Night,1,1,0,0,0,4782.0,956.4,True,1,1.0,1.0,155.0308,70.8439,35.0,35.0,0.8439,0.0,High,crime_grounded_district_temporal_spatial_index,True,Severity-weighted NCRB district crime burden (35%) + temporal multiplier (35%) + spatial hotspot density (30%) + weekend adjustment (5%).,72.45212,-1.60821791992187
1001,Connaught Place to Janpath,New Delhi,midpoint/locality administrative mapping,high,28.629,77.217,950,76,primary,True,142004,4057,951,669.6994,499.8294,836.5257,623.9652,-0.4857,100.0,74,78,4782,279.0561,2494.6985,2494.6985,348.9709,348.9709,490.3877,1601.6145,88.0,True,False,True,True,True,True,True,2,Late Night,1,1,0,1,0,4782.0,956.4,True,1,1.0,1.0,155.0308,75.8439,35.0,35.0,0.8439,5.0,High,crime_grounded_district_temporal_spatial_index,True,Severity-weighted NCRB district crime burden (35%) + temporal multiplier (35%) + spatial hotspot density (30%) + weekend adjustment (5%).,72.45212,3.39178208007813
1002,Janpath to Tuglak Road,New Delhi,midpoint/locality administrative mapping,high,28.6147,77.2131,2400,192,primary,True,142004,4057,951,669.6994,499.8294,836.5257,623.9652,-0.4857,100.0,81,73,1938,1900.8345,3653.1511,3653.1511,1982.2347,1982.2347,2107.3416,3170.8735,88.0,False,False,False,True,True,True,True,8,Morning,0,0,0,0,1,1938.0,1259.7,True,0,0.5,1.0,155.0308,45.5366,35.0,10.5,0.0366,0.0,Moderate,crime_grounded_district_temporal_spatial_index,True,Severity-weighted NCRB district crime burden (35%) + temporal multiplier (35%) + spatial hotspot density (30%) + weekend adjustment (5%).,47.233223,-1.6966229614257813
1002,Janpath to Tuglak Road,New Delhi,midpoint/locality administrative mapping,high,28.6147,77.2131,2400,192,primary,True,142004,4057,951,669.6994,499.8294,836.5257,623.9652,-0.4857,100.0,81,73,1938,1900.8345,3653.1511,3653.1511,1982.2347,1982.2347,2107.3416,3170.8735,88.0,False,False,False,True,True,True,True,8,Morning,0,0,0,1,1,1938.0,1259.7,True,0,0.5,1.0,155.0308,50.5366,35.0,10.5,0.0366,5.0,Moderate,crime_grounded_district_temporal_spatial_index,True,Severity-weighted NCRB district crime burden (35%) + temporal multiplier (35%) + spatial hotspot density (30%) + weekend adjustment (5%).,47.233223,3.3033770385742187
1002,Janpath to Tuglak Road,New Delhi,midpoint/locality administrative mapping,high,28.6147,77.2131,2400,192,primary,True,142004,4057,951,669.6994,499.8294,836.5257,623.9652,-0.4857,100.0,81,73,1938,1900.8345,3653.1511,3653.1511,1982.2347,1982.2347,2107.3416,3170.8735,88.0,False,False,False,True,True,True,True,13,Day,0,0,0,0,0,1938.0,1065.9,True,0,0.5,1.0,155.0308,42.0366,35.0,7.0,0.0366,0.0,Moderate,crime_grounded_district_temporal_spatial_index,True,Severity-weighted NCRB district crime burden (35%) + temporal multiplier (35%) + spatial hotspot density (30%) + weekend adjustment (5%).,46.345184,-4.308584326171875
1002,Janpath to Tuglak Road,New Delhi,midpoint/locality administrative mapping,high,28.6147,77.2131,2400,192,primary,True,142004,4057,951,669.6994,499.8294,836.5257,623.9652,-0.4857,100.0,81,73,1938,1900.8345,3653.1511,3653.1511,1982.2347,1982.2347,2107.3416,3170.8735,88.0,False,False,False,True,True,True,True,13,Day,0,0,0,1,0,1938.0,1065.9,True,0,0.5,1.0,155.0308,47.0366,35.0,7.0,0.0366,5.0,Moderate,crime_grounded_district_temporal_spatial_index,True,Severity-weighted NCRB district crime burden (35%) + temporal multiplier (35%) + spatial hotspot density (30%) + weekend adjustment (5%).,46.345184,0.691415673828125
1002,Janpath to Tuglak Road,New Delhi,midpoint/locality administrative mapping,high,28.6147,77.2131,2400,192,primary,True,142004,4057,951,669.6994,499.8294,836.5257,623.9652,-0.4857,100.0,81,73,1938,1900.8345,3653.1511,3653.1511,1982.2347,1982.2347,2107.3416,3170.8735,88.0,False,False,False,True,True,True,True,19,Evening,0,0,1,0,1,1938.0,1938.0,True,0,0.5,1.0,155.0308,52.5366,35.0,17.5,0.0366,0.0,Moderate,crime_grounded_district_temporal_spatial_index,True,Severity-weighted NCRB district crime burden (35%) + temporal multiplier (35%) + spatial hotspot density (30%) + weekend adjustment (5%).,53.867424,-1.3308240112304688
1002,Janpath to Tuglak Road,New Delhi,midpoint/locality administrative mapping,high,28.6147,77.2131,2400,192,primary,True,142004,4057,951,669.6994,499.8294,836.5257,623.9652,-0.4857,100.0,81,73,1938,1900.8345,3653.1511,3653.1511,1982.2347,1982.2347,2107.3416,3170.8735,88.0,False,False,False,True,True,True,True,19,Evening,0,0,1,1,1,1938.0,1938.0,True,0,0.5,1.0,155.0308,57.5366,35.0,17.5,0.0366,5.0,Moderate,crime_grounded_district_temporal_spatial_index,True,Severity-weighted NCRB district crime burden (35%) + temporal multiplier (35%) + spatial hotspot density (30%) + weekend adjustment (5%).,53.867424,3.669175988769531
1002,Janpath to Tuglak Road,New Delhi,midpoint/locality administrative mapping,high,28.6147,77.2131,2400,192,primary,True,142004,4057,951,669.6994,499.8294,836.5257,623.9652,-0.4857,100.0,81,73,1938,1900.8345,3653.1511,3653.1511,1982.2347,1982.2347,2107.3416,3170.8735,88.0,False,False,False,True,True,True,True,23,Night,1,0,0,0,0,1938.0,678.3,True,1,1.0,1.0,155.0308,63.0366,35.0,28.0,0.0366,0.0,Moderate,crime_grounded_district_temporal_spatial_index,True,Severity-weighted NCRB district crime burden (35%) + temporal multiplier (35%) + spatial hotspot density (30%) + weekend adjustment (5%).,67.016884,-3.9802838500976563
1002,Janpath to Tuglak Road,New Delhi,midpoint/locality administrative mapping,high,28.6147,77.2131,2400,192,primary,True,142004,4057,951,669.6994,499.8294,836.5257,623.9652,-0.4857,100.0,81,73,1938,1900.8345,3653.1511,3653.1511,1982.2347,1982.2347,2107.3416,3170.8735,88.0,False,False,False,True,True,True,True,23,Night,1,0,0,1,0,1938.0,678.3,True,1,1.0,1.0,155.0308,68.0366,35.0,28.0,0.0366,5.0,High,crime_grounded_district_temporal_spatial_index,True,Severity-weighted NCRB district crime burden (35%) + temporal multiplier (35%) + spatial hotspot density (30%) + weekend adjustment (5%).,67.016884,1.0197161499023508
1002,Janpath to Tuglak Road,New Delhi,midpoint/locality administrative mapping,high,28.6147,77.2131,2400,192,primary,True,142004,4057,951,669.6994,499.8294,836.5257,623.9652,-0.4857,100.0,81,73,1938,1900.8345,3653.1511,3653.1511,1982.2347,1982.2347,2107.3416,3170.8735,88.0,False,False,False,True,True,True,True,2,Late Night,1,1,0,0,0,1938.0,387.6,True,1,1.0,1.0,155.0308,70.0366,35.0,35.0,0.0366,0.0,High,crime_grounded_district_temporal_spatial_index,True,Severity-weighted NCRB district crime burden (35%) + temporal multiplier (35%) + spatial hotspot density (30%) + weekend adjustment (5%).,71.44001,-1.4034100708007742
1002,Janpath to Tuglak Road,New Delhi,midpoint/locality administrative mapping,high,28.6147,77.2131,2400,192,primary,True,142004,4057,951,669.6994,499.8294,836.5257,623.9652,-0.4857,100.0,81,73,1938,1900.8345,3653.1511,3653.1511,1982.2347,1982.2347,2107.3416,3170.8735,88.0,False,False,False,True,True,True,True,2,Late Night,1,1,0,1,0,1938.0,387.6,True,1,1.0,1.0,155.0308,75.0366,35.0,35.0,0.0366,5.0,High,crime_grounded_district_temporal_spatial_index,True,Severity-weighted NCRB district crime burden (35%) + temporal multiplier (35%) + spatial hotspot density (30%) + weekend adjustment (5%).,71.44001,3.596589929199226
1003,Tuglak Road to Chanakyapuri,New Delhi,midpoint/locality administrative mapping,high,28.6008,77.198,3100,248,primary,True,142004,4057,951,669.6994,499.8294,836.5257,623.9652,-0.4857,100.0,91,54,4406,3868.7653,3613.4554,3613.4554,3978.4576,3613.4554,3995.7716,4971.2115,88.0,False,False,False,True,True,True,True,8,Morning,0,0,0,0,1,4406.0,2863.9,True,0,0.5,1.0,155.0308,45.501,35.0,10.5,0.001,0.0,Moderate,crime_grounded_district_temporal_spatial_index,True,Severity-weighted NCRB district crime burden (35%) + temporal multiplier (35%) + spatial hotspot density (30%) + weekend adjustment (5%).,48.15183,-2.650828765869143
1003,Tuglak Road to Chanakyapuri,New Delhi,midpoint/locality administrative mapping,high,28.6008,77.198,3100,248,primary,True,142004,4057,951,669.6994,499.8294,836.5257,623.9652,-0.4857,100.0,91,54,4406,3868.7653,3613.4554,3613.4554,3978.4576,3613.4554,3995.7716,4971.2115,88.0,False,False,False,True,True,True,True,8,Morning,0,0,0,1,1,4406.0,2863.9,True,0,0.5,1.0,155.0308,50.501,35.0,10.5,0.001,5.0,Moderate,crime_grounded_district_temporal_spatial_index,True,Severity-weighted NCRB district crime burden (35%) + temporal multiplier (35%) + spatial hotspot density (30%) + weekend adjustment (5%).,48.15183,2.349171234130857
1003,Tuglak Road to Chanakyapuri,New Delhi,midpoint/locality administrative mapping,high,28.6008,77.198,3100,248,primary,True,142004,4057,951,669.6994,499.8294,836.5257,623.9652,-0.4857,100.0,91,54,4406,3868.7653,3613.4554,3613.4554,3978.4576,3613.4554,3995.7716,4971.2115,88.0,False,False,False,True,True,True,True,13,Day,0,0,0,0,0,4406.0,2423.3,True,0,0.5,1.0,155.0308,42.001,35.0,7.0,0.001,0.0,Moderate,crime_grounded_district_temporal_spatial_index,True,Severity-weighted NCRB district crime burden (35%) + temporal multiplier (35%) + spatial hotspot density (30%) + weekend adjustment (5%).,45.158443,-3.1574434509277367
1003,Tuglak Road to Chanakyapuri,New Delhi,midpoint/locality administrative mapping,high,28.6008,77.198,3100,248,primary,True,142004,4057,951,669.6994,499.8294,836.5257,623.9652,-0.4857,100.0,91,54,4406,3868.7653,3613.4554,3613.4554,3978.4576,3613.4554,3995.7716,4971.2115,88.0,False,False,False,True,True,True,True,13,Day,0,0,0,1,0,4406.0,2423.3,True,0,0.5,1.0,155.0308,47.001,35.0,7.0,0.001,5.0,Moderate,crime_grounded_district_temporal_spatial_index,True,Severity-weighted NCRB district crime burden (35%) + temporal multiplier (35%) + spatial hotspot density (30%) + weekend adjustment (5%).,45.158443,1.8425565490722633
1003,Tuglak Road to Chanakyapuri,New Delhi,midpoint/locality administrative mapping,high,28.6008,77.198,3100,248,primary,True,142004,4057,951,669.6994,499.8294,836.5257,623.9652,-0.4857,100.0,91,54,4406,3868.7653,3613.4554,3613.4554,3978.4576,3613.4554,3995.7716,4971.2115,88.0,False,False,False,True,True,True,True,19,Evening,0,0,1,0,1,4406.0,4406.0,True,0,0.5,1.0,155.0308,52.501,35.0,17.5,0.001,0.0,Moderate,crime_grounded_district_temporal_spatial_index,True,Severity-weighted NCRB district crime burden (35%) + temporal multiplier (35%) + spatial hotspot density (30%) + weekend adjustment (5%).,54.82984,-2.3288416137695336
1003,Tuglak Road to Chanakyapuri,New Delhi,midpoint/locality administrative mapping,high,28.6008,77.198,3100,248,primary,True,142004,4057,951,669.6994,499.8294,836.5257,623.9652,-0.4857,100.0,91,54,4406,3868.7653,3613.4554,3613.4554,3978.4576,3613.4554,3995.7716,4971.2115,88.0,False,False,False,True,True,True,True,19,Evening,0,0,1,1,1,4406.0,4406.0,True,0,0.5,1.0,155.0308,57.501,35.0,17.5,0.001,5.0,Moderate,crime_grounded_district_temporal_spatial_index,True,Severity-weighted NCRB district crime burden (35%) + temporal multiplier (35%) + spatial hotspot density (30%) + weekend adjustment (5%).,54.82984,2.6711583862304664
1003,Tuglak Road to Chanakyapuri,New Delhi,midpoint/locality administrative mapping,high,28.6008,77.198,3100,248,primary,True,142004,4057,951,669.6994,499.8294,836.5257,623.9652,-0.4857,100.0,91,54,4406,3868.7653,3613.4554,3613.4554,3978.4576,3613.4554,3995.7716,4971.2115,88.0,False,False,False,True,True,True,True,23,Night,1,0,0,0,0,4406.0,1542.1,True,1,1.0,1.0,155.0308,63.001,35.0,28.0,0.001,0.0,Moderate,crime_grounded_district_temporal_spatial_index,True,Severity-weighted NCRB district crime burden (35%) + temporal multiplier (35%) + spatial hotspot density (30%) + weekend adjustment (5%).,65.79108,-2.7900766601562523
1003,Tuglak Road to Chanakyapuri,New Delhi,midpoint/locality administrative mapping,high,28.6008,77.198,3100,248,primary,True,142004,4057,951,669.6994,499.8294,836.5257,623.9652,-0.4857,100.0,91,54,4406,3868.7653,3613.4554,3613.4554,3978.4576,3613.4554,3995.7716,4971.2115,88.0,False,False,False,True,True,True,True,23,Night,1,0,0,1,0,4406.0,1542.1,True,1,1.0,1.0,155.0308,68.001,35.0,28.0,0.001,5.0,High,crime_grounded_district_temporal_spatial_index,True,Severity-weighted NCRB district crime burden (35%) + temporal multiplier (35%) + spatial hotspot density (30%) + weekend adjustment (5%).,65.79108,2.2099233398437548
1003,Tuglak Road to Chanakyapuri,New Delhi,midpoint/locality administrative mapping,high,28.6008,77.198,3100,248,primary,True,142004,4057,951,669.6994,499.8294,836.5257,623.9652,-0.4857,100.0,91,54,4406,3868.7653,3613.4554,3613.4554,3978.4576,3613.4554,3995.7716,4971.2115,88.0,False,False,False,True,True,True,True,2,Late Night,1,1,0,0,0,4406.0,881.2,True,1,1.0,1.0,155.0308,70.001,35.0,35.0,0.001,0.0,High,crime_grounded_district_temporal_spatial_index,True,Severity-weighted NCRB district crime burden (35%) + temporal multiplier (35%) + spatial hotspot density (30%) + weekend adjustment (5%).,71.6988,-1.6977991333007765
1003,Tuglak Road to Chanakyapuri,New Delhi,midpoint/locality administrative mapping,high,28.6008,77.198,3100,248,primary,True,142004,4057,951,669.6994,499.8294,836.5257,623.9652,-0.4857,100.0,91,54,4406,3868.7653,3613.4554,3613.4554,3978.4576,3613.4554,3995.7716,4971.2115,88.0,False,False,False,True,True,True,True,2,Late Night,1,1,0,1,0,4406.0,881.2,True,1,1.0,1.0,155.0308,75.001,35.0,35.0,0.001,5.0,High,crime_grounded_district_temporal_spatial_index,True,Severity-weighted NCRB district crime burden (35%) + temporal multiplier (35%) + spatial hotspot density (30%) + weekend adjustment (5%).,71.6988,3.3022008666992235
1004,Chanakyapuri to Vasant Vihar,South West,midpoint/locality administrative mapping,medium,28.5779,77.1734,4800,384,primary,True,2292958,5459,4743,206.8507,150.8483,258.4696,188.4349,-1.2286,8.9431,94,66,4465,4103.9277,3505.4762,3505.4762,4342.2754,3505.4762,3614.5802,6826.6371,79.0,False,False,False,True,True,True,True,8,Morning,0,0,0,0,1,4465.0,2902.25,True,0,0.5,0.0,44.1242,10.5,0.0,10.5,0.0,0.0,Low,crime_grounded_district_temporal_spatial_index,True,Severity-weighted NCRB district crime burden (35%) + temporal multiplier (35%) + spatial hotspot density (30%) + weekend adjustment (5%).,34.36701,-23.867008209228516
1004,Chanakyapuri to Vasant Vihar,South West,midpoint/locality administrative mapping,medium,28.5779,77.1734,4800,384,primary,True,2292958,5459,4743,206.8507,150.8483,258.4696,188.4349,-1.2286,8.9431,94,66,4465,4103.9277,3505.4762,3505.4762,4342.2754,3505.4762,3614.5802,6826.6371,79.0,False,False,False,True,True,True,True,8,Morning,0,0,0,1,1,4465.0,2902.25,True,0,0.5,0.0,44.1242,15.5,0.0,10.5,0.0,5.0,Low,crime_grounded_district_temporal_spatial_index,True,Severity-weighted NCRB district crime burden (35%) + temporal multiplier (35%) + spatial hotspot density (30%) + weekend adjustment (5%).,34.36701,-18.867008209228516
1004,Chanakyapuri to Vasant Vihar,South West,midpoint/locality administrative mapping,medium,28.5779,77.1734,4800,384,primary,True,2292958,5459,4743,206.8507,150.8483,258.4696,188.4349,-1.2286,8.9431,94,66,4465,4103.9277,3505.4762,3505.4762,4342.2754,3505.4762,3614.5802,6826.6371,79.0,False,False,False,True,True,True,True,13,Day,0,0,0,0,0,4465.0,2455.75,True,0,0.5,0.0,44.1242,7.0,0.0,7.0,0.0,0.0,Low,crime_grounded_district_temporal_spatial_index,True,Severity-weighted NCRB district crime burden (35%) + temporal multiplier (35%) + spatial hotspot density (30%) + weekend adjustment (5%).,29.531961,-22.53196144104004
1004,Chanakyapuri to Vasant Vihar,South West,midpoint/locality administrative mapping,medium,28.5779,77.1734,4800,384,primary,True,2292958,5459,4743,206.8507,150.8483,258.4696,188.4349,-1.2286,8.9431,94,66,4465,4103.9277,3505.4762,3505.4762,4342.2754,3505.4762,3614.5802,6826.6371,79.0,False,False,False,True,True,True,True,13,Day,0,0,0,1,0,4465.0,2455.75,True,0,0.5,0.0,44.1242,12.0,0.0,7.0,0.0,5.0,Low,crime_grounded_district_temporal_spatial_index,True,Severity-weighted NCRB district crime burden (35%) + temporal multiplier (35%) + spatial hotspot density (30%) + weekend adjustment (5%).,29.531961,-17.53196144104004
1004,Chanakyapuri to Vasant Vihar,South West,midpoint/locality administrative mapping,medium,28.5779,77.1734,4800,384,primary,True,2292958,5459,4743,206.8507,150.8483,258.4696,188.4349,-1.2286,8.9431,94,66,4465,4103.9277,3505.4762,3505.4762,4342.2754,3505.4762,3614.5802,6826.6371,79.0,False,False,False,True,True,True,True,19,Evening,0,0,1,0,1,4465.0,4465.0,True,0,0.5,0.0,44.1242,17.5,0.0,17.5,0.0,0.0,Low,crime_grounded_district_temporal_spatial_index,True,Severity-weighted NCRB district crime burden (35%) + temporal multiplier (35%) + spatial hotspot density (30%) + weekend adjustment (5%).,39.994694,-22.494693756103516
1004,Chanakyapuri to Vasant Vihar,South West,midpoint/locality administrative mapping,medium,28.5779,77.1734,4800,384,primary,True,2292958,5459,4743,206.8507,150.8483,258.4696,188.4349,-1.2286,8.9431,94,66,4465,4103.9277,3505.4762,3505.4762,4342.2754,3505.4762,3614.5802,6826.6371,79.0,False,False,False,True,True,True,True,19,Evening,0,0,1,1,1,4465.0,4465.0,True,0,0.5,0.0,44.1242,22.5,0.0,17.5,0.0,5.0,Low,crime_grounded_district_temporal_spatial_index,True,Severity-weighted NCRB district crime burden (35%) + temporal multiplier (35%) + spatial hotspot density (30%) + weekend adjustment (5%).,39.994694,-17.494693756103516
1004,Chanakyapuri to Vasant Vihar,South West,midpoint/locality administrative mapping,medium,28.5779,77.1734,4800,384,primary,True,2292958,5459,4743,206.8507,150.8483,258.4696,188.4349,-1.2286,8.9431,94,66,4465,4103.9277,3505.4762,3505.4762,4342.2754,3505.4762,3614.5802,6826.6371,79.0,False,False,False,True,True,True,True,23,Night,1,0,0,0,0,4465.0,1562.75,True,1,1.0,0.0,44.1242,28.0,0.0,28.0,0.0,0.0,Low,crime_grounded_district_temporal_spatial_index,True,Severity-weighted NCRB district crime burden (35%) + temporal multiplier (35%) + spatial hotspot density (30%) + weekend adjustment (5%).,46.52006,-18.520061492919922
1004,Chanakyapuri to Vasant Vihar,South West,midpoint/locality administrative mapping,medium,28.5779,77.1734,4800,384,primary,True,2292958,5459,4743,206.8507,150.8483,258.4696,188.4349,-1.2286,8.9431,94,66,4465,4103.9277,3505.4762,3505.4762,4342.2754,3505.4762,3614.5802,6826.6371,79.0,False,False,False,True,True,True,True,23,Night,1,0,0,1,0,4465.0,1562.75,True,1,1.0,0.0,44.1242,33.0,0.0,28.0,0.0,5.0,Low,crime_grounded_district_temporal_spatial_index,True,Severity-weighted NCRB district crime burden (35%) + temporal multiplier (35%) + spatial hotspot density (30%) + weekend adjustment (5%).,46.52006,-13.520061492919922
1004,Chanakyapuri to Vasant Vihar,South West,midpoint/locality administrative mapping,medium,28.5779,77.1734,4800,384,primary,True,2292958,5459,4743,206.8507,150.8483,258.4696,188.4349,-1.2286,8.9431,94,66,4465,4103.9277,3505.4762,3505.4762,4342.2754,3505.4762,3614.5802,6826.6371,79.0,False,False,False,True,True,True,True,2,Late Night,1,1,0,0,0,4465.0,893.0,True,1,1.0,0.0,44.1242,35.0,0.0,35.0,0.0,0.0,Moderate,crime_grounded_district_temporal_spatial_index,True,Severity-weighted NCRB district crime burden (35%) + temporal multiplier (35%) + spatial hotspot density (30%) + weekend adjustment (5%).,50.595554,-15.59555435180664
1004,Chanakyapuri to Vasant Vihar,South West,midpoint/locality administrative mapping,medium,28.5779,77.1734,4800,384,primary,True,2292958,5459,4743,206.8507,150.8483,258.4696,188.4349,-1.2286,8.9431,94,66,4465,4103.9277,3505.4762,3505.4762,4342.2754,3505.4762,3614.5802,6826.6371,79.0,False,False,False,True,True,True,True,2,Late Night,1,1,0,1,0,4465.0,893.0,True,1,1.0,0.0,44.1242,40.0,0.0,35.0,0.0,5.0,Moderate,crime_grounded_district_temporal_spatial_index,True,Severity-weighted NCRB district crime burden (35%) + temporal multiplier (35%) + spatial hotspot density (30%) + weekend adjustment (5%).,50.595554,-10.59555435180664
1005,Vasant Vihar to Vasant Kunj,South West,midpoint/locality administrative mapping,high,28.5488,77.159,2200,176,secondary,True,2292958,5459,4743,206.8507,150.8483,258.4696,188.4349,-1.2286,8.9431,55,35,452,2261.0204,5317.1692,5317.1692,4205.7431,4205.7431,4675.6982,4302.124,79.0,False,False,False,True,True,True,True,8,Morning,0,0,0,0,1,452.0,293.8,True,0,0.5,0.0,44.1242,10.5,0.0,10.5,0.0,0.0,Low,crime_grounded_district_temporal_spatial_index,True,Severity-weighted NCRB district crime burden (35%) + temporal multiplier (35%) + spatial hotspot density (30%) + weekend adjustment (5%).,12.623445,-2.1234445571899414
1005,Vasant Vihar to Vasant Kunj,South West,midpoint/locality administrative mapping,high,28.5488,77.159,2200,176,secondary,True,2292958,5459,4743,206.8507,150.8483,258.4696,188.4349,-1.2286,8.9431,55,35,452,2261.0204,5317.1692,5317.1692,4205.7431,4205.7431,4675.6982,4302.124,79.0,False,False,False,True,True,True,True,8,Morning,0,0,0,1,1,452.0,293.8,True,0,0.5,0.0,44.1242,15.5,0.0,10.5,0.0,5.0,Low,crime_grounded_district_temporal_spatial_index,True,Severity-weighted NCRB district crime burden (35%) + temporal multiplier (35%) + spatial hotspot density (30%) + weekend adjustment (5%).,12.623445,2.8765554428100586
1005,Vasant Vihar to Vasant Kunj,South West,midpoint/locality administrative mapping,high,28.5488,77.159,2200,176,secondary,True,2292958,5459,4743,206.8507,150.8483,258.4696,188.4349,-1.2286,8.9431,55,35,452,2261.0204,5317.1692,5317.1692,4205.7431,4205.7431,4675.6982,4302.124,79.0,False,False,False,True,True,True,True,13,Day,0,0,0,0,0,452.0,248.6,True,0,0.5,0.0,44.1242,7.0,0.0,7.0,0.0,0.0,Low,crime_grounded_district_temporal_spatial_index,True,Severity-weighted NCRB district crime burden (35%) + temporal multiplier (35%) + spatial hotspot density (30%) + weekend adjustment (5%).,11.7949,-4.794899940490723
1005,Vasant Vihar to Vasant Kunj,South West,midpoint/locality administrative mapping,high,28.5488,77.159,2200,176,secondary,True,2292958,5459,4743,206.8507,150.8483,258.4696,188.4349,-1.2286,8.9431,55,35,452,2261.0204,5317.1692,5317.1692,4205.7431,4205.7431,4675.6982,4302.124,79.0,False,False,False,True,True,True,True,13,Day,0,0,0,1,0,452.0,248.6,True,0,0.5,0.0,44.1242,12.0,0.0,7.0,0.0,5.0,Low,crime_grounded_district_temporal_spatial_index,True,Severity-weighted NCRB district crime burden (35%) + temporal multiplier (35%) + spatial hotspot density (30%) + weekend adjustment (5%).,11.7949,0.20510005950927734
1005,Vasant Vihar to Vasant Kunj,South West,midpoint/locality administrative mapping,high,28.5488,77.159,2200,176,secondary,True,2292958,5459,4743,206.8507,150.8483,258.4696,188.4349,-1.2286,8.9431,55,35,452,2261.0204,5317.1692,5317.1692,4205.7431,4205.7431,4675.6982,4302.124,79.0,False,False,False,True,True,True,True,19,Evening,0,0,1,0,1,452.0,452.0,True,0,0.5,0.0,44.1242,17.5,0.0,17.5,0.0,0.0,Low,crime_grounded_district_temporal_spatial_index,True,Severity-weighted NCRB district crime burden (35%) + temporal multiplier (35%) + spatial hotspot density (30%) + weekend adjustment (5%).,17.572908,-0.07290840148925781
1005,Vasant Vihar to Vasant Kunj,South West,midpoint/locality administrative mapping,high,28.5488,77.159,2200,176,secondary,True,2292958,5459,4743,206.8507,150.8483,258.4696,188.4349,-1.2286,8.9431,55,35,452,2261.0204,5317.1692,5317.1692,4205.7431,4205.7431,4675.6982,4302.124,79.0,False,False,False,True,True,True,True,19,Evening,0,0,1,1,1,452.0,452.0,True,0,0.5,0.0,44.1242,22.5,0.0,17.5,0.0,5.0,Low,crime_grounded_district_temporal_spatial_index,True,Severity-weighted NCRB district crime burden (35%) + temporal multiplier (35%) + spatial hotspot density (30%) + weekend adjustment (5%).,17.572908,4.927091598510742
1005,Vasant Vihar to Vasant Kunj,South West,midpoint/locality administrative mapping,high,28.5488,77.159,2200,176,secondary,True,2292958,5459,4743,206.8507,150.8483,258.4696,188.4349,-1.2286,8.9431,55,35,452,2261.0204,5317.1692,5317.1692,4205.7431,4205.7431,4675.6982,4302.124,79.0,False,False,False,True,True,True,True,23,Night,1,0,0,0,0,452.0,158.2,True,1,1.0,0.0,44.1242,28.0,0.0,28.0,0.0,0.0,Low,crime_grounded_district_temporal_spatial_index,True,Severity-weighted NCRB district crime burden (35%) + temporal multiplier (35%) + spatial hotspot density (30%) + weekend adjustment (5%).,32.23496,-4.234958648681641
1005,Vasant Vihar to Vasant Kunj,South West,midpoint/locality administrative mapping,high,28.5488,77.159,2200,176,secondary,True,2292958,5459,4743,206.8507,150.8483,258.4696,188.4349,-1.2286,8.9431,55,35,452,2261.0204,5317.1692,5317.1692,4205.7431,4205.7431,4675.6982,4302.124,79.0,False,False,False,True,True,True,True,23,Night,1,0,0,1,0,452.0,158.2,True,1,1.0,0.0,44.1242,33.0,0.0,28.0,0.0,5.0,Low,crime_grounded_district_temporal_spatial_index,True,Severity-weighted NCRB district crime burden (35%) + temporal multiplier (35%) + spatial hotspot density (30%) + weekend adjustment (5%).,32.23496,0.7650413513183594
1005,Vasant Vihar to Vasant Kunj,South West,midpoint/locality administrative mapping,high,28.5488,77.159,2200,176,secondary,True,2292958,5459,4743,206.8507,150.8483,258.4696,188.4349,-1.2286,8.9431,55,35,452,2261.0204,5317.1692,5317.1692,4205.7431,4205.7431,4675.6982,4302.124,79.0,False,False,False,True,True,True,True,2,Late Night,1,1,0,0,0,452.0,90.4,True,1,1.0,0.0,44.1242,35.0,0.0,35.0,0.0,0.0,Moderate,crime_grounded_district_temporal_spatial_index,True,Severity-weighted NCRB district crime burden (35%) + temporal multiplier (35%) + spatial hotspot density (30%) + weekend adjustment (5%).,36.12387,-1.123870849609375
1005,Vasant Vihar to Vasant Kunj,South West,midpoint/locality administrative mapping,high,28.5488,77.159,2200,176,secondary,True,2292958,5459,4743,206.8507,150.8483,258.4696,188.4349,-1.2286,8.9431,55,35,452,2261.0204,5317.1692,5317.1692,4205.7431,4205.7431,4675.6982,4302.124,79.0,False,False,False,True,True,True,True,2,Late Night,1,1,0,1,0,452.0,90.4,True,1,1.0,0.0,44.1242,40.0,0.0,35.0,0.0,5.0,Moderate,crime_grounded_district_temporal_spatial_index,True,Severity-weighted NCRB district crime burden (35%) + temporal multiplier (35%) + spatial hotspot density (30%) + weekend adjustment (5%).,36.12387,3.876129150390625
1006,Vasant Kunj to Saket,South West,midpoint/locality administrative mapping,medium,28.5307,77.181,5400,432,secondary,True,2292958,5459,4743,206.8507,150.8483,258.4696,188.4349,-1.2286,8.9431,48,49,145,2601.9399,4952.1174,2622.6714,2815.7826,2622.6714,2848.268,1532.0891,79.0,False,False,False,True,True,True,True,8,Morning,0,0,0,0,1,145.0,94.25,True,0,0.5,0.0,44.1242,10.5,0.0,10.5,0.0,0.0,Low,crime_grounded_district_temporal_spatial_index,True,Severity-weighted NCRB district crime burden (35%) + temporal multiplier (35%) + spatial hotspot density (30%) + weekend adjustment (5%).,14.025069,-3.525069236755371
1006,Vasant Kunj to Saket,South West,midpoint/locality administrative mapping,medium,28.5307,77.181,5400,432,secondary,True,2292958,5459,4743,206.8507,150.8483,258.4696,188.4349,-1.2286,8.9431,48,49,145,2601.9399,4952.1174,2622.6714,2815.7826,2622.6714,2848.268,1532.0891,79.0,False,False,False,True,True,True,True,8,Morning,0,0,0,1,1,145.0,94.25,True,0,0.5,0.0,44.1242,15.5,0.0,10.5,0.0,5.0,Low,crime_grounded_district_temporal_spatial_index,True,Severity-weighted NCRB district crime burden (35%) + temporal multiplier (35%) + spatial hotspot density (30%) + weekend adjustment (5%).,14.025069,1.474930763244629
1006,Vasant Kunj to Saket,South West,midpoint/locality administrative mapping,medium,28.5307,77.181,5400,432,secondary,True,2292958,5459,4743,206.8507,150.8483,258.4696,188.4349,-1.2286,8.9431,48,49,145,2601.9399,4952.1174,2622.6714,2815.7826,2622.6714,2848.268,1532.0891,79.0,False,False,False,True,True,True,True,13,Day,0,0,0,0,0,145.0,79.75,True,0,0.5,0.0,44.1242,7.0,0.0,7.0,0.0,0.0,Low,crime_grounded_district_temporal_spatial_index,True,Severity-weighted NCRB district crime burden (35%) + temporal multiplier (35%) + spatial hotspot density (30%) + weekend adjustment (5%).,11.586867,-4.586867332458496
1006,Vasant Kunj to Saket,South West,midpoint/locality administrative mapping,medium,28.5307,77.181,5400,432,secondary,True,2292958,5459,4743,206.8507,150.8483,258.4696,188.4349,-1.2286,8.9431,48,49,145,2601.9399,4952.1174,2622.6714,2815.7826,2622.6714,2848.268,1532.0891,79.0,False,False,False,True,True,True,True,13,Day,0,0,0,1,0,145.0,79.75,True,0,0.5,0.0,44.1242,12.0,0.0,7.0,0.0,5.0,Low,crime_grounded_district_temporal_spatial_index,True,Severity-weighted NCRB district crime burden (35%) + temporal multiplier (35%) + spatial hotspot density (30%) + weekend adjustment (5%).,11.586867,0.4131326675415039
1006,Vasant Kunj to Saket,South West,midpoint/locality administrative mapping,medium,28.5307,77.181,5400,432,secondary,True,2292958,5459,4743,206.8507,150.8483,258.4696,188.4349,-1.2286,8.9431,48,49,145,2601.9399,4952.1174,2622.6714,2815.7826,2622.6714,2848.268,1532.0891,79.0,False,False,False,True,True,True,True,19,Evening,0,0,1,0,1,145.0,145.0,True,0,0.5,0.0,44.1242,17.5,0.0,17.5,0.0,0.0,Low,crime_grounded_district_temporal_spatial_index,True,Severity-weighted NCRB district crime burden (35%) + temporal multiplier (35%) + spatial hotspot density (30%) + weekend adjustment (5%).,17.016008,0.4839916229248047
1006,Vasant Kunj to Saket,South West,midpoint/locality administrative mapping,medium,28.5307,77.181,5400,432,secondary,True,2292958,5459,4743,206.8507,150.8483,258.4696,188.4349,-1.2286,8.9431,48,49,145,2601.9399,4952.1174,2622.6714,2815.7826,2622.6714,2848.268,1532.0891,79.0,False,False,False,True,True,True,True,19,Evening,0,0,1,1,1,145.0,145.0,True,0,0.5,0.0,44.1242,22.5,0.0,17.5,0.0,5.0,Low,crime_grounded_district_temporal_spatial_index,True,Severity-weighted NCRB district crime burden (35%) + temporal multiplier (35%) + spatial hotspot density (30%) + weekend adjustment (5%).,17.016008,5.483991622924805
1006,Vasant Kunj to Saket,South West,midpoint/locality administrative mapping,medium,28.5307,77.181,5400,432,secondary,True,2292958,5459,4743,206.8507,150.8483,258.4696,188.4349,-1.2286,8.9431,48,49,145,2601.9399,4952.1174,2622.6714,2815.7826,2622.6714,2848.268,1532.0891,79.0,False,False,False,True,True,True,True,23,Night,1,0,0,0,0,145.0,50.75,True,1,1.0,0.0,44.1242,28.0,0.0,28.0,0.0,0.0,Low,crime_grounded_district_temporal_spatial_index,True,Severity-weighted NCRB district crime burden (35%) + temporal multiplier (35%) + spatial hotspot density (30%) + weekend adjustment (5%).,31.130789,-3.130788803100586
1006,Vasant Kunj to Saket,South West,midpoint/locality administrative mapping,medium,28.5307,77.181,5400,432,secondary,True,2292958,5459,4743,206.8507,150.8483,258.4696,188.4349,-1.2286,8.9431,48,49,145,2601.9399,4952.1174,2622.6714,2815.7826,2622.6714,2848.268,1532.0891,79.0,False,False,False,True,True,True,True,23,Night,1,0,0,1,0,145.0,50.75,True,1,1.0,0.0,44.1242,33.0,0.0,28.0,0.0,5.0,Low,crime_grounded_district_temporal_spatial_index,True,Severity-weighted NCRB district crime burden (35%) + temporal multiplier (35%) + spatial hotspot density (30%) + weekend adjustment (5%).,31.130789,1.869211196899414
1006,Vasant Kunj to Saket,South West,midpoint/locality administrative mapping,medium,28.5307,77.181,5400,432,secondary,True,2292958,5459,4743,206.8507,150.8483,258.4696,188.4349,-1.2286,8.9431,48,49,145,2601.9399,4952.1174,2622.6714,2815.7826,2622.6714,2848.268,1532.0891,79.0,False,False,False,True,True,True,True,2,Late Night,1,1,0,0,0,145.0,29.0,True,1,1.0,0.0,44.1242,35.0,0.0,35.0,0.0,0.0,Moderate,crime_grounded_district_temporal_spatial_index,True,Severity-weighted NCRB district crime burden (35%) + temporal multiplier (35%) + spatial hotspot density (30%) + weekend adjustment (5%).,36.663147,-1.66314697265625
1006,Vasant Kunj to Saket,South West,midpoint/locality administrative mapping,medium,28.5307,77.181,5400,432,secondary,True,2292958,5459,4743,206.8507,150.8483,258.4696,188.4349,-1.2286,8.9431,48,49,145,2601.9399,4952.1174,2622.6714,2815.7826,2622.6714,2848.268,1532.0891,79.0,False,False,False,True,True,True,True,2,Late Night,1,1,0,1,0,145.0,29.0,True,1,1.0,0.0,44.1242,40.0,0.0,35.0,0.0,5.0,Moderate,crime_grounded_district_temporal_spatial_index,True,Severity-weighted NCRB district crime burden (35%) + temporal multiplier (35%) + spatial hotspot density (30%) + weekend adjustment (5%).,36.663147,3.33685302734375
1007,Saket to Malviya Nagar,South,midpoint/locality administrative mapping,high,28.5252,77.2085,800,64,residential,True,2731929,10928,7007,256.4854,186.8887,320.1877,233.2536,-6.5429,10.8279,62,46,883,205.8387,4672.4846,148.223,2613.5488,148.223,2011.9944,2494.8061,79.0,True,False,False,True,True,True,True,8,Morning,0,0,0,0,1,883.0,573.95,True,0,0.5,0.0919,54.3206,13.7178,3.2178,10.5,0.0,0.0,Low,crime_grounded_district_temporal_spatial_index,True,Severity-weighted NCRB district crime burden (35%) + temporal multiplier (35%) + spatial hotspot density (30%) + weekend adjustment (5%).,33.677834,-19.960033557128906
1007,Saket to Malviya Nagar,South,midpoint/locality administrative mapping,high,28.5252,77.2085,800,64,residential,True,2731929,10928,7007,256.4854,186.8887,320.1877,233.2536,-6.5429,10.8279,62,46,883,205.8387,4672.4846,148.223,2613.5488,148.223,2011.9944,2494.8061,79.0,True,False,False,True,True,True,True,8,Morning,0,0,0,1,1,883.0,573.95,True,0,0.5,0.0919,54.3206,18.7178,3.2178,10.5,0.0,5.0,Low,crime_grounded_district_temporal_spatial_index,True,Severity-weighted NCRB district crime burden (35%) + temporal multiplier (35%) + spatial hotspot density (30%) + weekend adjustment (5%).,33.677834,-14.960033557128906
1007,Saket to Malviya Nagar,South,midpoint/locality administrative mapping,high,28.5252,77.2085,800,64,residential,True,2731929,10928,7007,256.4854,186.8887,320.1877,233.2536,-6.5429,10.8279,62,46,883,205.8387,4672.4846,148.223,2613.5488,148.223,2011.9944,2494.8061,79.0,True,False,False,True,True,True,True,13,Day,0,0,0,0,0,883.0,485.65,True,0,0.5,0.0919,54.3206,10.2178,3.2178,7.0,0.0,0.0,Low,crime_grounded_district_temporal_spatial_index,True,Severity-weighted NCRB district crime burden (35%) + temporal multiplier (35%) + spatial hotspot density (30%) + weekend adjustment (5%).,36.13098,-25.9131814453125
1007,Saket to Malviya Nagar,South,midpoint/locality administrative mapping,high,28.5252,77.2085,800,64,residential,True,2731929,10928,7007,256.4854,186.8887,320.1877,233.2536,-6.5429,10.8279,62,46,883,205.8387,4672.4846,148.223,2613.5488,148.223,2011.9944,2494.8061,79.0,True,False,False,True,True,True,True,13,Day,0,0,0,1,0,883.0,485.65,True,0,0.5,0.0919,54.3206,15.2178,3.2178,7.0,0.0,5.0,Low,crime_grounded_district_temporal_spatial_index,True,Severity-weighted NCRB district crime burden (35%) + temporal multiplier (35%) + spatial hotspot density (30%) + weekend adjustment (5%).,36.13098,-20.9131814453125
1007,Saket to Malviya Nagar,South,midpoint/locality administrative mapping,high,28.5252,77.2085,800,64,residential,True,2731929,10928,7007,256.4854,186.8887,320.1877,233.2536,-6.5429,10.8279,62,46,883,205.8387,4672.4846,148.223,2613.5488,148.223,2011.9944,2494.8061,79.0,True,False,False,True,True,True,True,19,Evening,0,0,1,0,1,883.0,883.0,True,0,0.5,0.0919,54.3206,20.7178,3.2178,17.5,0.0,0.0,Low,crime_grounded_district_temporal_spatial_index,True,Severity-weighted NCRB district crime burden (35%) + temporal multiplier (35%) + spatial hotspot density (30%) + weekend adjustment (5%).,36.120876,-15.403076312255859
1007,Saket to Malviya Nagar,South,midpoint/locality administrative mapping,high,28.5252,77.2085,800,64,residential,True,2731929,10928,7007,256.4854,186.8887,320.1877,233.2536,-6.5429,10.8279,62,46,883,205.8387,4672.4846,148.223,2613.5488,148.223,2011.9944,2494.8061,79.0,True,False,False,True,True,True,True,19,Evening,0,0,1,1,1,883.0,883.0,True,0,0.5,0.0919,54.3206,25.7178,3.2178,17.5,0.0,5.0,Low,crime_grounded_district_temporal_spatial_index,True,Severity-weighted NCRB district crime burden (35%) + temporal multiplier (35%) + spatial hotspot density (30%) + weekend adjustment (5%).,36.120876,-10.403076312255859
1007,Saket to Malviya Nagar,South,midpoint/locality administrative mapping,high,28.5252,77.2085,800,64,residential,True,2731929,10928,7007,256.4854,186.8887,320.1877,233.2536,-6.5429,10.8279,62,46,883,205.8387,4672.4846,148.223,2613.5488,148.223,2011.9944,2494.8061,79.0,True,False,False,True,True,True,True,23,Night,1,0,0,0,0,883.0,309.05,True,1,1.0,0.0919,54.3206,31.2178,3.2178,28.0,0.0,0.0,Low,crime_grounded_district_temporal_spatial_index,True,Severity-weighted NCRB district crime burden (35%) + temporal multiplier (35%) + spatial hotspot density (30%) + weekend adjustment (5%).,49.80007,-18.582271716308593
1007,Saket to Malviya Nagar,South,midpoint/locality administrative mapping,high,28.5252,77.2085,800,64,residential,True,2731929,10928,7007,256.4854,186.8887,320.1877,233.2536,-6.5429,10.8279,62,46,883,205.8387,4672.4846,148.223,2613.5488,148.223,2011.9944,2494.8061,79.0,True,False,False,True,True,True,True,23,Night,1,0,0,1,0,883.0,309.05,True,1,1.0,0.0919,54.3206,36.2178,3.2178,28.0,0.0,5.0,Moderate,crime_grounded_district_temporal_spatial_index,True,Severity-weighted NCRB district crime burden (35%) + temporal multiplier (35%) + spatial hotspot density (30%) + weekend adjustment (5%).,49.80007,-13.582271716308597
1007,Saket to Malviya Nagar,South,midpoint/locality administrative mapping,high,28.5252,77.2085,800,64,residential,True,2731929,10928,7007,256.4854,186.8887,320.1877,233.2536,-6.5429,10.8279,62,46,883,205.8387,4672.4846,148.223,2613.5488,148.223,2011.9944,2494.8061,79.0,True,False,False,True,True,True,True,2,Late Night,1,1,0,0,0,883.0,176.6,True,1,1.0,0.0919,54.3206,38.2178,3.2178,35.0,0.0,0.0,Moderate,crime_grounded_district_temporal_spatial_index,True,Severity-weighted NCRB district crime burden (35%) + temporal multiplier (35%) + spatial hotspot density (30%) + weekend adjustment (5%).,50.723606,-12.505806109619144
1007,Saket to Malviya Nagar,South,midpoint/locality administrative mapping,high,28.5252,77.2085,800,64,residential,True,2731929,10928,7007,256.4854,186.8887,320.1877,233.2536,-6.5429,10.8279,62,46,883,205.8387,4672.4846,148.223,2613.5488,148.223,2011.9944,2494.8061,79.0,True,False,False,True,True,True,True,2,Late Night,1,1,0,1,0,883.0,176.6,True,1,1.0,0.0919,54.3206,43.2178,3.2178,35.0,0.0,5.0,Moderate,crime_grounded_district_temporal_spatial_index,True,Severity-weighted NCRB district crime burden (35%) + temporal multiplier (35%) + spatial hotspot density (30%) + weekend adjustment (5%).,50.723606,-7.505806109619144
1008,Malviya Nagar to Hauz Khas,South,midpoint/locality administrative mapping,high,28.5388,77.2053,2600,208,secondary,True,2731929,10928,7007,256.4854,186.8887,320.1877,233.2536,-6.5429,10.8279,51,18,408,1283.4518,3191.1266,1543.4507,1072.5766,1072.5766,500.9178,3131.2878,79.0,False,False,False,True,True,True,True,8,Morning,0,0,0,0,1,408.0,265.2,True,0,0.5,0.0919,54.3206,13.7178,3.2178,10.5,0.0,0.0,Low,crime_grounded_district_temporal_spatial_index,True,Severity-weighted NCRB district crime burden (35%) + temporal multiplier (35%) + spatial hotspot density (30%) + weekend adjustment (5%).,22.443113,-8.725313327026367
1008,Malviya Nagar to Hauz Khas,South,midpoint/locality administrative mapping,high,28.5388,77.2053,2600,208,secondary,True,2731929,10928,7007,256.4854,186.8887,320.1877,233.2536,-6.5429,10.8279,51,18,408,1283.4518,3191.1266,1543.4507,1072.5766,1072.5766,500.9178,3131.2878,79.0,False,False,False,True,True,True,True,8,Morning,0,0,0,1,1,408.0,265.2,True,0,0.5,0.0919,54.3206,18.7178,3.2178,10.5,0.0,5.0,Low,crime_grounded_district_temporal_spatial_index,True,Severity-weighted NCRB district crime burden (35%) + temporal multiplier (35%) + spatial hotspot density (30%) + weekend adjustment (5%).,22.443113,-3.7253133270263667
1008,Malviya Nagar to Hauz Khas,South,midpoint/locality administrative mapping,high,28.5388,77.2053,2600,208,secondary,True,2731929,10928,7007,256.4854,186.8887,320.1877,233.2536,-6.5429,10.8279,51,18,408,1283.4518,3191.1266,1543.4507,1072.5766,1072.5766,500.9178,3131.2878,79.0,False,False,False,True,True,True,True,13,Day,0,0,0,0,0,408.0,224.4,True,0,0.5,0.0919,54.3206,10.2178,3.2178,7.0,0.0,0.0,Low,crime_grounded_district_temporal_spatial_index,True,Severity-weighted NCRB district crime burden (35%) + temporal multiplier (35%) + spatial hotspot density (30%) + weekend adjustment (5%).,23.159216,-12.941415927124023
1008,Malviya Nagar to Hauz Khas,South,midpoint/locality administrative mapping,high,28.5388,77.2053,2600,208,secondary,True,2731929,10928,7007,256.4854,186.8887,320.1877,233.2536,-6.5429,10.8279,51,18,408,1283.4518,3191.1266,1543.4507,1072.5766,1072.5766,500.9178,3131.2878,79.0,False,False,False,True,True,True,True,13,Day,0,0,0,1,0,408.0,224.4,True,0,0.5,0.0919,54.3206,15.2178,3.2178,7.0,0.0,5.0,Low,crime_grounded_district_temporal_spatial_index,True,Severity-weighted NCRB district crime burden (35%) + temporal multiplier (35%) + spatial hotspot density (30%) + weekend adjustment (5%).,23.159216,-7.941415927124023
1008,Malviya Nagar to Hauz Khas,South,midpoint/locality administrative mapping,high,28.5388,77.2053,2600,208,secondary,True,2731929,10928,7007,256.4854,186.8887,320.1877,233.2536,-6.5429,10.8279,51,18,408,1283.4518,3191.1266,1543.4507,1072.5766,1072.5766,500.9178,3131.2878,79.0,False,False,False,True,True,True,True,19,Evening,0,0,1,0,1,408.0,408.0,True,0,0.5,0.0919,54.3206,20.7178,3.2178,17.5,0.0,0.0,Low,crime_grounded_district_temporal_spatial_index,True,Severity-weighted NCRB district crime burden (35%) + temporal multiplier (35%) + spatial hotspot density (30%) + weekend adjustment (5%).,25.280605,-4.562805316162109
1008,Malviya Nagar to Hauz Khas,South,midpoint/locality administrative mapping,high,28.5388,77.2053,2600,208,secondary,True,2731929,10928,7007,256.4854,186.8887,320.1877,233.2536,-6.5429,10.8279,51,18,408,1283.4518,3191.1266,1543.4507,1072.5766,1072.5766,500.9178,3131.2878,79.0,False,False,False,True,True,True,True,19,Evening,0,0,1,1,1,408.0,408.0,True,0,0.5,0.0919,54.3206,25.7178,3.2178,17.5,0.0,5.0,Low,crime_grounded_district_temporal_spatial_index,True,Severity-weighted NCRB district crime burden (35%) + temporal multiplier (35%) + spatial hotspot density (30%) + weekend adjustment (5%).,25.280605,0.43719468383789106
1008,Malviya Nagar to Hauz Khas,South,midpoint/locality administrative mapping,high,28.5388,77.2053,2600,208,secondary,True,2731929,10928,7007,256.4854,186.8887,320.1877,233.2536,-6.5429,10.8279,51,18,408,1283.4518,3191.1266,1543.4507,1072.5766,1072.5766,500.9178,3131.2878,79.0,False,False,False,True,True,True,True,23,Night,1,0,0,0,0,408.0,142.8,True,1,1.0,0.0919,54.3206,31.2178,3.2178,28.0,0.0,0.0,Low,crime_grounded_district_temporal_spatial_index,True,Severity-weighted NCRB district crime burden (35%) + temporal multiplier (35%) + spatial hotspot density (30%) + weekend adjustment (5%).,43.470688,-12.252887866210937
1008,Malviya Nagar to Hauz Khas,South,midpoint/locality administrative mapping,high,28.5388,77.2053,2600,208,secondary,True,2731929,10928,7007,256.4854,186.8887,320.1877,233.2536,-6.5429,10.8279,51,18,408,1283.4518,3191.1266,1543.4507,1072.5766,1072.5766,500.9178,3131.2878,79.0,False,False,False,True,True,True,True,23,Night,1,0,0,1,0,408.0,142.8,True,1,1.0,0.0919,54.3206,36.2178,3.2178,28.0,0.0,5.0,Moderate,crime_grounded_district_temporal_spatial_index,True,Severity-weighted NCRB district crime burden (35%) + temporal multiplier (35%) + spatial hotspot density (30%) + weekend adjustment (5%).,43.470688,-7.252887866210941
1008,Malviya Nagar to Hauz Khas,South,midpoint/locality administrative mapping,high,28.5388,77.2053,2600,208,secondary,True,2731929,10928,7007,256.4854,186.8887,320.1877,233.2536,-6.5429,10.8279,51,18,408,1283.4518,3191.1266,1543.4507,1072.5766,1072.5766,500.9178,3131.2878,79.0,False,False,False,True,True,True,True,2,Late Night,1,1,0,0,0,408.0,81.6,True,1,1.0,0.0919,54.3206,38.2178,3.2178,35.0,0.0,0.0,Moderate,crime_grounded_district_temporal_spatial_index,True,Severity-weighted NCRB district crime burden (35%) + temporal multiplier (35%) + spatial hotspot density (30%) + weekend adjustment (5%).,43.649094,-5.431293627929691
1008,Malviya Nagar to Hauz Khas,South,midpoint/locality administrative mapping,high,28.5388,77.2053,2600,208,secondary,True,2731929,10928,7007,256.4854,186.8887,320.1877,233.2536,-6.5429,10.8279,51,18,408,1283.4518,3191.1266,1543.4507,1072.5766,1072.5766,500.9178,3131.2878,79.0,False,False,False,True,True,True,True,2,Late Night,1,1,0,1,0,408.0,81.6,True,1,1.0,0.0919,54.3206,43.2178,3.2178,35.0,0.0,5.0,Moderate,crime_grounded_district_temporal_spatial_index,True,Severity-weighted NCRB district crime burden (35%) + temporal multiplier (35%) + spatial hotspot density (30%) + weekend adjustment (5%).,43.649094,-0.4312936279296906
1009,Hauz Khas to AIIMS Ring Road,South,midpoint/locality administrative mapping,high,28.5583,77.205,2100,168,primary,True,2731929,10928,7007,256.4854,186.8887,320.1877,233.2536,-6.5429,10.8279,79,67,4023,1101.4161,1101.3982,1101.3982,1183.4153,1101.3982,886.7319,4977.4536,79.0,False,True,False,True,True,True,True,8,Morning,0,0,0,0,1,4023.0,2614.95,True,0,0.5,0.0919,54.3206,13.7178,3.2178,10.5,0.0,0.0,Low,crime_grounded_district_temporal_spatial_index,True,Severity-weighted NCRB district crime burden (35%) + temporal multiplier (35%) + spatial hotspot density (30%) + weekend adjustment (5%).,16.122498,-2.4046975585937496
1009,Hauz Khas to AIIMS Ring Road,South,midpoint/locality administrative mapping,high,28.5583,77.205,2100,168,primary,True,2731929,10928,7007,256.4854,186.8887,320.1877,233.2536,-6.5429,10.8279,79,67,4023,1101.4161,1101.3982,1101.3982,1183.4153,1101.3982,886.7319,4977.4536,79.0,False,True,False,True,True,True,True,8,Morning,0,0,0,1,1,4023.0,2614.95,True,0,0.5,0.0919,54.3206,18.7178,3.2178,10.5,0.0,5.0,Low,crime_grounded_district_temporal_spatial_index,True,Severity-weighted NCRB district crime burden (35%) + temporal multiplier (35%) + spatial hotspot density (30%) + weekend adjustment (5%).,16.122498,2.5953024414062504
1009,Hauz Khas to AIIMS Ring Road,South,midpoint/locality administrative mapping,high,28.5583,77.205,2100,168,primary,True,2731929,10928,7007,256.4854,186.8887,320.1877,233.2536,-6.5429,10.8279,79,67,4023,1101.4161,1101.3982,1101.3982,1183.4153,1101.3982,886.7319,4977.4536,79.0,False,True,False,True,True,True,True,13,Day,0,0,0,0,0,4023.0,2212.65,True,0,0.5,0.0919,54.3206,10.2178,3.2178,7.0,0.0,0.0,Low,crime_grounded_district_temporal_spatial_index,True,Severity-weighted NCRB district crime burden (35%) + temporal multiplier (35%) + spatial hotspot density (30%) + weekend adjustment (5%).,14.469,-4.251199862670898
1009,Hauz Khas to AIIMS Ring Road,South,midpoint/locality administrative mapping,high,28.5583,77.205,2100,168,primary,True,2731929,10928,7007,256.4854,186.8887,320.1877,233.2536,-6.5429,10.8279,79,67,4023,1101.4161,1101.3982,1101.3982,1183.4153,1101.3982,886.7319,4977.4536,79.0,False,True,False,True,True,True,True,13,Day,0,0,0,1,0,4023.0,2212.65,True,0,0.5,0.0919,54.3206,15.2178,3.2178,7.0,0.0,5.0,Low,crime_grounded_district_temporal_spatial_index,True,Severity-weighted NCRB district crime burden (35%) + temporal multiplier (35%) + spatial hotspot density (30%) + weekend adjustment (5%).,14.469,0.748800137329102
1009,Hauz Khas to AIIMS Ring Road,South,midpoint/locality administrative mapping,high,28.5583,77.205,2100,168,primary,True,2731929,10928,7007,256.4854,186.8887,320.1877,233.2536,-6.5429,10.8279,79,67,4023,1101.4161,1101.3982,1101.3982,1183.4153,1101.3982,886.7319,4977.4536,79.0,False,True,False,True,True,True,True,19,Evening,0,0,1,0,1,4023.0,4023.0,True,0,0.5,0.0919,54.3206,20.7178,3.2178,17.5,0.0,0.0,Low,crime_grounded_district_temporal_spatial_index,True,Severity-weighted NCRB district crime burden (35%) + temporal multiplier (35%) + spatial hotspot density (30%) + weekend adjustment (5%).,22.580978,-1.863178393554687
1009,Hauz Khas to AIIMS Ring Road,South,midpoint/locality administrative mapping,high,28.5583,77.205,2100,168,primary,True,2731929,10928,7007,256.4854,186.8887,320.1877,233.2536,-6.5429,10.8279,79,67,4023,1101.4161,1101.3982,1101.3982,1183.4153,1101.3982,886.7319,4977.4536,79.0,False,True,False,True,True,True,True,19,Evening,0,0,1,1,1,4023.0,4023.0,True,0,0.5,0.0919,54.3206,25.7178,3.2178,17.5,0.0,5.0,Low,crime_grounded_district_temporal_spatial_index,True,Severity-weighted NCRB district crime burden (35%) + temporal multiplier (35%) + spatial hotspot density (30%) + weekend adjustment (5%).,22.580978,3.136821606445313
1009,Hauz Khas to AIIMS Ring Road,South,midpoint/locality administrative mapping,high,28.5583,77.205,2100,168,primary,True,2731929,10928,7007,256.4854,186.8887,320.1877,233.2536,-6.5429,10.8279,79,67,4023,1101.4161,1101.3982,1101.3982,1183.4153,1101.3982,886.7319,4977.4536,79.0,False,True,False,True,True,True,True,23,Night,1,0,0,0,0,4023.0,1408.05,True,1,1.0,0.0919,54.3206,31.2178,3.2178,28.0,0.0,0.0,Low,crime_grounded_district_temporal_spatial_index,True,Severity-weighted NCRB district crime burden (35%) + temporal multiplier (35%) + spatial hotspot density (30%) + weekend adjustment (5%).,33.936832,-2.719032427978515
1009,Hauz Khas to AIIMS Ring Road,South,midpoint/locality administrative mapping,high,28.5583,77.205,2100,168,primary,True,2731929,10928,7007,256.4854,186.8887,320.1877,233.2536,-6.5429,10.8279,79,67,4023,1101.4161,1101.3982,1101.3982,1183.4153,1101.3982,886.7319,4977.4536,79.0,False,True,False,True,True,True,True,23,Night,1,0,0,1,0,4023.0,1408.05,True,1,1.0,0.0919,54.3206,36.2178,3.2178,28.0,0.0,5.0,Moderate,crime_grounded_district_temporal_spatial_index,True,Severity-weighted NCRB district crime burden (35%) + temporal multiplier (35%) + spatial hotspot density (30%) + weekend adjustment (5%).,33.936832,2.2809675720214813
1009,Hauz Khas to AIIMS Ring Road,South,midpoint/locality administrative mapping,high,28.5583,77.205,2100,168,primary,True,2731929,10928,7007,256.4854,186.8887,320.1877,233.2536,-6.5429,10.8279,79,67,4023,1101.4161,1101.3982,1101.3982,1183.4153,1101.3982,886.7319,4977.4536,79.0,False,True,False,True,True,True,True,2,Late Night,1,1,0,0,0,4023.0,804.6,True,1,1.0,0.0919,54.3206,38.2178,3.2178,35.0,0.0,0.0,Moderate,crime_grounded_district_temporal_spatial_index,True,Severity-weighted NCRB district crime burden (35%) + temporal multiplier (35%) + spatial hotspot density (30%) + weekend adjustment (5%).,40.100258,-1.8824578735351594
1009,Hauz Khas to AIIMS Ring Road,South,midpoint/locality administrative mapping,high,28.5583,77.205,2100,168,primary,True,2731929,10928,7007,256.4854,186.8887,320.1877,233.2536,-6.5429,10.8279,79,67,4023,1101.4161,1101.3982,1101.3982,1183.4153,1101.3982,886.7319,4977.4536,79.0,False,True,False,True,True,True,True,2,Late Night,1,1,0,1,0,4023.0,804.6,True,1,1.0,0.0919,54.3206,43.2178,3.2178,35.0,0.0,5.0,Moderate,crime_grounded_district_temporal_spatial_index,True,Severity-weighted NCRB district crime burden (35%) + temporal multiplier (35%) + spatial hotspot density (30%) + weekend adjustment (5%).,40.100258,3.1175421264648406
1010,AIIMS to Lajpat Nagar (Ring Road),South East,midpoint/locality administrative mapping,medium,28.5678,77.2261,3200,256,trunk,True,2283000,22382,5845,256.0228,186.9665,319.8292,233.5149,-2.6,16.4164,98,72,2491,1676.1532,1578.578,1479.6716,3226.5302,1479.6716,1223.3192,6100.5126,84.0,False,True,False,True,True,True,True,8,Morning,0,0,0,0,1,2491.0,1619.15,True,0,0.5,0.0975,54.9365,13.9122,3.4121,10.5,0.0001,0.0,Low,crime_grounded_district_temporal_spatial_index,True,Severity-weighted NCRB district crime burden (35%) + temporal multiplier (35%) + spatial hotspot density (30%) + weekend adjustment (5%).,15.380407,-1.468207333374023
1010,AIIMS to Lajpat Nagar (Ring Road),South East,midpoint/locality administrative mapping,medium,28.5678,77.2261,3200,256,trunk,True,2283000,22382,5845,256.0228,186.9665,319.8292,233.5149,-2.6,16.4164,98,72,2491,1676.1532,1578.578,1479.6716,3226.5302,1479.6716,1223.3192,6100.5126,84.0,False,True,False,True,True,True,True,8,Morning,0,0,0,1,1,2491.0,1619.15,True,0,0.5,0.0975,54.9365,18.9122,3.4121,10.5,0.0001,5.0,Low,crime_grounded_district_temporal_spatial_index,True,Severity-weighted NCRB district crime burden (35%) + temporal multiplier (35%) + spatial hotspot density (30%) + weekend adjustment (5%).,15.380407,3.531792666625975
1010,AIIMS to Lajpat Nagar (Ring Road),South East,midpoint/locality administrative mapping,medium,28.5678,77.2261,3200,256,trunk,True,2283000,22382,5845,256.0228,186.9665,319.8292,233.5149,-2.6,16.4164,98,72,2491,1676.1532,1578.578,1479.6716,3226.5302,1479.6716,1223.3192,6100.5126,84.0,False,True,False,True,True,True,True,13,Day,0,0,0,0,0,2491.0,1370.05,True,0,0.5,0.0975,54.9365,10.4122,3.4121,7.0,0.0001,0.0,Low,crime_grounded_district_temporal_spatial_index,True,Severity-weighted NCRB district crime burden (35%) + temporal multiplier (35%) + spatial hotspot density (30%) + weekend adjustment (5%).,13.896384,-3.484184239196777
1010,AIIMS to Lajpat Nagar (Ring Road),South East,midpoint/locality administrative mapping,medium,28.5678,77.2261,3200,256,trunk,True,2283000,22382,5845,256.0228,186.9665,319.8292,233.5149,-2.6,16.4164,98,72,2491,1676.1532,1578.578,1479.6716,3226.5302,1479.6716,1223.3192,6100.5126,84.0,False,True,False,True,True,True,True,13,Day,0,0,0,1,0,2491.0,1370.05,True,0,0.5,0.0975,54.9365,15.4122,3.4121,7.0,0.0001,5.0,Low,crime_grounded_district_temporal_spatial_index,True,Severity-weighted NCRB district crime burden (35%) + temporal multiplier (35%) + spatial hotspot density (30%) + weekend adjustment (5%).,13.896384,1.515815760803223
1010,AIIMS to Lajpat Nagar (Ring Road),South East,midpoint/locality administrative mapping,medium,28.5678,77.2261,3200,256,trunk,True,2283000,22382,5845,256.0228,186.9665,319.8292,233.5149,-2.6,16.4164,98,72,2491,1676.1532,1578.578,1479.6716,3226.5302,1479.6716,1223.3192,6100.5126,84.0,False,True,False,True,True,True,True,19,Evening,0,0,1,0,1,2491.0,2491.0,True,0,0.5,0.0975,54.9365,20.9122,3.4121,17.5,0.0001,0.0,Low,crime_grounded_district_temporal_spatial_index,True,Severity-weighted NCRB district crime burden (35%) + temporal multiplier (35%) + spatial hotspot density (30%) + weekend adjustment (5%).,23.0494,-2.137200329589845
1010,AIIMS to Lajpat Nagar (Ring Road),South East,midpoint/locality administrative mapping,medium,28.5678,77.2261,3200,256,trunk,True,2283000,22382,5845,256.0228,186.9665,319.8292,233.5149,-2.6,16.4164,98,72,2491,1676.1532,1578.578,1479.6716,3226.5302,1479.6716,1223.3192,6100.5126,84.0,False,True,False,True,True,True,True,19,Evening,0,0,1,1,1,2491.0,2491.0,True,0,0.5,0.0975,54.9365,25.9122,3.4121,17.5,0.0001,5.0,Low,crime_grounded_district_temporal_spatial_index,True,Severity-weighted NCRB district crime burden (35%) + temporal multiplier (35%) + spatial hotspot density (30%) + weekend adjustment (5%).,23.0494,2.862799670410155
1010,AIIMS to Lajpat Nagar (Ring Road),South East,midpoint/locality administrative mapping,medium,28.5678,77.2261,3200,256,trunk,True,2283000,22382,5845,256.0228,186.9665,319.8292,233.5149,-2.6,16.4164,98,72,2491,1676.1532,1578.578,1479.6716,3226.5302,1479.6716,1223.3192,6100.5126,84.0,False,True,False,True,True,True,True,23,Night,1,0,0,0,0,2491.0,871.85,True,1,1.0,0.0975,54.9365,31.4122,3.4121,28.0,0.0001,0.0,Low,crime_grounded_district_temporal_spatial_index,True,Severity-weighted NCRB district crime burden (35%) + temporal multiplier (35%) + spatial hotspot density (30%) + weekend adjustment (5%).,34.489304,-3.077103588867189
1010,AIIMS to Lajpat Nagar (Ring Road),South East,midpoint/locality administrative mapping,medium,28.5678,77.2261,3200,256,trunk,True,2283000,22382,5845,256.0228,186.9665,319.8292,233.5149,-2.6,16.4164,98,72,2491,1676.1532,1578.578,1479.6716,3226.5302,1479.6716,1223.3192,6100.5126,84.0,False,True,False,True,True,True,True,23,Night,1,0,0,1,0,2491.0,871.85,True,1,1.0,0.0975,54.9365,36.4122,3.4121,28.0,0.0001,5.0,Moderate,crime_grounded_district_temporal_spatial_index,True,Severity-weighted NCRB district crime burden (35%) + temporal multiplier (35%) + spatial hotspot density (30%) + weekend adjustment (5%).,34.489304,1.922896411132811
1010,AIIMS to Lajpat Nagar (Ring Road),South East,midpoint/locality administrative mapping,medium,28.5678,77.2261,3200,256,trunk,True,2283000,22382,5845,256.0228,186.9665,319.8292,233.5149,-2.6,16.4164,98,72,2491,1676.1532,1578.578,1479.6716,3226.5302,1479.6716,1223.3192,6100.5126,84.0,False,True,False,True,True,True,True,2,Late Night,1,1,0,0,0,2491.0,498.2,True,1,1.0,0.0975,54.9365,38.4122,3.4121,35.0,0.0001,0.0,Moderate,crime_grounded_district_temporal_spatial_index,True,Severity-weighted NCRB district crime burden (35%) + temporal multiplier (35%) + spatial hotspot density (30%) + weekend adjustment (5%).,41.094894,-2.682694409179689
1010,AIIMS to Lajpat Nagar (Ring Road),South East,midpoint/locality administrative mapping,medium,28.5678,77.2261,3200,256,trunk,True,2283000,22382,5845,256.0228,186.9665,319.8292,233.5149,-2.6,16.4164,98,72,2491,1676.1532,1578.578,1479.6716,3226.5302,1479.6716,1223.3192,6100.5126,84.0,False,True,False,True,True,True,True,2,Late Night,1,1,0,1,0,2491.0,498.2,True,1,1.0,0.0975,54.9365,43.4122,3.4121,35.0,0.0001,5.0,Moderate,crime_grounded_district_temporal_spatial_index,True,Severity-weighted NCRB district crime burden (35%) + temporal multiplier (35%) + spatial hotspot density (30%) + weekend adjustment (5%).,41.094894,2.317305590820311
1011,Lajpat Nagar to Kalkaji,South East,midpoint/locality administrative mapping,high,28.5586,77.2506,2700,216,primary,True,2283000,22382,5845,256.0228,186.9665,319.8292,233.5149,-2.6,16.4164,93,60,2683,1185.4083,4072.7012,3999.9825,4887.5423,3999.9825,1740.3872,3789.416,84.0,False,False,False,True,True,True,True,8,Morning,0,0,0,0,1,2683.0,1743.95,True,0,0.5,0.0975,54.9365,13.918,3.4121,10.5,0.0059,0.0,Low,crime_grounded_district_temporal_spatial_index,True,Severity-weighted NCRB district crime burden (35%) + temporal multiplier (35%) + spatial hotspot density (30%) + weekend adjustment (5%).,29.628521,-15.710520965576173
1011,Lajpat Nagar to Kalkaji,South East,midpoint/locality administrative mapping,high,28.5586,77.2506,2700,216,primary,True,2283000,22382,5845,256.0228,186.9665,319.8292,233.5149,-2.6,16.4164,93,60,2683,1185.4083,4072.7012,3999.9825,4887.5423,3999.9825,1740.3872,3789.416,84.0,False,False,False,True,True,True,True,8,Morning,0,0,0,1,1,2683.0,1743.95,True,0,0.5,0.0975,54.9365,18.918,3.4121,10.5,0.0059,5.0,Low,crime_grounded_district_temporal_spatial_index,True,Severity-weighted NCRB district crime burden (35%) + temporal multiplier (35%) + spatial hotspot density (30%) + weekend adjustment (5%).,29.628521,-10.710520965576173
1011,Lajpat Nagar to Kalkaji,South East,midpoint/locality administrative mapping,high,28.5586,77.2506,2700,216,primary,True,2283000,22382,5845,256.0228,186.9665,319.8292,233.5149,-2.6,16.4164,93,60,2683,1185.4083,4072.7012,3999.9825,4887.5423,3999.9825,1740.3872,3789.416,84.0,False,False,False,True,True,True,True,13,Day,0,0,0,0,0,2683.0,1475.65,True,0,0.5,0.0975,54.9365,10.418,3.4121,7.0,0.0059,0.0,Low,crime_grounded_district_temporal_spatial_index,True,Severity-weighted NCRB district crime burden (35%) + temporal multiplier (35%) + spatial hotspot density (30%) + weekend adjustment (5%).,28.162737,-17.744736892700196
1011,Lajpat Nagar to Kalkaji,South East,midpoint/locality administrative mapping,high,28.5586,77.2506,2700,216,primary,True,2283000,22382,5845,256.0228,186.9665,319.8292,233.5149,-2.6,16.4164,93,60,2683,1185.4083,4072.7012,3999.9825,4887.5423,3999.9825,1740.3872,3789.416,84.0,False,False,False,True,True,True,True,13,Day,0,0,0,1,0,2683.0,1475.65,True,0,0.5,0.0975,54.9365,15.418,3.4121,7.0,0.0059,5.0,Low,crime_grounded_district_temporal_spatial_index,True,Severity-weighted NCRB district crime burden (35%) + temporal multiplier (35%) + spatial hotspot density (30%) + weekend adjustment (5%).,28.162737,-12.744736892700196
1011,Lajpat Nagar to Kalkaji,South East,midpoint/locality administrative mapping,high,28.5586,77.2506,2700,216,primary,True,2283000,22382,5845,256.0228,186.9665,319.8292,233.5149,-2.6,16.4164,93,60,2683,1185.4083,4072.7012,3999.9825,4887.5423,3999.9825,1740.3872,3789.416,84.0,False,False,False,True,True,True,True,19,Evening,0,0,1,0,1,2683.0,2683.0,True,0,0.5,0.0975,54.9365,20.918,3.4121,17.5,0.0059,0.0,Low,crime_grounded_district_temporal_spatial_index,True,Severity-weighted NCRB district crime burden (35%) + temporal multiplier (35%) + spatial hotspot density (30%) + weekend adjustment (5%).,34.535122,-13.61712191772461
1011,Lajpat Nagar to Kalkaji,South East,midpoint/locality administrative mapping,high,28.5586,77.2506,2700,216,primary,True,2283000,22382,5845,256.0228,186.9665,319.8292,233.5149,-2.6,16.4164,93,60,2683,1185.4083,4072.7012,3999.9825,4887.5423,3999.9825,1740.3872,3789.416,84.0,False,False,False,True,True,True,True,19,Evening,0,0,1,1,1,2683.0,2683.0,True,0,0.5,0.0975,54.9365,25.918,3.4121,17.5,0.0059,5.0,Low,crime_grounded_district_temporal_spatial_index,True,Severity-weighted NCRB district crime burden (35%) + temporal multiplier (35%) + spatial hotspot density (30%) + weekend adjustment (5%).,34.535122,-8.61712191772461
1011,Lajpat Nagar to Kalkaji,South East,midpoint/locality administrative mapping,high,28.5586,77.2506,2700,216,primary,True,2283000,22382,5845,256.0228,186.9665,319.8292,233.5149,-2.6,16.4164,93,60,2683,1185.4083,4072.7012,3999.9825,4887.5423,3999.9825,1740.3872,3789.416,84.0,False,False,False,True,True,True,True,23,Night,1,0,0,0,0,2683.0,939.05,True,1,1.0,0.0975,54.9365,31.418,3.4121,28.0,0.0059,0.0,Low,crime_grounded_district_temporal_spatial_index,True,Severity-weighted NCRB district crime burden (35%) + temporal multiplier (35%) + spatial hotspot density (30%) + weekend adjustment (5%).,53.352818,-21.93481753540039
1011,Lajpat Nagar to Kalkaji,South East,midpoint/locality administrative mapping,high,28.5586,77.2506,2700,216,primary,True,2283000,22382,5845,256.0228,186.9665,319.8292,233.5149,-2.6,16.4164,93,60,2683,1185.4083,4072.7012,3999.9825,4887.5423,3999.9825,1740.3872,3789.416,84.0,False,False,False,True,True,True,True,23,Night,1,0,0,1,0,2683.0,939.05,True,1,1.0,0.0975,54.9365,36.418,3.4121,28.0,0.0059,5.0,Moderate,crime_grounded_district_temporal_spatial_index,True,Severity-weighted NCRB district crime burden (35%) + temporal multiplier (35%) + spatial hotspot density (30%) + weekend adjustment (5%).,53.352818,-16.93481753540039
1011,Lajpat Nagar to Kalkaji,South East,midpoint/locality administrative mapping,high,28.5586,77.2506,2700,216,primary,True,2283000,22382,5845,256.0228,186.9665,319.8292,233.5149,-2.6,16.4164,93,60,2683,1185.4083,4072.7012,3999.9825,4887.5423,3999.9825,1740.3872,3789.416,84.0,False,False,False,True,True,True,True,2,Late Night,1,1,0,0,0,2683.0,536.6,True,1,1.0,0.0975,54.9365,38.418,3.4121,35.0,0.0059,0.0,Moderate,crime_grounded_district_temporal_spatial_index,True,Severity-weighted NCRB district crime burden (35%) + temporal multiplier (35%) + spatial hotspot density (30%) + weekend adjustment (5%).,53.930714,-15.512713653564454
1011,Lajpat Nagar to Kalkaji,South East,midpoint/locality administrative mapping,high,28.5586,77.2506,2700,216,primary,True,2283000,22382,5845,256.0228,186.9665,319.8292,233.5149,-2.6,16.4164,93,60,2683,1185.4083,4072.7012,3999.9825,4887.5423,3999.9825,1740.3872,3789.416,84.0,False,False,False,True,True,True,True,2,Late Night,1,1,0,1,0,2683.0,536.6,True,1,1.0,0.0975,54.9365,43.418,3.4121,35.0,0.0059,5.0,Moderate,crime_grounded_district_temporal_spatial_index,True,Severity-weighted NCRB district crime burden (35%) + temporal multiplier (35%) + spatial hotspot density (30%) + weekend adjustment (5%).,53.930714,-10.512713653564454
1012,Kalkaji to Okhla Industrial Area,South East,midpoint/locality administrative mapping,high,28.5394,77.265,2500,200,secondary,True,2283000,22382,5845,256.0228,186.9665,319.8292,233.5149,-2.6,16.4164,61,26,944,3752.6148,6200.579,5886.425,6228.524,5886.425,4294.2809,1222.492,84.0,False,False,False,True,True,True,True,8,Morning,0,0,0,0,1,944.0,613.6,True,0,0.5,0.0975,54.9365,14.9128,3.4121,10.5,1.0007,0.0,Low,crime_grounded_district_temporal_spatial_index,True,Severity-weighted NCRB district crime burden (35%) + temporal multiplier (35%) + spatial hotspot density (30%) + weekend adjustment (5%).,16.808983,-1.896182849121093
1012,Kalkaji to Okhla Industrial Area,South East,midpoint/locality administrative mapping,high,28.5394,77.265,2500,200,secondary,True,2283000,22382,5845,256.0228,186.9665,319.8292,233.5149,-2.6,16.4164,61,26,944,3752.6148,6200.579,5886.425,6228.524,5886.425,4294.2809,1222.492,84.0,False,False,False,True,True,True,True,8,Morning,0,0,0,1,1,944.0,613.6,True,0,0.5,0.0975,54.9365,19.9128,3.4121,10.5,1.0007,5.0,Low,crime_grounded_district_temporal_spatial_index,True,Severity-weighted NCRB district crime burden (35%) + temporal multiplier (35%) + spatial hotspot density (30%) + weekend adjustment (5%).,16.808983,3.103817150878907
1012,Kalkaji to Okhla Industrial Area,South East,midpoint/locality administrative mapping,high,28.5394,77.265,2500,200,secondary,True,2283000,22382,5845,256.0228,186.9665,319.8292,233.5149,-2.6,16.4164,61,26,944,3752.6148,6200.579,5886.425,6228.524,5886.425,4294.2809,1222.492,84.0,False,False,False,True,True,True,True,13,Day,0,0,0,0,0,944.0,519.2,True,0,0.5,0.0975,54.9365,11.4128,3.4121,7.0,1.0007,0.0,Low,crime_grounded_district_temporal_spatial_index,True,Severity-weighted NCRB district crime burden (35%) + temporal multiplier (35%) + spatial hotspot density (30%) + weekend adjustment (5%).,16.491257,-5.078456713867187
1012,Kalkaji to Okhla Industrial Area,South East,midpoint/locality administrative mapping,high,28.5394,77.265,2500,200,secondary,True,2283000,22382,5845,256.0228,186.9665,319.8292,233.5149,-2.6,16.4164,61,26,944,3752.6148,6200.579,5886.425,6228.524,5886.425,4294.2809,1222.492,84.0,False,False,False,True,True,True,True,13,Day,0,0,0,1,0,944.0,519.2,True,0,0.5,0.0975,54.9365,16.4128,3.4121,7.0,1.0007,5.0,Low,crime_grounded_district_temporal_spatial_index,True,Severity-weighted NCRB district crime burden (35%) + temporal multiplier (35%) + spatial hotspot density (30%) + weekend adjustment (5%).,16.491257,-0.07845671386718678
1012,Kalkaji to Okhla Industrial Area,South East,midpoint/locality administrative mapping,high,28.5394,77.265,2500,200,secondary,True,2283000,22382,5845,256.0228,186.9665,319.8292,233.5149,-2.6,16.4164,61,26,944,3752.6148,6200.579,5886.425,6228.524,5886.425,4294.2809,1222.492,84.0,False,False,False,True,True,True,True,19,Evening,0,0,1,0,1,944.0,944.0,True,0,0.5,0.0975,54.9365,21.9128,3.4121,17.5,1.0007,0.0,Low,crime_grounded_district_temporal_spatial_index,True,Severity-weighted NCRB district crime burden (35%) + temporal multiplier (35%) + spatial hotspot density (30%) + weekend adjustment (5%).,22.18565,-0.27284987182617115
1012,Kalkaji to Okhla Industrial Area,South East,midpoint/locality administrative mapping,high,28.5394,77.265,2500,200,secondary,True,2283000,22382,5845,256.0228,186.9665,319.8292,233.5149,-2.6,16.4164,61,26,944,3752.6148,6200.579,5886.425,6228.524,5886.425,4294.2809,1222.492,84.0,False,False,False,True,True,True,True,19,Evening,0,0,1,1,1,944.0,944.0,True,0,0.5,0.0975,54.9365,26.9128,3.4121,17.5,1.0007,5.0,Low,crime_grounded_district_temporal_spatial_index,True,Severity-weighted NCRB district crime burden (35%) + temporal multiplier (35%) + spatial hotspot density (30%) + weekend adjustment (5%).,22.18565,4.727150128173829
1012,Kalkaji to Okhla Industrial Area,South East,midpoint/locality administrative mapping,high,28.5394,77.265,2500,200,secondary,True,2283000,22382,5845,256.0228,186.9665,319.8292,233.5149,-2.6,16.4164,61,26,944,3752.6148,6200.579,5886.425,6228.524,5886.425,4294.2809,1222.492,84.0,False,False,False,True,True,True,True,23,Night,1,0,0,0,0,944.0,330.4,True,1,1.0,0.0975,54.9365,32.4128,3.4121,28.0,1.0007,0.0,Low,crime_grounded_district_temporal_spatial_index,True,Severity-weighted NCRB district crime burden (35%) + temporal multiplier (35%) + spatial hotspot density (30%) + weekend adjustment (5%).,36.845657,-4.432857348632815
1012,Kalkaji to Okhla Industrial Area,South East,midpoint/locality administrative mapping,high,28.5394,77.265,2500,200,secondary,True,2283000,22382,5845,256.0228,186.9665,319.8292,233.5149,-2.6,16.4164,61,26,944,3752.6148,6200.579,5886.425,6228.524,5886.425,4294.2809,1222.492,84.0,False,False,False,True,True,True,True,23,Night,1,0,0,1,0,944.0,330.4,True,1,1.0,0.0975,54.9365,37.4128,3.4121,28.0,1.0007,5.0,Moderate,crime_grounded_district_temporal_spatial_index,True,Severity-weighted NCRB district crime burden (35%) + temporal multiplier (35%) + spatial hotspot density (30%) + weekend adjustment (5%).,36.845657,0.5671426513671847
1012,Kalkaji to Okhla Industrial Area,South East,midpoint/locality administrative mapping,high,28.5394,77.265,2500,200,secondary,True,2283000,22382,5845,256.0228,186.9665,319.8292,233.5149,-2.6,16.4164,61,26,944,3752.6148,6200.579,5886.425,6228.524,5886.425,4294.2809,1222.492,84.0,False,False,False,True,True,True,True,2,Late Night,1,1,0,0,0,944.0,188.8,True,1,1.0,0.0975,54.9365,39.4128,3.4121,35.0,1.0007,0.0,Moderate,crime_grounded_district_temporal_spatial_index,True,Severity-weighted NCRB district crime burden (35%) + temporal multiplier (35%) + spatial hotspot density (30%) + weekend adjustment (5%).,39.775314,-0.36251433105469033
1012,Kalkaji to Okhla Industrial Area,South East,midpoint/locality administrative mapping,high,28.5394,77.265,2500,200,secondary,True,2283000,22382,5845,256.0228,186.9665,319.8292,233.5149,-2.6,16.4164,61,26,944,3752.6148,6200.579,5886.425,6228.524,5886.425,4294.2809,1222.492,84.0,False,False,False,True,True,True,True,2,Late Night,1,1,0,1,0,944.0,188.8,True,1,1.0,0.0975,54.9365,44.4128,3.4121,35.0,1.0007,5.0,Moderate,crime_grounded_district_temporal_spatial_index,True,Severity-weighted NCRB district crime burden (35%) + temporal multiplier (35%) + spatial hotspot density (30%) + weekend adjustment (5%).,39.775314,4.63748566894531
1013,AIIMS to RML Hospital (Sri Aurobindo Marg),South West,midpoint/locality administrative mapping,medium,28.5956,77.2062,6400,512,primary,True,2292958,5459,4743,206.8507,150.8483,258.4696,188.4349,-1.2286,8.9431,72,80,2220,4114.7832,2912.7638,2912.7638,4201.5214,2912.7638,3311.5095,5343.9597,88.0,False,False,False,True,True,True,True,8,Morning,0,0,0,0,1,2220.0,1443.0,True,0,0.5,0.0,44.1242,10.5005,0.0,10.5,0.0005,0.0,Low,crime_grounded_district_temporal_spatial_index,True,Severity-weighted NCRB district crime burden (35%) + temporal multiplier (35%) + spatial hotspot density (30%) + weekend adjustment (5%).,12.293467,-1.7929665679931635
1013,AIIMS to RML Hospital (Sri Aurobindo Marg),South West,midpoint/locality administrative mapping,medium,28.5956,77.2062,6400,512,primary,True,2292958,5459,4743,206.8507,150.8483,258.4696,188.4349,-1.2286,8.9431,72,80,2220,4114.7832,2912.7638,2912.7638,4201.5214,2912.7638,3311.5095,5343.9597,88.0,False,False,False,True,True,True,True,8,Morning,0,0,0,1,1,2220.0,1443.0,True,0,0.5,0.0,44.1242,15.5005,0.0,10.5,0.0005,5.0,Low,crime_grounded_district_temporal_spatial_index,True,Severity-weighted NCRB district crime burden (35%) + temporal multiplier (35%) + spatial hotspot density (30%) + weekend adjustment (5%).,12.293467,3.2070334320068365
1013,AIIMS to RML Hospital (Sri Aurobindo Marg),South West,midpoint/locality administrative mapping,medium,28.5956,77.2062,6400,512,primary,True,2292958,5459,4743,206.8507,150.8483,258.4696,188.4349,-1.2286,8.9431,72,80,2220,4114.7832,2912.7638,2912.7638,4201.5214,2912.7638,3311.5095,5343.9597,88.0,False,False,False,True,True,True,True,13,Day,0,0,0,0,0,2220.0,1221.0,True,0,0.5,0.0,44.1242,7.0005,0.0,7.0,0.0005,0.0,Low,crime_grounded_district_temporal_spatial_index,True,Severity-weighted NCRB district crime burden (35%) + temporal multiplier (35%) + spatial hotspot density (30%) + weekend adjustment (5%).,11.199124,-4.198624336242676
1013,AIIMS to RML Hospital (Sri Aurobindo Marg),South West,midpoint/locality administrative mapping,medium,28.5956,77.2062,6400,512,primary,True,2292958,5459,4743,206.8507,150.8483,258.4696,188.4349,-1.2286,8.9431,72,80,2220,4114.7832,2912.7638,2912.7638,4201.5214,2912.7638,3311.5095,5343.9597,88.0,False,False,False,True,True,True,True,13,Day,0,0,0,1,0,2220.0,1221.0,True,0,0.5,0.0,44.1242,12.0005,0.0,7.0,0.0005,5.0,Low,crime_grounded_district_temporal_spatial_index,True,Severity-weighted NCRB district crime burden (35%) + temporal multiplier (35%) + spatial hotspot density (30%) + weekend adjustment (5%).,11.199124,0.8013756637573248
1013,AIIMS to RML Hospital (Sri Aurobindo Marg),South West,midpoint/locality administrative mapping,medium,28.5956,77.2062,6400,512,primary,True,2292958,5459,4743,206.8507,150.8483,258.4696,188.4349,-1.2286,8.9431,72,80,2220,4114.7832,2912.7638,2912.7638,4201.5214,2912.7638,3311.5095,5343.9597,88.0,False,False,False,True,True,True,True,19,Evening,0,0,1,0,1,2220.0,2220.0,True,0,0.5,0.0,44.1242,17.5005,0.0,17.5,0.0005,0.0,Low,crime_grounded_district_temporal_spatial_index,True,Severity-weighted NCRB district crime burden (35%) + temporal multiplier (35%) + spatial hotspot density (30%) + weekend adjustment (5%).,18.739065,-1.238565170288087
1013,AIIMS to RML Hospital (Sri Aurobindo Marg),South West,midpoint/locality administrative mapping,medium,28.5956,77.2062,6400,512,primary,True,2292958,5459,4743,206.8507,150.8483,258.4696,188.4349,-1.2286,8.9431,72,80,2220,4114.7832,2912.7638,2912.7638,4201.5214,2912.7638,3311.5095,5343.9597,88.0,False,False,False,True,True,True,True,19,Evening,0,0,1,1,1,2220.0,2220.0,True,0,0.5,0.0,44.1242,22.5005,0.0,17.5,0.0005,5.0,Low,crime_grounded_district_temporal_spatial_index,True,Severity-weighted NCRB district crime burden (35%) + temporal multiplier (35%) + spatial hotspot density (30%) + weekend adjustment (5%).,18.739065,3.761434829711913
1013,AIIMS to RML Hospital (Sri Aurobindo Marg),South West,midpoint/locality administrative mapping,medium,28.5956,77.2062,6400,512,primary,True,2292958,5459,4743,206.8507,150.8483,258.4696,188.4349,-1.2286,8.9431,72,80,2220,4114.7832,2912.7638,2912.7638,4201.5214,2912.7638,3311.5095,5343.9597,88.0,False,False,False,True,True,True,True,23,Night,1,0,0,0,0,2220.0,777.0,True,1,1.0,0.0,44.1242,28.0005,0.0,28.0,0.0005,0.0,Low,crime_grounded_district_temporal_spatial_index,True,Severity-weighted NCRB district crime burden (35%) + temporal multiplier (35%) + spatial hotspot density (30%) + weekend adjustment (5%).,31.305471,-3.304971420288087
1013,AIIMS to RML Hospital (Sri Aurobindo Marg),South West,midpoint/locality administrative mapping,medium,28.5956,77.2062,6400,512,primary,True,2292958,5459,4743,206.8507,150.8483,258.4696,188.4349,-1.2286,8.9431,72,80,2220,4114.7832,2912.7638,2912.7638,4201.5214,2912.7638,3311.5095,5343.9597,88.0,False,False,False,True,True,True,True,23,Night,1,0,0,1,0,2220.0,777.0,True,1,1.0,0.0,44.1242,33.0005,0.0,28.0,0.0005,5.0,Moderate,crime_grounded_district_temporal_spatial_index,True,Severity-weighted NCRB district crime burden (35%) + temporal multiplier (35%) + spatial hotspot density (30%) + weekend adjustment (5%).,31.305471,1.6950285797119164
1013,AIIMS to RML Hospital (Sri Aurobindo Marg),South West,midpoint/locality administrative mapping,medium,28.5956,77.2062,6400,512,primary,True,2292958,5459,4743,206.8507,150.8483,258.4696,188.4349,-1.2286,8.9431,72,80,2220,4114.7832,2912.7638,2912.7638,4201.5214,2912.7638,3311.5095,5343.9597,88.0,False,False,False,True,True,True,True,2,Late Night,1,1,0,0,0,2220.0,444.0,True,1,1.0,0.0,44.1242,35.0005,0.0,35.0,0.0005,0.0,Moderate,crime_grounded_district_temporal_spatial_index,True,Severity-weighted NCRB district crime burden (35%) + temporal multiplier (35%) + spatial hotspot density (30%) + weekend adjustment (5%).,37.118477,-2.117976867675779
1013,AIIMS to RML Hospital (Sri Aurobindo Marg),South West,midpoint/locality administrative mapping,medium,28.5956,77.2062,6400,512,primary,True,2292958,5459,4743,206.8507,150.8483,258.4696,188.4349,-1.2286,8.9431,72,80,2220,4114.7832,2912.7638,2912.7638,4201.5214,2912.7638,3311.5095,5343.9597,88.0,False,False,False,True,True,True,True,2,Late Night,1,1,0,1,0,2220.0,444.0,True,1,1.0,0.0,44.1242,40.0005,0.0,35.0,0.0005,5.0,Moderate,crime_grounded_district_temporal_spatial_index,True,Severity-weighted NCRB district crime burden (35%) + temporal multiplier (35%) + spatial hotspot density (30%) + weekend adjustment (5%).,37.118477,2.882023132324221
1014,RML to Connaught Place,New Delhi,midpoint/locality administrative mapping,high,28.6284,77.211,1900,152,primary,True,142004,4057,951,669.6994,499.8294,836.5257,623.9652,-0.4857,100.0,87,72,2494,654.4534,3066.6009,3066.6009,791.8307,791.8307,963.116,1675.0554,88.0,True,False,True,True,True,True,True,8,Morning,0,0,0,0,1,2494.0,1621.1,True,0,0.5,1.0,155.0308,46.2286,35.0,10.5,0.7286,0.0,Moderate,crime_grounded_district_temporal_spatial_index,True,Severity-weighted NCRB district crime burden (35%) + temporal multiplier (35%) + spatial hotspot density (30%) + weekend adjustment (5%).,48.92793,-2.6993289245605467
1014,RML to Connaught Place,New Delhi,midpoint/locality administrative mapping,high,28.6284,77.211,1900,152,primary,True,142004,4057,951,669.6994,499.8294,836.5257,623.9652,-0.4857,100.0,87,72,2494,654.4534,3066.6009,3066.6009,791.8307,791.8307,963.116,1675.0554,88.0,True,False,True,True,True,True,True,8,Morning,0,0,0,1,1,2494.0,1621.1,True,0,0.5,1.0,155.0308,51.2286,35.0,10.5,0.7286,5.0,Moderate,crime_grounded_district_temporal_spatial_index,True,Severity-weighted NCRB district crime burden (35%) + temporal multiplier (35%) + spatial hotspot density (30%) + weekend adjustment (5%).,48.92793,2.3006710754394533
1014,RML to Connaught Place,New Delhi,midpoint/locality administrative mapping,high,28.6284,77.211,1900,152,primary,True,142004,4057,951,669.6994,499.8294,836.5257,623.9652,-0.4857,100.0,87,72,2494,654.4534,3066.6009,3066.6009,791.8307,791.8307,963.116,1675.0554,88.0,True,False,True,True,True,True,True,13,Day,0,0,0,0,0,2494.0,1371.7,True,0,0.5,1.0,155.0308,42.7286,35.0,7.0,0.7286,0.0,Moderate,crime_grounded_district_temporal_spatial_index,True,Severity-weighted NCRB district crime burden (35%) + temporal multiplier (35%) + spatial hotspot density (30%) + weekend adjustment (5%).,46.26259,-3.5339885009765624
1014,RML to Connaught Place,New Delhi,midpoint/locality administrative mapping,high,28.6284,77.211,1900,152,primary,True,142004,4057,951,669.6994,499.8294,836.5257,623.9652,-0.4857,100.0,87,72,2494,654.4534,3066.6009,3066.6009,791.8307,791.8307,963.116,1675.0554,88.0,True,False,True,True,True,True,True,13,Day,0,0,0,1,0,2494.0,1371.7,True,0,0.5,1.0,155.0308,47.7286,35.0,7.0,0.7286,5.0,Moderate,crime_grounded_district_temporal_spatial_index,True,Severity-weighted NCRB district crime burden (35%) + temporal multiplier (35%) + spatial hotspot density (30%) + weekend adjustment (5%).,46.26259,1.4660114990234376
1014,RML to Connaught Place,New Delhi,midpoint/locality administrative mapping,high,28.6284,77.211,1900,152,primary,True,142004,4057,951,669.6994,499.8294,836.5257,623.9652,-0.4857,100.0,87,72,2494,654.4534,3066.6009,3066.6009,791.8307,791.8307,963.116,1675.0554,88.0,True,False,True,True,True,True,True,19,Evening,0,0,1,0,1,2494.0,2494.0,True,0,0.5,1.0,155.0308,53.2286,35.0,17.5,0.7286,0.0,Moderate,crime_grounded_district_temporal_spatial_index,True,Severity-weighted NCRB district crime burden (35%) + temporal multiplier (35%) + spatial hotspot density (30%) + weekend adjustment (5%).,54.004505,-0.775905157470703
1014,RML to Connaught Place,New Delhi,midpoint/locality administrative mapping,high,28.6284,77.211,1900,152,primary,True,142004,4057,951,669.6994,499.8294,836.5257,623.9652,-0.4857,100.0,87,72,2494,654.4534,3066.6009,3066.6009,791.8307,791.8307,963.116,1675.0554,88.0,True,False,True,True,True,True,True,19,Evening,0,0,1,1,1,2494.0,2494.0,True,0,0.5,1.0,155.0308,58.2286,35.0,17.5,0.7286,5.0,Moderate,crime_grounded_district_temporal_spatial_index,True,Severity-weighted NCRB district crime burden (35%) + temporal multiplier (35%) + spatial hotspot density (30%) + weekend adjustment (5%).,54.004505,4.224094842529297
1014,RML to Connaught Place,New Delhi,midpoint/locality administrative mapping,high,28.6284,77.211,1900,152,primary,True,142004,4057,951,669.6994,499.8294,836.5257,623.9652,-0.4857,100.0,87,72,2494,654.4534,3066.6009,3066.6009,791.8307,791.8307,963.116,1675.0554,88.0,True,False,True,True,True,True,True,23,Night,1,0,0,0,0,2494.0,872.9,True,1,1.0,1.0,155.0308,63.7286,35.0,28.0,0.7286,0.0,Moderate,crime_grounded_district_temporal_spatial_index,True,Severity-weighted NCRB district crime burden (35%) + temporal multiplier (35%) + spatial hotspot density (30%) + weekend adjustment (5%).,67.43963,-3.7110286010742186
1014,RML to Connaught Place,New Delhi,midpoint/locality administrative mapping,high,28.6284,77.211,1900,152,primary,True,142004,4057,951,669.6994,499.8294,836.5257,623.9652,-0.4857,100.0,87,72,2494,654.4534,3066.6009,3066.6009,791.8307,791.8307,963.116,1675.0554,88.0,True,False,True,True,True,True,True,23,Night,1,0,0,1,0,2494.0,872.9,True,1,1.0,1.0,155.0308,68.7286,35.0,28.0,0.7286,5.0,High,crime_grounded_district_temporal_spatial_index,True,Severity-weighted NCRB district crime burden (35%) + temporal multiplier (35%) + spatial hotspot density (30%) + weekend adjustment (5%).,67.43963,1.2889713989257814
1014,RML to Connaught Place,New Delhi,midpoint/locality administrative mapping,high,28.6284,77.211,1900,152,primary,True,142004,4057,951,669.6994,499.8294,836.5257,623.9652,-0.4857,100.0,87,72,2494,654.4534,3066.6009,3066.6009,791.8307,791.8307,963.116,1675.0554,88.0,True,False,True,True,True,True,True,2,Late Night,1,1,0,0,0,2494.0,498.8,True,1,1.0,1.0,155.0308,70.7286,35.0,35.0,0.7286,0.0,High,crime_grounded_district_temporal_spatial_index,True,Severity-weighted NCRB district crime burden (35%) + temporal multiplier (35%) + spatial hotspot density (30%) + weekend adjustment (5%).,72.295815,-1.5672145141601561
1014,RML to Connaught Place,New Delhi,midpoint/locality administrative mapping,high,28.6284,77.211,1900,152,primary,True,142004,4057,951,669.6994,499.8294,836.5257,623.9652,-0.4857,100.0,87,72,2494,654.4534,3066.6009,3066.6009,791.8307,791.8307,963.116,1675.0554,88.0,True,False,True,True,True,True,True,2,Late Night,1,1,0,1,0,2494.0,498.8,True,1,1.0,1.0,155.0308,75.7286,35.0,35.0,0.7286,5.0,High,crime_grounded_district_temporal_spatial_index,True,Severity-weighted NCRB district crime burden (35%) + temporal multiplier (35%) + spatial hotspot density (30%) + weekend adjustment (5%).,72.295815,3.432785485839844
1015,Connaught Place to Karol Bagh,Central,midpoint/locality administrative mapping,medium,28.6421,77.2048,3300,264,primary,True,582320,23293,2052,352.3836,259.0023,439.8612,323.3808,-2.0571,35.8356,95,51,2192,1651.2706,3580.5193,3580.5193,1580.0064,1580.0064,1630.3072,920.6058,88.0,False,False,False,True,True,True,True,8,Morning,0,0,0,0,1,2192.0,1424.8,True,0,0.5,0.3056,78.0198,24.4913,10.6968,10.5,3.2945,0.0,Low,crime_grounded_district_temporal_spatial_index,True,Severity-weighted NCRB district crime burden (35%) + temporal multiplier (35%) + spatial hotspot density (30%) + weekend adjustment (5%).,23.958883,0.532416714477538
1015,Connaught Place to Karol Bagh,Central,midpoint/locality administrative mapping,medium,28.6421,77.2048,3300,264,primary,True,582320,23293,2052,352.3836,259.0023,439.8612,323.3808,-2.0571,35.8356,95,51,2192,1651.2706,3580.5193,3580.5193,1580.0064,1580.0064,1630.3072,920.6058,88.0,False,False,False,True,True,True,True,8,Morning,0,0,0,1,1,2192.0,1424.8,True,0,0.5,0.3056,78.0198,29.4913,10.6968,10.5,3.2945,5.0,Low,crime_grounded_district_temporal_spatial_index,True,Severity-weighted NCRB district crime burden (35%) + temporal multiplier (35%) + spatial hotspot density (30%) + weekend adjustment (5%).,23.958883,5.532416714477538
1015,Connaught Place to Karol Bagh,Central,midpoint/locality administrative mapping,medium,28.6421,77.2048,3300,264,primary,True,582320,23293,2052,352.3836,259.0023,439.8612,323.3808,-2.0571,35.8356,95,51,2192,1651.2706,3580.5193,3580.5193,1580.0064,1580.0064,1630.3072,920.6058,88.0,False,False,False,True,True,True,True,13,Day,0,0,0,0,0,2192.0,1205.6,True,0,0.5,0.3056,78.0198,20.9913,10.6968,7.0,3.2945,0.0,Low,crime_grounded_district_temporal_spatial_index,True,Severity-weighted NCRB district crime burden (35%) + temporal multiplier (35%) + spatial hotspot density (30%) + weekend adjustment (5%).,22.749622,-1.7583223449707042
1015,Connaught Place to Karol Bagh,Central,midpoint/locality administrative mapping,medium,28.6421,77.2048,3300,264,primary,True,582320,23293,2052,352.3836,259.0023,439.8612,323.3808,-2.0571,35.8356,95,51,2192,1651.2706,3580.5193,3580.5193,1580.0064,1580.0064,1630.3072,920.6058,88.0,False,False,False,True,True,True,True,13,Day,0,0,0,1,0,2192.0,1205.6,True,0,0.5,0.3056,78.0198,25.9913,10.6968,7.0,3.2945,5.0,Low,crime_grounded_district_temporal_spatial_index,True,Severity-weighted NCRB district crime burden (35%) + temporal multiplier (35%) + spatial hotspot density (30%) + weekend adjustment (5%).,22.749622,3.241677655029296
1015,Connaught Place to Karol Bagh,Central,midpoint/locality administrative mapping,medium,28.6421,77.2048,3300,264,primary,True,582320,23293,2052,352.3836,259.0023,439.8612,323.3808,-2.0571,35.8356,95,51,2192,1651.2706,3580.5193,3580.5193,1580.0064,1580.0064,1630.3072,920.6058,88.0,False,False,False,True,True,True,True,19,Evening,0,0,1,0,1,2192.0,2192.0,True,0,0.5,0.3056,78.0198,31.4913,10.6968,17.5,3.2945,0.0,Low,crime_grounded_district_temporal_spatial_index,True,Severity-weighted NCRB district crime burden (35%) + temporal multiplier (35%) + spatial hotspot density (30%) + weekend adjustment (5%).,26.81375,4.677550686645507
1015,Connaught Place to Karol Bagh,Central,midpoint/locality administrative mapping,medium,28.6421,77.2048,3300,264,primary,True,582320,23293,2052,352.3836,259.0023,439.8612,323.3808,-2.0571,35.8356,95,51,2192,1651.2706,3580.5193,3580.5193,1580.0064,1580.0064,1630.3072,920.6058,88.0,False,False,False,True,True,True,True,19,Evening,0,0,1,1,1,2192.0,2192.0,True,0,0.5,0.3056,78.0198,36.4913,10.6968,17.5,3.2945,5.0,Moderate,crime_grounded_district_temporal_spatial_index,True,Severity-weighted NCRB district crime burden (35%) + temporal multiplier (35%) + spatial hotspot density (30%) + weekend adjustment (5%).,26.81375,9.67755068664551
1015,Connaught Place to Karol Bagh,Central,midpoint/locality administrative mapping,medium,28.6421,77.2048,3300,264,primary,True,582320,23293,2052,352.3836,259.0023,439.8612,323.3808,-2.0571,35.8356,95,51,2192,1651.2706,3580.5193,3580.5193,1580.0064,1580.0064,1630.3072,920.6058,88.0,False,False,False,True,True,True,True,23,Night,1,0,0,0,0,2192.0,767.2,True,1,1.0,0.3056,78.0198,41.9913,10.6968,28.0,3.2945,0.0,Moderate,crime_grounded_district_temporal_spatial_index,True,Severity-weighted NCRB district crime burden (35%) + temporal multiplier (35%) + spatial hotspot density (30%) + weekend adjustment (5%).,42.90126,-0.90996037597656
1015,Connaught Place to Karol Bagh,Central,midpoint/locality administrative mapping,medium,28.6421,77.2048,3300,264,primary,True,582320,23293,2052,352.3836,259.0023,439.8612,323.3808,-2.0571,35.8356,95,51,2192,1651.2706,3580.5193,3580.5193,1580.0064,1580.0064,1630.3072,920.6058,88.0,False,False,False,True,True,True,True,23,Night,1,0,0,1,0,2192.0,767.2,True,1,1.0,0.3056,78.0198,46.9913,10.6968,28.0,3.2945,5.0,Moderate,crime_grounded_district_temporal_spatial_index,True,Severity-weighted NCRB district crime burden (35%) + temporal multiplier (35%) + spatial hotspot density (30%) + weekend adjustment (5%).,42.90126,4.09003962402344
1015,Connaught Place to Karol Bagh,Central,midpoint/locality administrative mapping,medium,28.6421,77.2048,3300,264,primary,True,582320,23293,2052,352.3836,259.0023,439.8612,323.3808,-2.0571,35.8356,95,51,2192,1651.2706,3580.5193,3580.5193,1580.0064,1580.0064,1630.3072,920.6058,88.0,False,False,False,True,True,True,True,2,Late Night,1,1,0,0,0,2192.0,438.4,True,1,1.0,0.3056,78.0198,48.9913,10.6968,35.0,3.2945,0.0,Moderate,crime_grounded_district_temporal_spatial_index,True,Severity-weighted NCRB district crime burden (35%) + temporal multiplier (35%) + spatial hotspot density (30%) + weekend adjustment (5%).,48.26702,0.7242788208007838
1015,Connaught Place to Karol Bagh,Central,midpoint/locality administrative mapping,medium,28.6421,77.2048,3300,264,primary,True,582320,23293,2052,352.3836,259.0023,439.8612,323.3808,-2.0571,35.8356,95,51,2192,1651.2706,3580.5193,3580.5193,1580.0064,1580.0064,1630.3072,920.6058,88.0,False,False,False,True,True,True,True,2,Late Night,1,1,0,1,0,2192.0,438.4,True,1,1.0,0.3056,78.0198,53.9913,10.6968,35.0,3.2945,5.0,Moderate,crime_grounded_district_temporal_spatial_index,True,Severity-weighted NCRB district crime burden (35%) + temporal multiplier (35%) + spatial hotspot density (30%) + weekend adjustment (5%).,48.26702,5.724278820800784
1016,Karol Bagh to Rajouri Garden,West,midpoint/locality administrative mapping,medium,28.6495,77.1558,7100,568,trunk,True,2543243,19715,6443,253.338,184.668,316.1554,230.4084,-7.5143,8.8522,81,58,2153,3407.2314,8432.4497,8432.4497,3273.358,3273.358,3223.0189,5736.9663,88.0,False,False,False,True,True,True,True,8,Morning,0,0,0,0,1,2153.0,1399.45,True,0,0.5,0.0834,53.3708,13.4183,2.9181,10.5,0.0002,0.0,Low,crime_grounded_district_temporal_spatial_index,True,Severity-weighted NCRB district crime burden (35%) + temporal multiplier (35%) + spatial hotspot density (30%) + weekend adjustment (5%).,14.983427,-1.5651270477294918
1016,Karol Bagh to Rajouri Garden,West,midpoint/locality administrative mapping,medium,28.6495,77.1558,7100,568,trunk,True,2543243,19715,6443,253.338,184.668,316.1554,230.4084,-7.5143,8.8522,81,58,2153,3407.2314,8432.4497,8432.4497,3273.358,3273.358,3223.0189,5736.9663,88.0,False,False,False,True,True,True,True,8,Morning,0,0,0,1,1,2153.0,1399.45,True,0,0.5,0.0834,53.3708,18.4183,2.9181,10.5,0.0002,5.0,Low,crime_grounded_district_temporal_spatial_index,True,Severity-weighted NCRB district crime burden (35%) + temporal multiplier (35%) + spatial hotspot density (30%) + weekend adjustment (5%).,14.983427,3.4348729522705064
1016,Karol Bagh to Rajouri Garden,West,midpoint/locality administrative mapping,medium,28.6495,77.1558,7100,568,trunk,True,2543243,19715,6443,253.338,184.668,316.1554,230.4084,-7.5143,8.8522,81,58,2153,3407.2314,8432.4497,8432.4497,3273.358,3273.358,3223.0189,5736.9663,88.0,False,False,False,True,True,True,True,13,Day,0,0,0,0,0,2153.0,1184.15,True,0,0.5,0.0834,53.3708,9.9183,2.9181,7.0,0.0002,0.0,Low,crime_grounded_district_temporal_spatial_index,True,Severity-weighted NCRB district crime burden (35%) + temporal multiplier (35%) + spatial hotspot density (30%) + weekend adjustment (5%).,13.621113,-3.702812823486328
1016,Karol Bagh to Rajouri Garden,West,midpoint/locality administrative mapping,medium,28.6495,77.1558,7100,568,trunk,True,2543243,19715,6443,253.338,184.668,316.1554,230.4084,-7.5143,8.8522,81,58,2153,3407.2314,8432.4497,8432.4497,3273.358,3273.358,3223.0189,5736.9663,88.0,False,False,False,True,True,True,True,13,Day,0,0,0,1,0,2153.0,1184.15,True,0,0.5,0.0834,53.3708,14.9183,2.9181,7.0,0.0002,5.0,Low,crime_grounded_district_temporal_spatial_index,True,Severity-weighted NCRB district crime burden (35%) + temporal multiplier (35%) + spatial hotspot density (30%) + weekend adjustment (5%).,13.621113,1.2971871765136722
1016,Karol Bagh to Rajouri Garden,West,midpoint/locality administrative mapping,medium,28.6495,77.1558,7100,568,trunk,True,2543243,19715,6443,253.338,184.668,316.1554,230.4084,-7.5143,8.8522,81,58,2153,3407.2314,8432.4497,8432.4497,3273.358,3273.358,3223.0189,5736.9663,88.0,False,False,False,True,True,True,True,19,Evening,0,0,1,0,1,2153.0,2153.0,True,0,0.5,0.0834,53.3708,20.4183,2.9181,17.5,0.0002,0.0,Low,crime_grounded_district_temporal_spatial_index,True,Severity-weighted NCRB district crime burden (35%) + temporal multiplier (35%) + spatial hotspot density (30%) + weekend adjustment (5%).,21.76427,-1.3459707824707046
1016,Karol Bagh to Rajouri Garden,West,midpoint/locality administrative mapping,medium,28.6495,77.1558,7100,568,trunk,True,2543243,19715,6443,253.338,184.668,316.1554,230.4084,-7.5143,8.8522,81,58,2153,3407.2314,8432.4497,8432.4497,3273.358,3273.358,3223.0189,5736.9663,88.0,False,False,False,True,True,True,True,19,Evening,0,0,1,1,1,2153.0,2153.0,True,0,0.5,0.0834,53.3708,25.4183,2.9181,17.5,0.0002,5.0,Low,crime_grounded_district_temporal_spatial_index,True,Severity-weighted NCRB district crime burden (35%) + temporal multiplier (35%) + spatial hotspot density (30%) + weekend adjustment (5%).,21.76427,3.6540292175292954
1016,Karol Bagh to Rajouri Garden,West,midpoint/locality administrative mapping,medium,28.6495,77.1558,7100,568,trunk,True,2543243,19715,6443,253.338,184.668,316.1554,230.4084,-7.5143,8.8522,81,58,2153,3407.2314,8432.4497,8432.4497,3273.358,3273.358,3223.0189,5736.9663,88.0,False,False,False,True,True,True,True,23,Night,1,0,0,0,0,2153.0,753.55,True,1,1.0,0.0834,53.3708,30.9183,2.9181,28.0,0.0002,0.0,Low,crime_grounded_district_temporal_spatial_index,True,Severity-weighted NCRB district crime burden (35%) + temporal multiplier (35%) + spatial hotspot density (30%) + weekend adjustment (5%).,34.130077,-3.2117773620605483
1016,Karol Bagh to Rajouri Garden,West,midpoint/locality administrative mapping,medium,28.6495,77.1558,7100,568,trunk,True,2543243,19715,6443,253.338,184.668,316.1554,230.4084,-7.5143,8.8522,81,58,2153,3407.2314,8432.4497,8432.4497,3273.358,3273.358,3223.0189,5736.9663,88.0,False,False,False,True,True,True,True,23,Night,1,0,0,1,0,2153.0,753.55,True,1,1.0,0.0834,53.3708,35.9183,2.9181,28.0,0.0002,5.0,Moderate,crime_grounded_district_temporal_spatial_index,True,Severity-weighted NCRB district crime burden (35%) + temporal multiplier (35%) + spatial hotspot density (30%) + weekend adjustment (5%).,34.130077,1.7882226379394552
1016,Karol Bagh to Rajouri Garden,West,midpoint/locality administrative mapping,medium,28.6495,77.1558,7100,568,trunk,True,2543243,19715,6443,253.338,184.668,316.1554,230.4084,-7.5143,8.8522,81,58,2153,3407.2314,8432.4497,8432.4497,3273.358,3273.358,3223.0189,5736.9663,88.0,False,False,False,True,True,True,True,2,Late Night,1,1,0,0,0,2153.0,430.6,True,1,1.0,0.0834,53.3708,37.9183,2.9181,35.0,0.0002,0.0,Moderate,crime_grounded_district_temporal_spatial_index,True,Severity-weighted NCRB district crime burden (35%) + temporal multiplier (35%) + spatial hotspot density (30%) + weekend adjustment (5%).,40.05842,-2.140118273925779
1016,Karol Bagh to Rajouri Garden,West,midpoint/locality administrative mapping,medium,28.6495,77.1558,7100,568,trunk,True,2543243,19715,6443,253.338,184.668,316.1554,230.4084,-7.5143,8.8522,81,58,2153,3407.2314,8432.4497,8432.4497,3273.358,3273.358,3223.0189,5736.9663,88.0,False,False,False,True,True,True,True,2,Late Night,1,1,0,1,0,2153.0,430.6,True,1,1.0,0.0834,53.3708,42.9183,2.9181,35.0,0.0002,5.0,Moderate,crime_grounded_district_temporal_spatial_index,True,Severity-weighted NCRB district crime burden (35%) + temporal multiplier (35%) + spatial hotspot density (30%) + weekend adjustment (5%).,40.05842,2.859881726074221
1017,Rajouri Garden to Janakpuri,West,midpoint/locality administrative mapping,high,28.6344,77.1044,4300,344,primary,True,2543243,19715,6443,253.338,184.668,316.1554,230.4084,-7.5143,8.8522,98,55,2866,1786.5628,12423.8882,12423.8882,8334.2366,8334.2366,8253.0368,8086.2856,85.0,False,False,False,True,True,True,True,8,Morning,0,0,0,0,1,2866.0,1862.9,True,0,0.5,0.0834,53.3708,13.4181,2.9181,10.5,0.0,0.0,Low,crime_grounded_district_temporal_spatial_index,True,Severity-weighted NCRB district crime burden (35%) + temporal multiplier (35%) + spatial hotspot density (30%) + weekend adjustment (5%).,15.233078,-1.8149780029296867
1017,Rajouri Garden to Janakpuri,West,midpoint/locality administrative mapping,high,28.6344,77.1044,4300,344,primary,True,2543243,19715,6443,253.338,184.668,316.1554,230.4084,-7.5143,8.8522,98,55,2866,1786.5628,12423.8882,12423.8882,8334.2366,8334.2366,8253.0368,8086.2856,85.0,False,False,False,True,True,True,True,8,Morning,0,0,0,1,1,2866.0,1862.9,True,0,0.5,0.0834,53.3708,18.4181,2.9181,10.5,0.0,5.0,Low,crime_grounded_district_temporal_spatial_index,True,Severity-weighted NCRB district crime burden (35%) + temporal multiplier (35%) + spatial hotspot density (30%) + weekend adjustment (5%).,15.233078,3.1850219970703115
1017,Rajouri Garden to Janakpuri,West,midpoint/locality administrative mapping,high,28.6344,77.1044,4300,344,primary,True,2543243,19715,6443,253.338,184.668,316.1554,230.4084,-7.5143,8.8522,98,55,2866,1786.5628,12423.8882,12423.8882,8334.2366,8334.2366,8253.0368,8086.2856,85.0,False,False,False,True,True,True,True,13,Day,0,0,0,0,0,2866.0,1576.3,True,0,0.5,0.0834,53.3708,9.9181,2.9181,7.0,0.0,0.0,Low,crime_grounded_district_temporal_spatial_index,True,Severity-weighted NCRB district crime burden (35%) + temporal multiplier (35%) + spatial hotspot density (30%) + weekend adjustment (5%).,13.385863,-3.467763304138183
1017,Rajouri Garden to Janakpuri,West,midpoint/locality administrative mapping,high,28.6344,77.1044,4300,344,primary,True,2543243,19715,6443,253.338,184.668,316.1554,230.4084,-7.5143,8.8522,98,55,2866,1786.5628,12423.8882,12423.8882,8334.2366,8334.2366,8253.0368,8086.2856,85.0,False,False,False,True,True,True,True,13,Day,0,0,0,1,0,2866.0,1576.3,True,0,0.5,0.0834,53.3708,14.9181,2.9181,7.0,0.0,5.0,Low,crime_grounded_district_temporal_spatial_index,True,Severity-weighted NCRB district crime burden (35%) + temporal multiplier (35%) + spatial hotspot density (30%) + weekend adjustment (5%).,13.385863,1.5322366958618172
1017,Rajouri Garden to Janakpuri,West,midpoint/locality administrative mapping,high,28.6344,77.1044,4300,344,primary,True,2543243,19715,6443,253.338,184.668,316.1554,230.4084,-7.5143,8.8522,98,55,2866,1786.5628,12423.8882,12423.8882,8334.2366,8334.2366,8253.0368,8086.2856,85.0,False,False,False,True,True,True,True,19,Evening,0,0,1,0,1,2866.0,2866.0,True,0,0.5,0.0834,53.3708,20.4181,2.9181,17.5,0.0,0.0,Low,crime_grounded_district_temporal_spatial_index,True,Severity-weighted NCRB district crime burden (35%) + temporal multiplier (35%) + spatial hotspot density (30%) + weekend adjustment (5%).,22.763546,-2.3454459899902353
1017,Rajouri Garden to Janakpuri,West,midpoint/locality administrative mapping,high,28.6344,77.1044,4300,344,primary,True,2543243,19715,6443,253.338,184.668,316.1554,230.4084,-7.5143,8.8522,98,55,2866,1786.5628,12423.8882,12423.8882,8334.2366,8334.2366,8253.0368,8086.2856,85.0,False,False,False,True,True,True,True,19,Evening,0,0,1,1,1,2866.0,2866.0,True,0,0.5,0.0834,53.3708,25.4181,2.9181,17.5,0.0,5.0,Low,crime_grounded_district_temporal_spatial_index,True,Severity-weighted NCRB district crime burden (35%) + temporal multiplier (35%) + spatial hotspot density (30%) + weekend adjustment (5%).,22.763546,2.6545540100097647
1017,Rajouri Garden to Janakpuri,West,midpoint/locality administrative mapping,high,28.6344,77.1044,4300,344,primary,True,2543243,19715,6443,253.338,184.668,316.1554,230.4084,-7.5143,8.8522,98,55,2866,1786.5628,12423.8882,12423.8882,8334.2366,8334.2366,8253.0368,8086.2856,85.0,False,False,False,True,True,True,True,23,Night,1,0,0,0,0,2866.0,1003.1,True,1,1.0,0.0834,53.3708,30.9181,2.9181,28.0,0.0,0.0,Low,crime_grounded_district_temporal_spatial_index,True,Severity-weighted NCRB district crime burden (35%) + temporal multiplier (35%) + spatial hotspot density (30%) + weekend adjustment (5%).,33.958492,-3.0403922790527353
1017,Rajouri Garden to Janakpuri,West,midpoint/locality administrative mapping,high,28.6344,77.1044,4300,344,primary,True,2543243,19715,6443,253.338,184.668,316.1554,230.4084,-7.5143,8.8522,98,55,2866,1786.5628,12423.8882,12423.8882,8334.2366,8334.2366,8253.0368,8086.2856,85.0,False,False,False,True,True,True,True,23,Night,1,0,0,1,0,2866.0,1003.1,True,1,1.0,0.0834,53.3708,35.9181,2.9181,28.0,0.0,5.0,Moderate,crime_grounded_district_temporal_spatial_index,True,Severity-weighted NCRB district crime burden (35%) + temporal multiplier (35%) + spatial hotspot density (30%) + weekend adjustment (5%).,33.958492,1.9596077209472682
1017,Rajouri Garden to Janakpuri,West,midpoint/locality administrative mapping,high,28.6344,77.1044,4300,344,primary,True,2543243,19715,6443,253.338,184.668,316.1554,230.4084,-7.5143,8.8522,98,55,2866,1786.5628,12423.8882,12423.8882,8334.2366,8334.2366,8253.0368,8086.2856,85.0,False,False,False,True,True,True,True,2,Late Night,1,1,0,0,0,2866.0,573.2,True,1,1.0,0.0834,53.3708,37.9181,2.9181,35.0,0.0,0.0,Moderate,crime_grounded_district_temporal_spatial_index,True,Severity-weighted NCRB district crime burden (35%) + temporal multiplier (35%) + spatial hotspot density (30%) + weekend adjustment (5%).,39.742172,-1.824072241210935
1017,Rajouri Garden to Janakpuri,West,midpoint/locality administrative mapping,high,28.6344,77.1044,4300,344,primary,True,2543243,19715,6443,253.338,184.668,316.1554,230.4084,-7.5143,8.8522,98,55,2866,1786.5628,12423.8882,12423.8882,8334.2366,8334.2366,8253.0368,8086.2856,85.0,False,False,False,True,True,True,True,2,Late Night,1,1,0,1,0,2866.0,573.2,True,1,1.0,0.0834,53.3708,42.9181,2.9181,35.0,0.0,5.0,Moderate,crime_grounded_district_temporal_spatial_index,True,Severity-weighted NCRB district crime burden (35%) + temporal multiplier (35%) + spatial hotspot density (30%) + weekend adjustment (5%).,39.742172,3.175927758789065
1018,Janakpuri to Dwarka Sec 23,South West,midpoint/locality administrative mapping,high,28.5888,77.0709,8100,648,primary,True,2292958,5459,4743,206.8507,150.8483,258.4696,188.4349,-1.2286,8.9431,97,65,4139,4023.4841,13563.0924,13563.0924,4145.5658,4145.5658,4250.2646,12210.5382,85.0,False,False,False,True,True,True,True,8,Morning,0,0,0,0,1,4139.0,2690.35,True,0,0.5,0.0,44.1242,10.5,0.0,10.5,0.0,0.0,Low,crime_grounded_district_temporal_spatial_index,True,Severity-weighted NCRB district crime burden (35%) + temporal multiplier (35%) + spatial hotspot density (30%) + weekend adjustment (5%).,13.072511,-2.5725107192993164
1018,Janakpuri to Dwarka Sec 23,South West,midpoint/locality administrative mapping,high,28.5888,77.0709,8100,648,primary,True,2292958,5459,4743,206.8507,150.8483,258.4696,188.4349,-1.2286,8.9431,97,65,4139,4023.4841,13563.0924,13563.0924,4145.5658,4145.5658,4250.2646,12210.5382,85.0,False,False,False,True,True,True,True,8,Morning,0,0,0,1,1,4139.0,2690.35,True,0,0.5,0.0,44.1242,15.5,0.0,10.5,0.0,5.0,Low,crime_grounded_district_temporal_spatial_index,True,Severity-weighted NCRB district crime burden (35%) + temporal multiplier (35%) + spatial hotspot density (30%) + weekend adjustment (5%).,13.072511,2.4274892807006836
1018,Janakpuri to Dwarka Sec 23,South West,midpoint/locality administrative mapping,high,28.5888,77.0709,8100,648,primary,True,2292958,5459,4743,206.8507,150.8483,258.4696,188.4349,-1.2286,8.9431,97,65,4139,4023.4841,13563.0924,13563.0924,4145.5658,4145.5658,4250.2646,12210.5382,85.0,False,False,False,True,True,True,True,13,Day,0,0,0,0,0,4139.0,2276.45,True,0,0.5,0.0,44.1242,7.0,0.0,7.0,0.0,0.0,Low,crime_grounded_district_temporal_spatial_index,True,Severity-weighted NCRB district crime burden (35%) + temporal multiplier (35%) + spatial hotspot density (30%) + weekend adjustment (5%).,10.727727,-3.727726936340332
1018,Janakpuri to Dwarka Sec 23,South West,midpoint/locality administrative mapping,high,28.5888,77.0709,8100,648,primary,True,2292958,5459,4743,206.8507,150.8483,258.4696,188.4349,-1.2286,8.9431,97,65,4139,4023.4841,13563.0924,13563.0924,4145.5658,4145.5658,4250.2646,12210.5382,85.0,False,False,False,True,True,True,True,13,Day,0,0,0,1,0,4139.0,2276.45,True,0,0.5,0.0,44.1242,12.0,0.0,7.0,0.0,5.0,Low,crime_grounded_district_temporal_spatial_index,True,Severity-weighted NCRB district crime burden (35%) + temporal multiplier (35%) + spatial hotspot density (30%) + weekend adjustment (5%).,10.727727,1.272273063659668
1018,Janakpuri to Dwarka Sec 23,South West,midpoint/locality administrative mapping,high,28.5888,77.0709,8100,648,primary,True,2292958,5459,4743,206.8507,150.8483,258.4696,188.4349,-1.2286,8.9431,97,65,4139,4023.4841,13563.0924,13563.0924,4145.5658,4145.5658,4250.2646,12210.5382,85.0,False,False,False,True,True,True,True,19,Evening,0,0,1,0,1,4139.0,4139.0,True,0,0.5,0.0,44.1242,17.5,0.0,17.5,0.0,0.0,Low,crime_grounded_district_temporal_spatial_index,True,Severity-weighted NCRB district crime burden (35%) + temporal multiplier (35%) + spatial hotspot density (30%) + weekend adjustment (5%).,19.694284,-2.194284439086914
1018,Janakpuri to Dwarka Sec 23,South West,midpoint/locality administrative mapping,high,28.5888,77.0709,8100,648,primary,True,2292958,5459,4743,206.8507,150.8483,258.4696,188.4349,-1.2286,8.9431,97,65,4139,4023.4841,13563.0924,13563.0924,4145.5658,4145.5658,4250.2646,12210.5382,85.0,False,False,False,True,True,True,True,19,Evening,0,0,1,1,1,4139.0,4139.0,True,0,0.5,0.0,44.1242,22.5,0.0,17.5,0.0,5.0,Low,crime_grounded_district_temporal_spatial_index,True,Severity-weighted NCRB district crime burden (35%) + temporal multiplier (35%) + spatial hotspot density (30%) + weekend adjustment (5%).,19.694284,2.805715560913086
1018,Janakpuri to Dwarka Sec 23,South West,midpoint/locality administrative mapping,high,28.5888,77.0709,8100,648,primary,True,2292958,5459,4743,206.8507,150.8483,258.4696,188.4349,-1.2286,8.9431,97,65,4139,4023.4841,13563.0924,13563.0924,4145.5658,4145.5658,4250.2646,12210.5382,85.0,False,False,False,True,True,True,True,23,Night,1,0,0,0,0,4139.0,1448.65,True,1,1.0,0.0,44.1242,28.0,0.0,28.0,0.0,0.0,Low,crime_grounded_district_temporal_spatial_index,True,Severity-weighted NCRB district crime burden (35%) + temporal multiplier (35%) + spatial hotspot density (30%) + weekend adjustment (5%).,30.84592,-2.8459205627441406
1018,Janakpuri to Dwarka Sec 23,South West,midpoint/locality administrative mapping,high,28.5888,77.0709,8100,648,primary,True,2292958,5459,4743,206.8507,150.8483,258.4696,188.4349,-1.2286,8.9431,97,65,4139,4023.4841,13563.0924,13563.0924,4145.5658,4145.5658,4250.2646,12210.5382,85.0,False,False,False,True,True,True,True,23,Night,1,0,0,1,0,4139.0,1448.65,True,1,1.0,0.0,44.1242,33.0,0.0,28.0,0.0,5.0,Moderate,crime_grounded_district_temporal_spatial_index,True,Severity-weighted NCRB district crime burden (35%) + temporal multiplier (35%) + spatial hotspot density (30%) + weekend adjustment (5%).,30.84592,2.1540794372558594
1018,Janakpuri to Dwarka Sec 23,South West,midpoint/locality administrative mapping,high,28.5888,77.0709,8100,648,primary,True,2292958,5459,4743,206.8507,150.8483,258.4696,188.4349,-1.2286,8.9431,97,65,4139,4023.4841,13563.0924,13563.0924,4145.5658,4145.5658,4250.2646,12210.5382,85.0,False,False,False,True,True,True,True,2,Late Night,1,1,0,0,0,4139.0,827.8,True,1,1.0,0.0,44.1242,35.0,0.0,35.0,0.0,0.0,Moderate,crime_grounded_district_temporal_spatial_index,True,Severity-weighted NCRB district crime burden (35%) + temporal multiplier (35%) + spatial hotspot density (30%) + weekend adjustment (5%).,36.36536,-1.3653602600097656
1018,Janakpuri to Dwarka Sec 23,South West,midpoint/locality administrative mapping,high,28.5888,77.0709,8100,648,primary,True,2292958,5459,4743,206.8507,150.8483,258.4696,188.4349,-1.2286,8.9431,97,65,4139,4023.4841,13563.0924,13563.0924,4145.5658,4145.5658,4250.2646,12210.5382,85.0,False,False,False,True,True,True,True,2,Late Night,1,1,0,1,0,4139.0,827.8,True,1,1.0,0.0,44.1242,40.0,0.0,35.0,0.0,5.0,Moderate,crime_grounded_district_temporal_spatial_index,True,Severity-weighted NCRB district crime burden (35%) + temporal multiplier (35%) + spatial hotspot density (30%) + weekend adjustment (5%).,36.36536,3.6346397399902344
1019,CP to Daryaganj,Central,midpoint/locality administrative mapping,high,28.6404,77.23,2800,224,primary,True,582320,23293,2052,352.3836,259.0023,439.8612,323.3808,-2.0571,35.8356,100,62,2127,1635.607,1155.7183,1155.7183,1501.4565,1155.7183,1129.0081,1571.9253,88.0,False,True,False,True,True,True,True,8,Morning,0,0,0,0,1,2127.0,1382.55,True,0,0.5,0.3056,78.0198,22.0923,10.6968,10.5,0.8955,0.0,Low,crime_grounded_district_temporal_spatial_index,True,Severity-weighted NCRB district crime burden (35%) + temporal multiplier (35%) + spatial hotspot density (30%) + weekend adjustment (5%).,30.703535,-8.611235079956053
1019,CP to Daryaganj,Central,midpoint/locality administrative mapping,high,28.6404,77.23,2800,224,primary,True,582320,23293,2052,352.3836,259.0023,439.8612,323.3808,-2.0571,35.8356,100,62,2127,1635.607,1155.7183,1155.7183,1501.4565,1155.7183,1129.0081,1571.9253,88.0,False,True,False,True,True,True,True,8,Morning,0,0,0,1,1,2127.0,1382.55,True,0,0.5,0.3056,78.0198,27.0923,10.6968,10.5,0.8955,5.0,Low,crime_grounded_district_temporal_spatial_index,True,Severity-weighted NCRB district crime burden (35%) + temporal multiplier (35%) + spatial hotspot density (30%) + weekend adjustment (5%).,30.703535,-3.611235079956053
1019,CP to Daryaganj,Central,midpoint/locality administrative mapping,high,28.6404,77.23,2800,224,primary,True,582320,23293,2052,352.3836,259.0023,439.8612,323.3808,-2.0571,35.8356,100,62,2127,1635.607,1155.7183,1155.7183,1501.4565,1155.7183,1129.0081,1571.9253,88.0,False,True,False,True,True,True,True,13,Day,0,0,0,0,0,2127.0,1169.85,True,0,0.5,0.3056,78.0198,18.5923,10.6968,7.0,0.8955,0.0,Low,crime_grounded_district_temporal_spatial_index,True,Severity-weighted NCRB district crime burden (35%) + temporal multiplier (35%) + spatial hotspot density (30%) + weekend adjustment (5%).,30.733227,-12.140926776123045
1019,CP to Daryaganj,Central,midpoint/locality administrative mapping,high,28.6404,77.23,2800,224,primary,True,582320,23293,2052,352.3836,259.0023,439.8612,323.3808,-2.0571,35.8356,100,62,2127,1635.607,1155.7183,1155.7183,1501.4565,1155.7183,1129.0081,1571.9253,88.0,False,True,False,True,True,True,True,13,Day,0,0,0,1,0,2127.0,1169.85,True,0,0.5,0.3056,78.0198,23.5923,10.6968,7.0,0.8955,5.0,Low,crime_grounded_district_temporal_spatial_index,True,Severity-weighted NCRB district crime burden (35%) + temporal multiplier (35%) + spatial hotspot density (30%) + weekend adjustment (5%).,30.733227,-7.140926776123045
1019,CP to Daryaganj,Central,midpoint/locality administrative mapping,high,28.6404,77.23,2800,224,primary,True,582320,23293,2052,352.3836,259.0023,439.8612,323.3808,-2.0571,35.8356,100,62,2127,1635.607,1155.7183,1155.7183,1501.4565,1155.7183,1129.0081,1571.9253,88.0,False,True,False,True,True,True,True,19,Evening,0,0,1,0,1,2127.0,2127.0,True,0,0.5,0.3056,78.0198,29.0923,10.6968,17.5,0.8955,0.0,Low,crime_grounded_district_temporal_spatial_index,True,Severity-weighted NCRB district crime burden (35%) + temporal multiplier (35%) + spatial hotspot density (30%) + weekend adjustment (5%).,30.087381,-0.9950813629150375
1019,CP to Daryaganj,Central,midpoint/locality administrative mapping,high,28.6404,77.23,2800,224,primary,True,582320,23293,2052,352.3836,259.0023,439.8612,323.3808,-2.0571,35.8356,100,62,2127,1635.607,1155.7183,1155.7183,1501.4565,1155.7183,1129.0081,1571.9253,88.0,False,True,False,True,True,True,True,19,Evening,0,0,1,1,1,2127.0,2127.0,True,0,0.5,0.3056,78.0198,34.0923,10.6968,17.5,0.8955,5.0,Moderate,crime_grounded_district_temporal_spatial_index,True,Severity-weighted NCRB district crime burden (35%) + temporal multiplier (35%) + spatial hotspot density (30%) + weekend adjustment (5%).,30.087381,4.0049186370849625
1019,CP to Daryaganj,Central,midpoint/locality administrative mapping,high,28.6404,77.23,2800,224,primary,True,582320,23293,2052,352.3836,259.0023,439.8612,323.3808,-2.0571,35.8356,100,62,2127,1635.607,1155.7183,1155.7183,1501.4565,1155.7183,1129.0081,1571.9253,88.0,False,True,False,True,True,True,True,23,Night,1,0,0,0,0,2127.0,744.45,True,1,1.0,0.3056,78.0198,39.5923,10.6968,28.0,0.8955,0.0,Moderate,crime_grounded_district_temporal_spatial_index,True,Severity-weighted NCRB district crime burden (35%) + temporal multiplier (35%) + spatial hotspot density (30%) + weekend adjustment (5%).,48.45847,-8.866169390869139
1019,CP to Daryaganj,Central,midpoint/locality administrative mapping,high,28.6404,77.23,2800,224,primary,True,582320,23293,2052,352.3836,259.0023,439.8612,323.3808,-2.0571,35.8356,100,62,2127,1635.607,1155.7183,1155.7183,1501.4565,1155.7183,1129.0081,1571.9253,88.0,False,True,False,True,True,True,True,23,Night,1,0,0,1,0,2127.0,744.45,True,1,1.0,0.3056,78.0198,44.5923,10.6968,28.0,0.8955,5.0,Moderate,crime_grounded_district_temporal_spatial_index,True,Severity-weighted NCRB district crime burden (35%) + temporal multiplier (35%) + spatial hotspot density (30%) + weekend adjustment (5%).,48.45847,-3.866169390869139
1019,CP to Daryaganj,Central,midpoint/locality administrative mapping,high,28.6404,77.23,2800,224,primary,True,582320,23293,2052,352.3836,259.0023,439.8612,323.3808,-2.0571,35.8356,100,62,2127,1635.607,1155.7183,1155.7183,1501.4565,1155.7183,1129.0081,1571.9253,88.0,False,True,False,True,True,True,True,2,Late Night,1,1,0,0,0,2127.0,425.4,True,1,1.0,0.3056,78.0198,46.5923,10.6968,35.0,0.8955,0.0,Moderate,crime_grounded_district_temporal_spatial_index,True,Severity-weighted NCRB district crime burden (35%) + temporal multiplier (35%) + spatial hotspot density (30%) + weekend adjustment (5%).,50.552525,-3.960224566650389
1019,CP to Daryaganj,Central,midpoint/locality administrative mapping,high,28.6404,77.23,2800,224,primary,True,582320,23293,2052,352.3836,259.0023,439.8612,323.3808,-2.0571,35.8356,100,62,2127,1635.607,1155.7183,1155.7183,1501.4565,1155.7183,1129.0081,1571.9253,88.0,False,True,False,True,True,True,True,2,Late Night,1,1,0,1,0,2127.0,425.4,True,1,1.0,0.3056,78.0198,51.5923,10.6968,35.0,0.8955,5.0,Moderate,crime_grounded_district_temporal_spatial_index,True,Severity-weighted NCRB district crime burden (35%) + temporal multiplier (35%) + spatial hotspot density (30%) + weekend adjustment (5%).,50.552525,1.039775433349611
1020,Daryaganj to Kashmere Gate,North,midpoint/locality administrative mapping,medium,28.6574,77.2353,2300,184,primary,True,887978,14799,2583,290.8856,212.5678,363.3649,265.5221,-1.2286,25.0511,88,75,2859,523.2529,2373.3935,2373.3935,1287.9074,1287.9074,895.1989,2591.3092,88.0,True,False,False,True,True,True,True,8,Morning,0,0,0,0,1,2859.0,1858.35,True,0,0.5,0.1657,62.4959,16.4143,5.7978,10.5,0.1166,0.0,Low,crime_grounded_district_temporal_spatial_index,True,Severity-weighted NCRB district crime burden (35%) + temporal multiplier (35%) + spatial hotspot density (30%) + weekend adjustment (5%).,46.340057,-29.925757373046874
1020,Daryaganj to Kashmere Gate,North,midpoint/locality administrative mapping,medium,28.6574,77.2353,2300,184,primary,True,887978,14799,2583,290.8856,212.5678,363.3649,265.5221,-1.2286,25.0511,88,75,2859,523.2529,2373.3935,2373.3935,1287.9074,1287.9074,895.1989,2591.3092,88.0,True,False,False,True,True,True,True,8,Morning,0,0,0,1,1,2859.0,1858.35,True,0,0.5,0.1657,62.4959,21.4143,5.7978,10.5,0.1166,5.0,Low,crime_grounded_district_temporal_spatial_index,True,Severity-weighted NCRB district crime burden (35%) + temporal multiplier (35%) + spatial hotspot density (30%) + weekend adjustment (5%).,46.340057,-24.925757373046874
1020,Daryaganj to Kashmere Gate,North,midpoint/locality administrative mapping,medium,28.6574,77.2353,2300,184,primary,True,887978,14799,2583,290.8856,212.5678,363.3649,265.5221,-1.2286,25.0511,88,75,2859,523.2529,2373.3935,2373.3935,1287.9074,1287.9074,895.1989,2591.3092,88.0,True,False,False,True,True,True,True,13,Day,0,0,0,0,0,2859.0,1572.45,True,0,0.5,0.1657,62.4959,12.9143,5.7978,7.0,0.1166,0.0,Low,crime_grounded_district_temporal_spatial_index,True,Severity-weighted NCRB district crime burden (35%) + temporal multiplier (35%) + spatial hotspot density (30%) + weekend adjustment (5%).,43.853283,-30.938982928466796
1020,Daryaganj to Kashmere Gate,North,midpoint/locality administrative mapping,medium,28.6574,77.2353,2300,184,primary,True,887978,14799,2583,290.8856,212.5678,363.3649,265.5221,-1.2286,25.0511,88,75,2859,523.2529,2373.3935,2373.3935,1287.9074,1287.9074,895.1989,2591.3092,88.0,True,False,False,True,True,True,True,13,Day,0,0,0,1,0,2859.0,1572.45,True,0,0.5,0.1657,62.4959,17.9143,5.7978,7.0,0.1166,5.0,Low,crime_grounded_district_temporal_spatial_index,True,Severity-weighted NCRB district crime burden (35%) + temporal multiplier (35%) + spatial hotspot density (30%) + weekend adjustment (5%).,43.853283,-25.938982928466796
1020,Daryaganj to Kashmere Gate,North,midpoint/locality administrative mapping,medium,28.6574,77.2353,2300,184,primary,True,887978,14799,2583,290.8856,212.5678,363.3649,265.5221,-1.2286,25.0511,88,75,2859,523.2529,2373.3935,2373.3935,1287.9074,1287.9074,895.1989,2591.3092,88.0,True,False,False,True,True,True,True,19,Evening,0,0,1,0,1,2859.0,2859.0,True,0,0.5,0.1657,62.4959,23.4143,5.7978,17.5,0.1166,0.0,Low,crime_grounded_district_temporal_spatial_index,True,Severity-weighted NCRB district crime burden (35%) + temporal multiplier (35%) + spatial hotspot density (30%) + weekend adjustment (5%).,48.054493,-24.640192950439452
1020,Daryaganj to Kashmere Gate,North,midpoint/locality administrative mapping,medium,28.6574,77.2353,2300,184,primary,True,887978,14799,2583,290.8856,212.5678,363.3649,265.5221,-1.2286,25.0511,88,75,2859,523.2529,2373.3935,2373.3935,1287.9074,1287.9074,895.1989,2591.3092,88.0,True,False,False,True,True,True,True,19,Evening,0,0,1,1,1,2859.0,2859.0,True,0,0.5,0.1657,62.4959,28.4143,5.7978,17.5,0.1166,5.0,Low,crime_grounded_district_temporal_spatial_index,True,Severity-weighted NCRB district crime burden (35%) + temporal multiplier (35%) + spatial hotspot density (30%) + weekend adjustment (5%).,48.054493,-19.640192950439452
1020,Daryaganj to Kashmere Gate,North,midpoint/locality administrative mapping,medium,28.6574,77.2353,2300,184,primary,True,887978,14799,2583,290.8856,212.5678,363.3649,265.5221,-1.2286,25.0511,88,75,2859,523.2529,2373.3935,2373.3935,1287.9074,1287.9074,895.1989,2591.3092,88.0,True,False,False,True,True,True,True,23,Night,1,0,0,0,0,2859.0,1000.65,True,1,1.0,0.1657,62.4959,33.9143,5.7978,28.0,0.1166,0.0,Moderate,crime_grounded_district_temporal_spatial_index,True,Severity-weighted NCRB district crime burden (35%) + temporal multiplier (35%) + spatial hotspot density (30%) + weekend adjustment (5%).,63.249043,-29.33474251098633
1020,Daryaganj to Kashmere Gate,North,midpoint/locality administrative mapping,medium,28.6574,77.2353,2300,184,primary,True,887978,14799,2583,290.8856,212.5678,363.3649,265.5221,-1.2286,25.0511,88,75,2859,523.2529,2373.3935,2373.3935,1287.9074,1287.9074,895.1989,2591.3092,88.0,True,False,False,True,True,True,True,23,Night,1,0,0,1,0,2859.0,1000.65,True,1,1.0,0.1657,62.4959,38.9143,5.7978,28.0,0.1166,5.0,Moderate,crime_grounded_district_temporal_spatial_index,True,Severity-weighted NCRB district crime burden (35%) + temporal multiplier (35%) + spatial hotspot density (30%) + weekend adjustment (5%).,63.249043,-24.33474251098633
1020,Daryaganj to Kashmere Gate,North,midpoint/locality administrative mapping,medium,28.6574,77.2353,2300,184,primary,True,887978,14799,2583,290.8856,212.5678,363.3649,265.5221,-1.2286,25.0511,88,75,2859,523.2529,2373.3935,2373.3935,1287.9074,1287.9074,895.1989,2591.3092,88.0,True,False,False,True,True,True,True,2,Late Night,1,1,0,0,0,2859.0,571.8,True,1,1.0,0.1657,62.4959,40.9143,5.7978,35.0,0.1166,0.0,Moderate,crime_grounded_district_temporal_spatial_index,True,Severity-weighted NCRB district crime burden (35%) + temporal multiplier (35%) + spatial hotspot density (30%) + weekend adjustment (5%).,64.56818,-23.653876269531253
1020,Daryaganj to Kashmere Gate,North,midpoint/locality administrative mapping,medium,28.6574,77.2353,2300,184,primary,True,887978,14799,2583,290.8856,212.5678,363.3649,265.5221,-1.2286,25.0511,88,75,2859,523.2529,2373.3935,2373.3935,1287.9074,1287.9074,895.1989,2591.3092,88.0,True,False,False,True,True,True,True,2,Late Night,1,1,0,1,0,2859.0,571.8,True,1,1.0,0.1657,62.4959,45.9143,5.7978,35.0,0.1166,5.0,Moderate,crime_grounded_district_temporal_spatial_index,True,Severity-weighted NCRB district crime burden (35%) + temporal multiplier (35%) + spatial hotspot density (30%) + weekend adjustment (5%).,64.56818,-18.653876269531253
1021,Kashmere Gate to Civil Lines,North,midpoint/locality administrative mapping,high,28.6738,77.2262,1800,144,primary,True,887978,14799,2583,290.8856,212.5678,363.3649,265.5221,-1.2286,25.0511,90,69,3518,824.9479,4384.9379,4384.9379,780.5858,780.5858,731.2681,3605.2332,88.0,True,False,True,True,True,True,True,8,Morning,0,0,0,0,1,3518.0,2286.7,True,0,0.5,0.1657,62.4959,16.3131,5.7978,10.5,0.0153,0.0,Low,crime_grounded_district_temporal_spatial_index,True,Severity-weighted NCRB district crime burden (35%) + temporal multiplier (35%) + spatial hotspot density (30%) + weekend adjustment (5%).,39.496002,-23.182902197265626
1021,Kashmere Gate to Civil Lines,North,midpoint/locality administrative mapping,high,28.6738,77.2262,1800,144,primary,True,887978,14799,2583,290.8856,212.5678,363.3649,265.5221,-1.2286,25.0511,90,69,3518,824.9479,4384.9379,4384.9379,780.5858,780.5858,731.2681,3605.2332,88.0,True,False,True,True,True,True,True,8,Morning,0,0,0,1,1,3518.0,2286.7,True,0,0.5,0.1657,62.4959,21.3131,5.7978,10.5,0.0153,5.0,Low,crime_grounded_district_temporal_spatial_index,True,Severity-weighted NCRB district crime burden (35%) + temporal multiplier (35%) + spatial hotspot density (30%) + weekend adjustment (5%).,39.496002,-18.182902197265626
1021,Kashmere Gate to Civil Lines,North,midpoint/locality administrative mapping,high,28.6738,77.2262,1800,144,primary,True,887978,14799,2583,290.8856,212.5678,363.3649,265.5221,-1.2286,25.0511,90,69,3518,824.9479,4384.9379,4384.9379,780.5858,780.5858,731.2681,3605.2332,88.0,True,False,True,True,True,True,True,13,Day,0,0,0,0,0,3518.0,1934.9,True,0,0.5,0.1657,62.4959,12.8131,5.7978,7.0,0.0153,0.0,Low,crime_grounded_district_temporal_spatial_index,True,Severity-weighted NCRB district crime burden (35%) + temporal multiplier (35%) + spatial hotspot density (30%) + weekend adjustment (5%).,39.00272,-26.189619879150392
1021,Kashmere Gate to Civil Lines,North,midpoint/locality administrative mapping,high,28.6738,77.2262,1800,144,primary,True,887978,14799,2583,290.8856,212.5678,363.3649,265.5221,-1.2286,25.0511,90,69,3518,824.9479,4384.9379,4384.9379,780.5858,780.5858,731.2681,3605.2332,88.0,True,False,True,True,True,True,True,13,Day,0,0,0,1,0,3518.0,1934.9,True,0,0.5,0.1657,62.4959,17.8131,5.7978,7.0,0.0153,5.0,Low,crime_grounded_district_temporal_spatial_index,True,Severity-weighted NCRB district crime burden (35%) + temporal multiplier (35%) + spatial hotspot density (30%) + weekend adjustment (5%).,39.00272,-21.189619879150392
1021,Kashmere Gate to Civil Lines,North,midpoint/locality administrative mapping,high,28.6738,77.2262,1800,144,primary,True,887978,14799,2583,290.8856,212.5678,363.3649,265.5221,-1.2286,25.0511,90,69,3518,824.9479,4384.9379,4384.9379,780.5858,780.5858,731.2681,3605.2332,88.0,True,False,True,True,True,True,True,19,Evening,0,0,1,0,1,3518.0,3518.0,True,0,0.5,0.1657,62.4959,23.3131,5.7978,17.5,0.0153,0.0,Low,crime_grounded_district_temporal_spatial_index,True,Severity-weighted NCRB district crime burden (35%) + temporal multiplier (35%) + spatial hotspot density (30%) + weekend adjustment (5%).,42.36039,-19.047289709472658
1021,Kashmere Gate to Civil Lines,North,midpoint/locality administrative mapping,high,28.6738,77.2262,1800,144,primary,True,887978,14799,2583,290.8856,212.5678,363.3649,265.5221,-1.2286,25.0511,90,69,3518,824.9479,4384.9379,4384.9379,780.5858,780.5858,731.2681,3605.2332,88.0,True,False,True,True,True,True,True,19,Evening,0,0,1,1,1,3518.0,3518.0,True,0,0.5,0.1657,62.4959,28.3131,5.7978,17.5,0.0153,5.0,Low,crime_grounded_district_temporal_spatial_index,True,Severity-weighted NCRB district crime burden (35%) + temporal multiplier (35%) + spatial hotspot density (30%) + weekend adjustment (5%).,42.36039,-14.047289709472658
1021,Kashmere Gate to Civil Lines,North,midpoint/locality administrative mapping,high,28.6738,77.2262,1800,144,primary,True,887978,14799,2583,290.8856,212.5678,363.3649,265.5221,-1.2286,25.0511,90,69,3518,824.9479,4384.9379,4384.9379,780.5858,780.5858,731.2681,3605.2332,88.0,True,False,True,True,True,True,True,23,Night,1,0,0,0,0,3518.0,1231.3,True,1,1.0,0.1657,62.4959,33.8131,5.7978,28.0,0.0153,0.0,Moderate,crime_grounded_district_temporal_spatial_index,True,Severity-weighted NCRB district crime burden (35%) + temporal multiplier (35%) + spatial hotspot density (30%) + weekend adjustment (5%).,54.535812,-20.72271237792969
1021,Kashmere Gate to Civil Lines,North,midpoint/locality administrative mapping,high,28.6738,77.2262,1800,144,primary,True,887978,14799,2583,290.8856,212.5678,363.3649,265.5221,-1.2286,25.0511,90,69,3518,824.9479,4384.9379,4384.9379,780.5858,780.5858,731.2681,3605.2332,88.0,True,False,True,True,True,True,True,23,Night,1,0,0,1,0,3518.0,1231.3,True,1,1.0,0.1657,62.4959,38.8131,5.7978,28.0,0.0153,5.0,Moderate,crime_grounded_district_temporal_spatial_index,True,Severity-weighted NCRB district crime burden (35%) + temporal multiplier (35%) + spatial hotspot density (30%) + weekend adjustment (5%).,54.535812,-15.722712377929689
1021,Kashmere Gate to Civil Lines,North,midpoint/locality administrative mapping,high,28.6738,77.2262,1800,144,primary,True,887978,14799,2583,290.8856,212.5678,363.3649,265.5221,-1.2286,25.0511,90,69,3518,824.9479,4384.9379,4384.9379,780.5858,780.5858,731.2681,3605.2332,88.0,True,False,True,True,True,True,True,2,Late Night,1,1,0,0,0,3518.0,703.6,True,1,1.0,0.1657,62.4959,40.8131,5.7978,35.0,0.0153,0.0,Moderate,crime_grounded_district_temporal_spatial_index,True,Severity-weighted NCRB district crime burden (35%) + temporal multiplier (35%) + spatial hotspot density (30%) + weekend adjustment (5%).,60.108814,-19.295714239501955
1021,Kashmere Gate to Civil Lines,North,midpoint/locality administrative mapping,high,28.6738,77.2262,1800,144,primary,True,887978,14799,2583,290.8856,212.5678,363.3649,265.5221,-1.2286,25.0511,90,69,3518,824.9479,4384.9379,4384.9379,780.5858,780.5858,731.2681,3605.2332,88.0,True,False,True,True,True,True,True,2,Late Night,1,1,0,1,0,3518.0,703.6,True,1,1.0,0.1657,62.4959,45.8131,5.7978,35.0,0.0153,5.0,Moderate,crime_grounded_district_temporal_spatial_index,True,Severity-weighted NCRB district crime burden (35%) + temporal multiplier (35%) + spatial hotspot density (30%) + weekend adjustment (5%).,60.108814,-14.295714239501955
1022,Civil Lines to Model Town,North,midpoint/locality administrative mapping,medium,28.6918,77.2078,3600,288,secondary,True,887978,14799,2583,290.8856,212.5678,363.3649,265.5221,-1.2286,25.0511,74,46,359,3406.1008,6945.1797,6945.1797,3393.8796,3393.8796,3360.2847,5445.5507,88.0,False,False,False,True,True,True,True,8,Morning,0,0,0,0,1,359.0,233.35,True,0,0.5,0.1657,62.4959,16.2981,5.7978,10.5,0.0004,0.0,Low,crime_grounded_district_temporal_spatial_index,True,Severity-weighted NCRB district crime burden (35%) + temporal multiplier (35%) + spatial hotspot density (30%) + weekend adjustment (5%).,17.018967,-0.7208666748046859
1022,Civil Lines to Model Town,North,midpoint/locality administrative mapping,medium,28.6918,77.2078,3600,288,secondary,True,887978,14799,2583,290.8856,212.5678,363.3649,265.5221,-1.2286,25.0511,74,46,359,3406.1008,6945.1797,6945.1797,3393.8796,3393.8796,3360.2847,5445.5507,88.0,False,False,False,True,True,True,True,8,Morning,0,0,0,1,1,359.0,233.35,True,0,0.5,0.1657,62.4959,21.2981,5.7978,10.5,0.0004,5.0,Low,crime_grounded_district_temporal_spatial_index,True,Severity-weighted NCRB district crime burden (35%) + temporal multiplier (35%) + spatial hotspot density (30%) + weekend adjustment (5%).,17.018967,4.279133325195314
1022,Civil Lines to Model Town,North,midpoint/locality administrative mapping,medium,28.6918,77.2078,3600,288,secondary,True,887978,14799,2583,290.8856,212.5678,363.3649,265.5221,-1.2286,25.0511,74,46,359,3406.1008,6945.1797,6945.1797,3393.8796,3393.8796,3360.2847,5445.5507,88.0,False,False,False,True,True,True,True,13,Day,0,0,0,0,0,359.0,197.45,True,0,0.5,0.1657,62.4959,12.7981,5.7978,7.0,0.0004,0.0,Low,crime_grounded_district_temporal_spatial_index,True,Severity-weighted NCRB district crime burden (35%) + temporal multiplier (35%) + spatial hotspot density (30%) + weekend adjustment (5%).,16.967905,-4.169805044555664
1022,Civil Lines to Model Town,North,midpoint/locality administrative mapping,medium,28.6918,77.2078,3600,288,secondary,True,887978,14799,2583,290.8856,212.5678,363.3649,265.5221,-1.2286,25.0511,74,46,359,3406.1008,6945.1797,6945.1797,3393.8796,3393.8796,3360.2847,5445.5507,88.0,False,False,False,True,True,True,True,13,Day,0,0,0,1,0,359.0,197.45,True,0,0.5,0.1657,62.4959,17.7981,5.7978,7.0,0.0004,5.0,Low,crime_grounded_district_temporal_spatial_index,True,Severity-weighted NCRB district crime burden (35%) + temporal multiplier (35%) + spatial hotspot density (30%) + weekend adjustment (5%).,16.967905,0.8301949554443375
1022,Civil Lines to Model Town,North,midpoint/locality administrative mapping,medium,28.6918,77.2078,3600,288,secondary,True,887978,14799,2583,290.8856,212.5678,363.3649,265.5221,-1.2286,25.0511,74,46,359,3406.1008,6945.1797,6945.1797,3393.8796,3393.8796,3360.2847,5445.5507,88.0,False,False,False,True,True,True,True,19,Evening,0,0,1,0,1,359.0,359.0,True,0,0.5,0.1657,62.4959,23.2981,5.7978,17.5,0.0004,0.0,Low,crime_grounded_district_temporal_spatial_index,True,Severity-weighted NCRB district crime burden (35%) + temporal multiplier (35%) + spatial hotspot density (30%) + weekend adjustment (5%).,18.36304,4.935059075927736
1022,Civil Lines to Model Town,North,midpoint/locality administrative mapping,medium,28.6918,77.2078,3600,288,secondary,True,887978,14799,2583,290.8856,212.5678,363.3649,265.5221,-1.2286,25.0511,74,46,359,3406.1008,6945.1797,6945.1797,3393.8796,3393.8796,3360.2847,5445.5507,88.0,False,False,False,True,True,True,True,19,Evening,0,0,1,1,1,359.0,359.0,True,0,0.5,0.1657,62.4959,28.2981,5.7978,17.5,0.0004,5.0,Low,crime_grounded_district_temporal_spatial_index,True,Severity-weighted NCRB district crime burden (35%) + temporal multiplier (35%) + spatial hotspot density (30%) + weekend adjustment (5%).,18.36304,9.935059075927736
1022,Civil Lines to Model Town,North,midpoint/locality administrative mapping,medium,28.6918,77.2078,3600,288,secondary,True,887978,14799,2583,290.8856,212.5678,363.3649,265.5221,-1.2286,25.0511,74,46,359,3406.1008,6945.1797,6945.1797,3393.8796,3393.8796,3360.2847,5445.5507,88.0,False,False,False,True,True,True,True,23,Night,1,0,0,0,0,359.0,125.65,True,1,1.0,0.1657,62.4959,33.7981,5.7978,28.0,0.0004,0.0,Moderate,crime_grounded_district_temporal_spatial_index,True,Severity-weighted NCRB district crime burden (35%) + temporal multiplier (35%) + spatial hotspot density (30%) + weekend adjustment (5%).,36.871902,-3.0738024658203145
1022,Civil Lines to Model Town,North,midpoint/locality administrative mapping,medium,28.6918,77.2078,3600,288,secondary,True,887978,14799,2583,290.8856,212.5678,363.3649,265.5221,-1.2286,25.0511,74,46,359,3406.1008,6945.1797,6945.1797,3393.8796,3393.8796,3360.2847,5445.5507,88.0,False,False,False,True,True,True,True,23,Night,1,0,0,1,0,359.0,125.65,True,1,1.0,0.1657,62.4959,38.7981,5.7978,28.0,0.0004,5.0,Moderate,crime_grounded_district_temporal_spatial_index,True,Severity-weighted NCRB district crime burden (35%) + temporal multiplier (35%) + spatial hotspot density (30%) + weekend adjustment (5%).,36.871902,1.9261975341796855
1022,Civil Lines to Model Town,North,midpoint/locality administrative mapping,medium,28.6918,77.2078,3600,288,secondary,True,887978,14799,2583,290.8856,212.5678,363.3649,265.5221,-1.2286,25.0511,74,46,359,3406.1008,6945.1797,6945.1797,3393.8796,3393.8796,3360.2847,5445.5507,88.0,False,False,False,True,True,True,True,2,Late Night,1,1,0,0,0,359.0,71.8,True,1,1.0,0.1657,62.4959,40.7981,5.7978,35.0,0.0004,0.0,Moderate,crime_grounded_district_temporal_spatial_index,True,Severity-weighted NCRB district crime burden (35%) + temporal multiplier (35%) + spatial hotspot density (30%) + weekend adjustment (5%).,37.537327,3.2607731872558574
1022,Civil Lines to Model Town,North,midpoint/locality administrative mapping,medium,28.6918,77.2078,3600,288,secondary,True,887978,14799,2583,290.8856,212.5678,363.3649,265.5221,-1.2286,25.0511,74,46,359,3406.1008,6945.1797,6945.1797,3393.8796,3393.8796,3360.2847,5445.5507,88.0,False,False,False,True,True,True,True,2,Late Night,1,1,0,1,0,359.0,71.8,True,1,1.0,0.1657,62.4959,45.7981,5.7978,35.0,0.0004,5.0,Moderate,crime_grounded_district_temporal_spatial_index,True,Severity-weighted NCRB district crime burden (35%) + temporal multiplier (35%) + spatial hotspot density (30%) + weekend adjustment (5%).,37.537327,8.260773187255857
1023,Model Town to Shalimar Bagh,North West,midpoint/locality administrative mapping,medium,28.709,77.1758,3800,304,secondary,True,3656539,8310,9742,266.4268,194.0268,332.8995,242.3351,-2.8,18.0429,64,38,369,4101.7678,10255.8324,10255.8324,6905.4969,6905.4969,6882.5306,8214.9543,88.0,False,False,False,True,True,True,True,8,Morning,0,0,0,0,1,369.0,239.85,True,0,0.5,0.1099,56.3073,14.3448,3.8448,10.5,0.0,0.0,Low,crime_grounded_district_temporal_spatial_index,True,Severity-weighted NCRB district crime burden (35%) + temporal multiplier (35%) + spatial hotspot density (30%) + weekend adjustment (5%).,16.737753,-2.3929529144287116
1023,Model Town to Shalimar Bagh,North West,midpoint/locality administrative mapping,medium,28.709,77.1758,3800,304,secondary,True,3656539,8310,9742,266.4268,194.0268,332.8995,242.3351,-2.8,18.0429,64,38,369,4101.7678,10255.8324,10255.8324,6905.4969,6905.4969,6882.5306,8214.9543,88.0,False,False,False,True,True,True,True,8,Morning,0,0,0,1,1,369.0,239.85,True,0,0.5,0.1099,56.3073,19.3448,3.8448,10.5,0.0,5.0,Low,crime_grounded_district_temporal_spatial_index,True,Severity-weighted NCRB district crime burden (35%) + temporal multiplier (35%) + spatial hotspot density (30%) + weekend adjustment (5%).,16.737753,2.6070470855712884
1023,Model Town to Shalimar Bagh,North West,midpoint/locality administrative mapping,medium,28.709,77.1758,3800,304,secondary,True,3656539,8310,9742,266.4268,194.0268,332.8995,242.3351,-2.8,18.0429,64,38,369,4101.7678,10255.8324,10255.8324,6905.4969,6905.4969,6882.5306,8214.9543,88.0,False,False,False,True,True,True,True,13,Day,0,0,0,0,0,369.0,202.95,True,0,0.5,0.1099,56.3073,10.8448,3.8448,7.0,0.0,0.0,Low,crime_grounded_district_temporal_spatial_index,True,Severity-weighted NCRB district crime burden (35%) + temporal multiplier (35%) + spatial hotspot density (30%) + weekend adjustment (5%).,15.991293,-5.146492953491212
1023,Model Town to Shalimar Bagh,North West,midpoint/locality administrative mapping,medium,28.709,77.1758,3800,304,secondary,True,3656539,8310,9742,266.4268,194.0268,332.8995,242.3351,-2.8,18.0429,64,38,369,4101.7678,10255.8324,10255.8324,6905.4969,6905.4969,6882.5306,8214.9543,88.0,False,False,False,True,True,True,True,13,Day,0,0,0,1,0,369.0,202.95,True,0,0.5,0.1099,56.3073,15.8448,3.8448,7.0,0.0,5.0,Low,crime_grounded_district_temporal_spatial_index,True,Severity-weighted NCRB district crime burden (35%) + temporal multiplier (35%) + spatial hotspot density (30%) + weekend adjustment (5%).,15.991293,-0.1464929534912116
1023,Model Town to Shalimar Bagh,North West,midpoint/locality administrative mapping,medium,28.709,77.1758,3800,304,secondary,True,3656539,8310,9742,266.4268,194.0268,332.8995,242.3351,-2.8,18.0429,64,38,369,4101.7678,10255.8324,10255.8324,6905.4969,6905.4969,6882.5306,8214.9543,88.0,False,False,False,True,True,True,True,19,Evening,0,0,1,0,1,369.0,369.0,True,0,0.5,0.1099,56.3073,21.3448,3.8448,17.5,0.0,0.0,Low,crime_grounded_district_temporal_spatial_index,True,Severity-weighted NCRB district crime burden (35%) + temporal multiplier (35%) + spatial hotspot density (30%) + weekend adjustment (5%).,20.928762,0.4160375640869134
1023,Model Town to Shalimar Bagh,North West,midpoint/locality administrative mapping,medium,28.709,77.1758,3800,304,secondary,True,3656539,8310,9742,266.4268,194.0268,332.8995,242.3351,-2.8,18.0429,64,38,369,4101.7678,10255.8324,10255.8324,6905.4969,6905.4969,6882.5306,8214.9543,88.0,False,False,False,True,True,True,True,19,Evening,0,0,1,1,1,369.0,369.0,True,0,0.5,0.1099,56.3073,26.3448,3.8448,17.5,0.0,5.0,Low,crime_grounded_district_temporal_spatial_index,True,Severity-weighted NCRB district crime burden (35%) + temporal multiplier (35%) + spatial hotspot density (30%) + weekend adjustment (5%).,20.928762,5.416037564086913
1023,Model Town to Shalimar Bagh,North West,midpoint/locality administrative mapping,medium,28.709,77.1758,3800,304,secondary,True,3656539,8310,9742,266.4268,194.0268,332.8995,242.3351,-2.8,18.0429,64,38,369,4101.7678,10255.8324,10255.8324,6905.4969,6905.4969,6882.5306,8214.9543,88.0,False,False,False,True,True,True,True,23,Night,1,0,0,0,0,369.0,129.15,True,1,1.0,0.1099,56.3073,31.8448,3.8448,28.0,0.0,0.0,Low,crime_grounded_district_temporal_spatial_index,True,Severity-weighted NCRB district crime burden (35%) + temporal multiplier (35%) + spatial hotspot density (30%) + weekend adjustment (5%).,35.924484,-4.079684252929688
1023,Model Town to Shalimar Bagh,North West,midpoint/locality administrative mapping,medium,28.709,77.1758,3800,304,secondary,True,3656539,8310,9742,266.4268,194.0268,332.8995,242.3351,-2.8,18.0429,64,38,369,4101.7678,10255.8324,10255.8324,6905.4969,6905.4969,6882.5306,8214.9543,88.0,False,False,False,True,True,True,True,23,Night,1,0,0,1,0,369.0,129.15,True,1,1.0,0.1099,56.3073,36.8448,3.8448,28.0,0.0,5.0,Moderate,crime_grounded_district_temporal_spatial_index,True,Severity-weighted NCRB district crime burden (35%) + temporal multiplier (35%) + spatial hotspot density (30%) + weekend adjustment (5%).,35.924484,0.9203157470703118
1023,Model Town to Shalimar Bagh,North West,midpoint/locality administrative mapping,medium,28.709,77.1758,3800,304,secondary,True,3656539,8310,9742,266.4268,194.0268,332.8995,242.3351,-2.8,18.0429,64,38,369,4101.7678,10255.8324,10255.8324,6905.4969,6905.4969,6882.5306,8214.9543,88.0,False,False,False,True,True,True,True,2,Late Night,1,1,0,0,0,369.0,73.8,True,1,1.0,0.1099,56.3073,38.8448,3.8448,35.0,0.0,0.0,Moderate,crime_grounded_district_temporal_spatial_index,True,Severity-weighted NCRB district crime burden (35%) + temporal multiplier (35%) + spatial hotspot density (30%) + weekend adjustment (5%).,39.54537,-0.7005681945800788
1023,Model Town to Shalimar Bagh,North West,midpoint/locality administrative mapping,medium,28.709,77.1758,3800,304,secondary,True,3656539,8310,9742,266.4268,194.0268,332.8995,242.3351,-2.8,18.0429,64,38,369,4101.7678,10255.8324,10255.8324,6905.4969,6905.4969,6882.5306,8214.9543,88.0,False,False,False,True,True,True,True,2,Late Night,1,1,0,1,0,369.0,73.8,True,1,1.0,0.1099,56.3073,43.8448,3.8448,35.0,0.0,5.0,Moderate,crime_grounded_district_temporal_spatial_index,True,Severity-weighted NCRB district crime burden (35%) + temporal multiplier (35%) + spatial hotspot density (30%) + weekend adjustment (5%).,39.54537,4.299431805419921
1024,Shalimar Bagh to Rohini Sec 18,North West,midpoint/locality administrative mapping,high,28.7258,77.1454,3300,264,secondary,True,3656539,8310,9742,266.4268,194.0268,332.8995,242.3351,-2.8,18.0429,54,18,1123,2492.3698,13611.0479,13611.0479,9938.2794,9938.2794,10000.1163,8394.3178,85.0,False,False,False,True,True,True,True,8,Morning,0,0,0,0,1,1123.0,729.95,True,0,0.5,0.1099,56.3073,14.3448,3.8448,10.5,0.0,0.0,Low,crime_grounded_district_temporal_spatial_index,True,Severity-weighted NCRB district crime burden (35%) + temporal multiplier (35%) + spatial hotspot density (30%) + weekend adjustment (5%).,16.62696,-2.282160754394532
1024,Shalimar Bagh to Rohini Sec 18,North West,midpoint/locality administrative mapping,high,28.7258,77.1454,3300,264,secondary,True,3656539,8310,9742,266.4268,194.0268,332.8995,242.3351,-2.8,18.0429,54,18,1123,2492.3698,13611.0479,13611.0479,9938.2794,9938.2794,10000.1163,8394.3178,85.0,False,False,False,True,True,True,True,8,Morning,0,0,0,1,1,1123.0,729.95,True,0,0.5,0.1099,56.3073,19.3448,3.8448,10.5,0.0,5.0,Low,crime_grounded_district_temporal_spatial_index,True,Severity-weighted NCRB district crime burden (35%) + temporal multiplier (35%) + spatial hotspot density (30%) + weekend adjustment (5%).,16.62696,2.717839245605468
1024,Shalimar Bagh to Rohini Sec 18,North West,midpoint/locality administrative mapping,high,28.7258,77.1454,3300,264,secondary,True,3656539,8310,9742,266.4268,194.0268,332.8995,242.3351,-2.8,18.0429,54,18,1123,2492.3698,13611.0479,13611.0479,9938.2794,9938.2794,10000.1163,8394.3178,85.0,False,False,False,True,True,True,True,13,Day,0,0,0,0,0,1123.0,617.65,True,0,0.5,0.1099,56.3073,10.8448,3.8448,7.0,0.0,0.0,Low,crime_grounded_district_temporal_spatial_index,True,Severity-weighted NCRB district crime burden (35%) + temporal multiplier (35%) + spatial hotspot density (30%) + weekend adjustment (5%).,15.491952,-4.647151942443848
1024,Shalimar Bagh to Rohini Sec 18,North West,midpoint/locality administrative mapping,high,28.7258,77.1454,3300,264,secondary,True,3656539,8310,9742,266.4268,194.0268,332.8995,242.3351,-2.8,18.0429,54,18,1123,2492.3698,13611.0479,13611.0479,9938.2794,9938.2794,10000.1163,8394.3178,85.0,False,False,False,True,True,True,True,13,Day,0,0,0,1,0,1123.0,617.65,True,0,0.5,0.1099,56.3073,15.8448,3.8448,7.0,0.0,5.0,Low,crime_grounded_district_temporal_spatial_index,True,Severity-weighted NCRB district crime burden (35%) + temporal multiplier (35%) + spatial hotspot density (30%) + weekend adjustment (5%).,15.491952,0.3528480575561517
1024,Shalimar Bagh to Rohini Sec 18,North West,midpoint/locality administrative mapping,high,28.7258,77.1454,3300,264,secondary,True,3656539,8310,9742,266.4268,194.0268,332.8995,242.3351,-2.8,18.0429,54,18,1123,2492.3698,13611.0479,13611.0479,9938.2794,9938.2794,10000.1163,8394.3178,85.0,False,False,False,True,True,True,True,19,Evening,0,0,1,0,1,1123.0,1123.0,True,0,0.5,0.1099,56.3073,21.3448,3.8448,17.5,0.0,0.0,Low,crime_grounded_district_temporal_spatial_index,True,Severity-weighted NCRB district crime burden (35%) + temporal multiplier (35%) + spatial hotspot density (30%) + weekend adjustment (5%).,21.163675,0.18112469177246027
1024,Shalimar Bagh to Rohini Sec 18,North West,midpoint/locality administrative mapping,high,28.7258,77.1454,3300,264,secondary,True,3656539,8310,9742,266.4268,194.0268,332.8995,242.3351,-2.8,18.0429,54,18,1123,2492.3698,13611.0479,13611.0479,9938.2794,9938.2794,10000.1163,8394.3178,85.0,False,False,False,True,True,True,True,19,Evening,0,0,1,1,1,1123.0,1123.0,True,0,0.5,0.1099,56.3073,26.3448,3.8448,17.5,0.0,5.0,Low,crime_grounded_district_temporal_spatial_index,True,Severity-weighted NCRB district crime burden (35%) + temporal multiplier (35%) + spatial hotspot density (30%) + weekend adjustment (5%).,21.163675,5.18112469177246
1024,Shalimar Bagh to Rohini Sec 18,North West,midpoint/locality administrative mapping,high,28.7258,77.1454,3300,264,secondary,True,3656539,8310,9742,266.4268,194.0268,332.8995,242.3351,-2.8,18.0429,54,18,1123,2492.3698,13611.0479,13611.0479,9938.2794,9938.2794,10000.1163,8394.3178,85.0,False,False,False,True,True,True,True,23,Night,1,0,0,0,0,1123.0,393.05,True,1,1.0,0.1099,56.3073,31.8448,3.8448,28.0,0.0,0.0,Low,crime_grounded_district_temporal_spatial_index,True,Severity-weighted NCRB district crime burden (35%) + temporal multiplier (35%) + spatial hotspot density (30%) + weekend adjustment (5%).,36.555862,-4.711062426757813
1024,Shalimar Bagh to Rohini Sec 18,North West,midpoint/locality administrative mapping,high,28.7258,77.1454,3300,264,secondary,True,3656539,8310,9742,266.4268,194.0268,332.8995,242.3351,-2.8,18.0429,54,18,1123,2492.3698,13611.0479,13611.0479,9938.2794,9938.2794,10000.1163,8394.3178,85.0,False,False,False,True,True,True,True,23,Night,1,0,0,1,0,1123.0,393.05,True,1,1.0,0.1099,56.3073,36.8448,3.8448,28.0,0.0,5.0,Moderate,crime_grounded_district_temporal_spatial_index,True,Severity-weighted NCRB district crime burden (35%) + temporal multiplier (35%) + spatial hotspot density (30%) + weekend adjustment (5%).,36.555862,0.28893757324218683
1024,Shalimar Bagh to Rohini Sec 18,North West,midpoint/locality administrative mapping,high,28.7258,77.1454,3300,264,secondary,True,3656539,8310,9742,266.4268,194.0268,332.8995,242.3351,-2.8,18.0429,54,18,1123,2492.3698,13611.0479,13611.0479,9938.2794,9938.2794,10000.1163,8394.3178,85.0,False,False,False,True,True,True,True,2,Late Night,1,1,0,0,0,1123.0,224.6,True,1,1.0,0.1099,56.3073,38.8448,3.8448,35.0,0.0,0.0,Moderate,crime_grounded_district_temporal_spatial_index,True,Severity-weighted NCRB district crime burden (35%) + temporal multiplier (35%) + spatial hotspot density (30%) + weekend adjustment (5%).,39.2344,-0.38960170288086005
1024,Shalimar Bagh to Rohini Sec 18,North West,midpoint/locality administrative mapping,high,28.7258,77.1454,3300,264,secondary,True,3656539,8310,9742,266.4268,194.0268,332.8995,242.3351,-2.8,18.0429,54,18,1123,2492.3698,13611.0479,13611.0479,9938.2794,9938.2794,10000.1163,8394.3178,85.0,False,False,False,True,True,True,True,2,Late Night,1,1,0,1,0,1123.0,224.6,True,1,1.0,0.1099,56.3073,43.8448,3.8448,35.0,0.0,5.0,Moderate,crime_grounded_district_temporal_spatial_index,True,Severity-weighted NCRB district crime burden (35%) + temporal multiplier (35%) + spatial hotspot density (30%) + weekend adjustment (5%).,39.2344,4.61039829711914
1025,Daryaganj to Preet Vihar (Vikas Marg),East,midpoint/locality administrative mapping,medium,28.6452,77.2678,5700,456,trunk,True,1709346,26708,4769,278.9956,203.6906,347.9986,254.0699,-7.2857,14.1166,80,72,3755,3697.4123,2787.4154,2787.4154,4585.0199,2787.4154,3154.2797,2596.9561,92.0,False,False,False,True,True,True,True,8,Morning,0,0,0,0,1,3755.0,2440.75,True,0,0.5,0.1391,59.5462,15.5334,4.8669,10.5,0.1665,0.0,Low,crime_grounded_district_temporal_spatial_index,True,Severity-weighted NCRB district crime burden (35%) + temporal multiplier (35%) + spatial hotspot density (30%) + weekend adjustment (5%).,17.919287,-2.385886727905273
1025,Daryaganj to Preet Vihar (Vikas Marg),East,midpoint/locality administrative mapping,medium,28.6452,77.2678,5700,456,trunk,True,1709346,26708,4769,278.9956,203.6906,347.9986,254.0699,-7.2857,14.1166,80,72,3755,3697.4123,2787.4154,2787.4154,4585.0199,2787.4154,3154.2797,2596.9561,92.0,False,False,False,True,True,True,True,8,Morning,0,0,0,1,1,3755.0,2440.75,True,0,0.5,0.1391,59.5462,20.5334,4.8669,10.5,0.1665,5.0,Low,crime_grounded_district_temporal_spatial_index,True,Severity-weighted NCRB district crime burden (35%) + temporal multiplier (35%) + spatial hotspot density (30%) + weekend adjustment (5%).,17.919287,2.614113272094727
1025,Daryaganj to Preet Vihar (Vikas Marg),East,midpoint/locality administrative mapping,medium,28.6452,77.2678,5700,456,trunk,True,1709346,26708,4769,278.9956,203.6906,347.9986,254.0699,-7.2857,14.1166,80,72,3755,3697.4123,2787.4154,2787.4154,4585.0199,2787.4154,3154.2797,2596.9561,92.0,False,False,False,True,True,True,True,13,Day,0,0,0,0,0,3755.0,2065.25,True,0,0.5,0.1391,59.5462,12.0334,4.8669,7.0,0.1665,0.0,Low,crime_grounded_district_temporal_spatial_index,True,Severity-weighted NCRB district crime burden (35%) + temporal multiplier (35%) + spatial hotspot density (30%) + weekend adjustment (5%).,15.09234,-3.0589404693603512
1025,Daryaganj to Preet Vihar (Vikas Marg),East,midpoint/locality administrative mapping,medium,28.6452,77.2678,5700,456,trunk,True,1709346,26708,4769,278.9956,203.6906,347.9986,254.0699,-7.2857,14.1166,80,72,3755,3697.4123,2787.4154,2787.4154,4585.0199,2787.4154,3154.2797,2596.9561,92.0,False,False,False,True,True,True,True,13,Day,0,0,0,1,0,3755.0,2065.25,True,0,0.5,0.1391,59.5462,17.0334,4.8669,7.0,0.1665,5.0,Low,crime_grounded_district_temporal_spatial_index,True,Severity-weighted NCRB district crime burden (35%) + temporal multiplier (35%) + spatial hotspot density (30%) + weekend adjustment (5%).,15.09234,1.9410595306396488
1025,Daryaganj to Preet Vihar (Vikas Marg),East,midpoint/locality administrative mapping,medium,28.6452,77.2678,5700,456,trunk,True,1709346,26708,4769,278.9956,203.6906,347.9986,254.0699,-7.2857,14.1166,80,72,3755,3697.4123,2787.4154,2787.4154,4585.0199,2787.4154,3154.2797,2596.9561,92.0,False,False,False,True,True,True,True,19,Evening,0,0,1,0,1,3755.0,3755.0,True,0,0.5,0.1391,59.5462,22.5334,4.8669,17.5,0.1665,0.0,Low,crime_grounded_district_temporal_spatial_index,True,Severity-weighted NCRB district crime burden (35%) + temporal multiplier (35%) + spatial hotspot density (30%) + weekend adjustment (5%).,24.847654,-2.314254342651367
1025,Daryaganj to Preet Vihar (Vikas Marg),East,midpoint/locality administrative mapping,medium,28.6452,77.2678,5700,456,trunk,True,1709346,26708,4769,278.9956,203.6906,347.9986,254.0699,-7.2857,14.1166,80,72,3755,3697.4123,2787.4154,2787.4154,4585.0199,2787.4154,3154.2797,2596.9561,92.0,False,False,False,True,True,True,True,19,Evening,0,0,1,1,1,3755.0,3755.0,True,0,0.5,0.1391,59.5462,27.5334,4.8669,17.5,0.1665,5.0,Low,crime_grounded_district_temporal_spatial_index,True,Severity-weighted NCRB district crime burden (35%) + temporal multiplier (35%) + spatial hotspot density (30%) + weekend adjustment (5%).,24.847654,2.685745657348633
1025,Daryaganj to Preet Vihar (Vikas Marg),East,midpoint/locality administrative mapping,medium,28.6452,77.2678,5700,456,trunk,True,1709346,26708,4769,278.9956,203.6906,347.9986,254.0699,-7.2857,14.1166,80,72,3755,3697.4123,2787.4154,2787.4154,4585.0199,2787.4154,3154.2797,2596.9561,92.0,False,False,False,True,True,True,True,23,Night,1,0,0,0,0,3755.0,1314.25,True,1,1.0,0.1391,59.5462,33.0334,4.8669,28.0,0.1665,0.0,Moderate,crime_grounded_district_temporal_spatial_index,True,Severity-weighted NCRB district crime burden (35%) + temporal multiplier (35%) + spatial hotspot density (30%) + weekend adjustment (5%).,34.810585,-1.777185021972656
1025,Daryaganj to Preet Vihar (Vikas Marg),East,midpoint/locality administrative mapping,medium,28.6452,77.2678,5700,456,trunk,True,1709346,26708,4769,278.9956,203.6906,347.9986,254.0699,-7.2857,14.1166,80,72,3755,3697.4123,2787.4154,2787.4154,4585.0199,2787.4154,3154.2797,2596.9561,92.0,False,False,False,True,True,True,True,23,Night,1,0,0,1,0,3755.0,1314.25,True,1,1.0,0.1391,59.5462,38.0334,4.8669,28.0,0.1665,5.0,Moderate,crime_grounded_district_temporal_spatial_index,True,Severity-weighted NCRB district crime burden (35%) + temporal multiplier (35%) + spatial hotspot density (30%) + weekend adjustment (5%).,34.810585,3.222814978027344
1025,Daryaganj to Preet Vihar (Vikas Marg),East,midpoint/locality administrative mapping,medium,28.6452,77.2678,5700,456,trunk,True,1709346,26708,4769,278.9956,203.6906,347.9986,254.0699,-7.2857,14.1166,80,72,3755,3697.4123,2787.4154,2787.4154,4585.0199,2787.4154,3154.2797,2596.9561,92.0,False,False,False,True,True,True,True,2,Late Night,1,1,0,0,0,3755.0,751.0,True,1,1.0,0.1391,59.5462,40.0334,4.8669,35.0,0.1665,0.0,Moderate,crime_grounded_district_temporal_spatial_index,True,Severity-weighted NCRB district crime burden (35%) + temporal multiplier (35%) + spatial hotspot density (30%) + weekend adjustment (5%).,42.203194,-2.169793664550781
1025,Daryaganj to Preet Vihar (Vikas Marg),East,midpoint/locality administrative mapping,medium,28.6452,77.2678,5700,456,trunk,True,1709346,26708,4769,278.9956,203.6906,347.9986,254.0699,-7.2857,14.1166,80,72,3755,3697.4123,2787.4154,2787.4154,4585.0199,2787.4154,3154.2797,2596.9561,92.0,False,False,False,True,True,True,True,2,Late Night,1,1,0,1,0,3755.0,751.0,True,1,1.0,0.1391,59.5462,45.0334,4.8669,35.0,0.1665,5.0,Moderate,crime_grounded_district_temporal_spatial_index,True,Severity-weighted NCRB district crime burden (35%) + temporal multiplier (35%) + spatial hotspot density (30%) + weekend adjustment (5%).,42.203194,2.830206335449219
1026,Preet Vihar to Shahdara,East,midpoint/locality administrative mapping,medium,28.6573,77.2918,3400,272,primary,True,1709346,26708,4769,278.9956,203.6906,347.9986,254.0699,-7.2857,14.1166,87,72,3097,1803.5082,5469.9799,5469.9799,6322.4906,5469.9799,2624.9856,2604.9694,92.0,False,False,False,True,True,True,True,8,Morning,0,0,0,0,1,3097.0,2013.05,True,0,0.5,0.1391,59.5462,15.5307,4.8669,10.5,0.1639,0.0,Low,crime_grounded_district_temporal_spatial_index,True,Severity-weighted NCRB district crime burden (35%) + temporal multiplier (35%) + spatial hotspot density (30%) + weekend adjustment (5%).,17.747042,-2.2163417022705083
1026,Preet Vihar to Shahdara,East,midpoint/locality administrative mapping,medium,28.6573,77.2918,3400,272,primary,True,1709346,26708,4769,278.9956,203.6906,347.9986,254.0699,-7.2857,14.1166,87,72,3097,1803.5082,5469.9799,5469.9799,6322.4906,5469.9799,2624.9856,2604.9694,92.0,False,False,False,True,True,True,True,8,Morning,0,0,0,1,1,3097.0,2013.05,True,0,0.5,0.1391,59.5462,20.5307,4.8669,10.5,0.1639,5.0,Low,crime_grounded_district_temporal_spatial_index,True,Severity-weighted NCRB district crime burden (35%) + temporal multiplier (35%) + spatial hotspot density (30%) + weekend adjustment (5%).,17.747042,2.7836582977294917
1026,Preet Vihar to Shahdara,East,midpoint/locality administrative mapping,medium,28.6573,77.2918,3400,272,primary,True,1709346,26708,4769,278.9956,203.6906,347.9986,254.0699,-7.2857,14.1166,87,72,3097,1803.5082,5469.9799,5469.9799,6322.4906,5469.9799,2624.9856,2604.9694,92.0,False,False,False,True,True,True,True,13,Day,0,0,0,0,0,3097.0,1703.35,True,0,0.5,0.1391,59.5462,12.0307,4.8669,7.0,0.1639,0.0,Low,crime_grounded_district_temporal_spatial_index,True,Severity-weighted NCRB district crime burden (35%) + temporal multiplier (35%) + spatial hotspot density (30%) + weekend adjustment (5%).,15.614999,-3.584298817443848
1026,Preet Vihar to Shahdara,East,midpoint/locality administrative mapping,medium,28.6573,77.2918,3400,272,primary,True,1709346,26708,4769,278.9956,203.6906,347.9986,254.0699,-7.2857,14.1166,87,72,3097,1803.5082,5469.9799,5469.9799,6322.4906,5469.9799,2624.9856,2604.9694,92.0,False,False,False,True,True,True,True,13,Day,0,0,0,1,0,3097.0,1703.35,True,0,0.5,0.1391,59.5462,17.0307,4.8669,7.0,0.1639,5.0,Low,crime_grounded_district_temporal_spatial_index,True,Severity-weighted NCRB district crime burden (35%) + temporal multiplier (35%) + spatial hotspot density (30%) + weekend adjustment (5%).,15.614999,1.4157011825561518
1026,Preet Vihar to Shahdara,East,midpoint/locality administrative mapping,medium,28.6573,77.2918,3400,272,primary,True,1709346,26708,4769,278.9956,203.6906,347.9986,254.0699,-7.2857,14.1166,87,72,3097,1803.5082,5469.9799,5469.9799,6322.4906,5469.9799,2624.9856,2604.9694,92.0,False,False,False,True,True,True,True,19,Evening,0,0,1,0,1,3097.0,3097.0,True,0,0.5,0.1391,59.5462,22.5307,4.8669,17.5,0.1639,0.0,Low,crime_grounded_district_temporal_spatial_index,True,Severity-weighted NCRB district crime burden (35%) + temporal multiplier (35%) + spatial hotspot density (30%) + weekend adjustment (5%).,25.119974,-2.5892741363525396
1026,Preet Vihar to Shahdara,East,midpoint/locality administrative mapping,medium,28.6573,77.2918,3400,272,primary,True,1709346,26708,4769,278.9956,203.6906,347.9986,254.0699,-7.2857,14.1166,87,72,3097,1803.5082,5469.9799,5469.9799,6322.4906,5469.9799,2624.9856,2604.9694,92.0,False,False,False,True,True,True,True,19,Evening,0,0,1,1,1,3097.0,3097.0,True,0,0.5,0.1391,59.5462,27.5307,4.8669,17.5,0.1639,5.0,Low,crime_grounded_district_temporal_spatial_index,True,Severity-weighted NCRB district crime burden (35%) + temporal multiplier (35%) + spatial hotspot density (30%) + weekend adjustment (5%).,25.119974,2.4107258636474604
1026,Preet Vihar to Shahdara,East,midpoint/locality administrative mapping,medium,28.6573,77.2918,3400,272,primary,True,1709346,26708,4769,278.9956,203.6906,347.9986,254.0699,-7.2857,14.1166,87,72,3097,1803.5082,5469.9799,5469.9799,6322.4906,5469.9799,2624.9856,2604.9694,92.0,False,False,False,True,True,True,True,23,Night,1,0,0,0,0,3097.0,1083.95,True,1,1.0,0.1391,59.5462,33.0307,4.8669,28.0,0.1639,0.0,Moderate,crime_grounded_district_temporal_spatial_index,True,Severity-weighted NCRB district crime burden (35%) + temporal multiplier (35%) + spatial hotspot density (30%) + weekend adjustment (5%).,35.58832,-2.5576216857910126
1026,Preet Vihar to Shahdara,East,midpoint/locality administrative mapping,medium,28.6573,77.2918,3400,272,primary,True,1709346,26708,4769,278.9956,203.6906,347.9986,254.0699,-7.2857,14.1166,87,72,3097,1803.5082,5469.9799,5469.9799,6322.4906,5469.9799,2624.9856,2604.9694,92.0,False,False,False,True,True,True,True,23,Night,1,0,0,1,0,3097.0,1083.95,True,1,1.0,0.1391,59.5462,38.0307,4.8669,28.0,0.1639,5.0,Moderate,crime_grounded_district_temporal_spatial_index,True,Severity-weighted NCRB district crime burden (35%) + temporal multiplier (35%) + spatial hotspot density (30%) + weekend adjustment (5%).,35.58832,2.4423783142089874
1026,Preet Vihar to Shahdara,East,midpoint/locality administrative mapping,medium,28.6573,77.2918,3400,272,primary,True,1709346,26708,4769,278.9956,203.6906,347.9986,254.0699,-7.2857,14.1166,87,72,3097,1803.5082,5469.9799,5469.9799,6322.4906,5469.9799,2624.9856,2604.9694,92.0,False,False,False,True,True,True,True,2,Late Night,1,1,0,0,0,3097.0,619.4,True,1,1.0,0.1391,59.5462,40.0307,4.8669,35.0,0.1639,0.0,Moderate,crime_grounded_district_temporal_spatial_index,True,Severity-weighted NCRB district crime burden (35%) + temporal multiplier (35%) + spatial hotspot density (30%) + weekend adjustment (5%).,41.682144,-1.6514441650390594
1026,Preet Vihar to Shahdara,East,midpoint/locality administrative mapping,medium,28.6573,77.2918,3400,272,primary,True,1709346,26708,4769,278.9956,203.6906,347.9986,254.0699,-7.2857,14.1166,87,72,3097,1803.5082,5469.9799,5469.9799,6322.4906,5469.9799,2624.9856,2604.9694,92.0,False,False,False,True,True,True,True,2,Late Night,1,1,0,1,0,3097.0,619.4,True,1,1.0,0.1391,59.5462,45.0307,4.8669,35.0,0.1639,5.0,Moderate,crime_grounded_district_temporal_spatial_index,True,Severity-weighted NCRB district crime burden (35%) + temporal multiplier (35%) + spatial hotspot density (30%) + weekend adjustment (5%).,41.682144,3.3485558349609406
1027,Shahdara to Seelampur,North East,midpoint/locality administrative mapping,medium,28.6705,77.2784,2100,168,secondary,True,2241624,36155,5312,236.9711,172.603,295.7633,215.3711,-5.7714,8.1898,47,34,794,997.4689,5250.0402,5250.0402,4937.4312,4937.4312,4506.6895,1005.4083,92.0,True,False,False,True,True,True,True,8,Morning,0,0,0,0,1,794.0,516.1,True,0,0.5,0.0532,50.0251,16.3786,1.8622,10.5,4.0164,0.0,Low,crime_grounded_district_temporal_spatial_index,True,Severity-weighted NCRB district crime burden (35%) + temporal multiplier (35%) + spatial hotspot density (30%) + weekend adjustment (5%).,17.231054,-0.8524543060302747
1027,Shahdara to Seelampur,North East,midpoint/locality administrative mapping,medium,28.6705,77.2784,2100,168,secondary,True,2241624,36155,5312,236.9711,172.603,295.7633,215.3711,-5.7714,8.1898,47,34,794,997.4689,5250.0402,5250.0402,4937.4312,4937.4312,4506.6895,1005.4083,92.0,True,False,False,True,True,True,True,8,Morning,0,0,0,1,1,794.0,516.1,True,0,0.5,0.0532,50.0251,21.3786,1.8622,10.5,4.0164,5.0,Low,crime_grounded_district_temporal_spatial_index,True,Severity-weighted NCRB district crime burden (35%) + temporal multiplier (35%) + spatial hotspot density (30%) + weekend adjustment (5%).,17.231054,4.147545693969725
1027,Shahdara to Seelampur,North East,midpoint/locality administrative mapping,medium,28.6705,77.2784,2100,168,secondary,True,2241624,36155,5312,236.9711,172.603,295.7633,215.3711,-5.7714,8.1898,47,34,794,997.4689,5250.0402,5250.0402,4937.4312,4937.4312,4506.6895,1005.4083,92.0,True,False,False,True,True,True,True,13,Day,0,0,0,0,0,794.0,436.7,True,0,0.5,0.0532,50.0251,12.8786,1.8622,7.0,4.0164,0.0,Low,crime_grounded_district_temporal_spatial_index,True,Severity-weighted NCRB district crime burden (35%) + temporal multiplier (35%) + spatial hotspot density (30%) + weekend adjustment (5%).,17.654455,-4.775855184936523
1027,Shahdara to Seelampur,North East,midpoint/locality administrative mapping,medium,28.6705,77.2784,2100,168,secondary,True,2241624,36155,5312,236.9711,172.603,295.7633,215.3711,-5.7714,8.1898,47,34,794,997.4689,5250.0402,5250.0402,4937.4312,4937.4312,4506.6895,1005.4083,92.0,True,False,False,True,True,True,True,13,Day,0,0,0,1,0,794.0,436.7,True,0,0.5,0.0532,50.0251,17.8786,1.8622,7.0,4.0164,5.0,Low,crime_grounded_district_temporal_spatial_index,True,Severity-weighted NCRB district crime burden (35%) + temporal multiplier (35%) + spatial hotspot density (30%) + weekend adjustment (5%).,17.654455,0.22414481506347528
1027,Shahdara to Seelampur,North East,midpoint/locality administrative mapping,medium,28.6705,77.2784,2100,168,secondary,True,2241624,36155,5312,236.9711,172.603,295.7633,215.3711,-5.7714,8.1898,47,34,794,997.4689,5250.0402,5250.0402,4937.4312,4937.4312,4506.6895,1005.4083,92.0,True,False,False,True,True,True,True,19,Evening,0,0,1,0,1,794.0,794.0,True,0,0.5,0.0532,50.0251,23.3786,1.8622,17.5,4.0164,0.0,Low,crime_grounded_district_temporal_spatial_index,True,Severity-weighted NCRB district crime burden (35%) + temporal multiplier (35%) + spatial hotspot density (30%) + weekend adjustment (5%).,18.528215,4.850384591674803
1027,Shahdara to Seelampur,North East,midpoint/locality administrative mapping,medium,28.6705,77.2784,2100,168,secondary,True,2241624,36155,5312,236.9711,172.603,295.7633,215.3711,-5.7714,8.1898,47,34,794,997.4689,5250.0402,5250.0402,4937.4312,4937.4312,4506.6895,1005.4083,92.0,True,False,False,True,True,True,True,19,Evening,0,0,1,1,1,794.0,794.0,True,0,0.5,0.0532,50.0251,28.3786,1.8622,17.5,4.0164,5.0,Low,crime_grounded_district_temporal_spatial_index,True,Severity-weighted NCRB district crime burden (35%) + temporal multiplier (35%) + spatial hotspot density (30%) + weekend adjustment (5%).,18.528215,9.850384591674803
1027,Shahdara to Seelampur,North East,midpoint/locality administrative mapping,medium,28.6705,77.2784,2100,168,secondary,True,2241624,36155,5312,236.9711,172.603,295.7633,215.3711,-5.7714,8.1898,47,34,794,997.4689,5250.0402,5250.0402,4937.4312,4937.4312,4506.6895,1005.4083,92.0,True,False,False,True,True,True,True,23,Night,1,0,0,0,0,794.0,277.9,True,1,1.0,0.0532,50.0251,33.8786,1.8622,28.0,4.0164,0.0,Moderate,crime_grounded_district_temporal_spatial_index,True,Severity-weighted NCRB district crime burden (35%) + temporal multiplier (35%) + spatial hotspot density (30%) + weekend adjustment (5%).,32.62742,1.2511814819335925
1027,Shahdara to Seelampur,North East,midpoint/locality administrative mapping,medium,28.6705,77.2784,2100,168,secondary,True,2241624,36155,5312,236.9711,172.603,295.7633,215.3711,-5.7714,8.1898,47,34,794,997.4689,5250.0402,5250.0402,4937.4312,4937.4312,4506.6895,1005.4083,92.0,True,False,False,True,True,True,True,23,Night,1,0,0,1,0,794.0,277.9,True,1,1.0,0.0532,50.0251,38.8786,1.8622,28.0,4.0164,5.0,Moderate,crime_grounded_district_temporal_spatial_index,True,Severity-weighted NCRB district crime burden (35%) + temporal multiplier (35%) + spatial hotspot density (30%) + weekend adjustment (5%).,32.62742,6.2511814819335925
1027,Shahdara to Seelampur,North East,midpoint/locality administrative mapping,medium,28.6705,77.2784,2100,168,secondary,True,2241624,36155,5312,236.9711,172.603,295.7633,215.3711,-5.7714,8.1898,47,34,794,997.4689,5250.0402,5250.0402,4937.4312,4937.4312,4506.6895,1005.4083,92.0,True,False,False,True,True,True,True,2,Late Night,1,1,0,0,0,794.0,158.8,True,1,1.0,0.0532,50.0251,40.8786,1.8622,35.0,4.0164,0.0,Moderate,crime_grounded_district_temporal_spatial_index,True,Severity-weighted NCRB district crime burden (35%) + temporal multiplier (35%) + spatial hotspot density (30%) + weekend adjustment (5%).,34.804935,6.073664544677733
1027,Shahdara to Seelampur,North East,midpoint/locality administrative mapping,medium,28.6705,77.2784,2100,168,secondary,True,2241624,36155,5312,236.9711,172.603,295.7633,215.3711,-5.7714,8.1898,47,34,794,997.4689,5250.0402,5250.0402,4937.4312,4937.4312,4506.6895,1005.4083,92.0,True,False,False,True,True,True,True,2,Late Night,1,1,0,1,0,794.0,158.8,True,1,1.0,0.0532,50.0251,45.8786,1.8622,35.0,4.0164,5.0,Moderate,crime_grounded_district_temporal_spatial_index,True,Severity-weighted NCRB district crime burden (35%) + temporal multiplier (35%) + spatial hotspot density (30%) + weekend adjustment (5%).,34.804935,11.073664544677733
1028,Seelampur to Nand Nagri,North East,midpoint/locality administrative mapping,high,28.6835,77.2854,4700,376,secondary,True,2241624,36155,5312,236.9711,172.603,295.7633,215.3711,-5.7714,8.1898,58,41,83,1176.3082,6782.8208,6782.8208,5897.3255,5897.3255,5044.5091,2355.3929,86.0,False,False,False,True,True,True,True,8,Morning,0,0,0,0,1,83.0,53.95,True,0,0.5,0.0532,50.0251,12.5076,1.8622,10.5,0.1453,0.0,Low,crime_grounded_district_temporal_spatial_index,True,Severity-weighted NCRB district crime burden (35%) + temporal multiplier (35%) + spatial hotspot density (30%) + weekend adjustment (5%).,14.670817,-2.1632173751831054
1028,Seelampur to Nand Nagri,North East,midpoint/locality administrative mapping,high,28.6835,77.2854,4700,376,secondary,True,2241624,36155,5312,236.9711,172.603,295.7633,215.3711,-5.7714,8.1898,58,41,83,1176.3082,6782.8208,6782.8208,5897.3255,5897.3255,5044.5091,2355.3929,86.0,False,False,False,True,True,True,True,8,Morning,0,0,0,1,1,83.0,53.95,True,0,0.5,0.0532,50.0251,17.5076,1.8622,10.5,0.1453,5.0,Low,crime_grounded_district_temporal_spatial_index,True,Severity-weighted NCRB district crime burden (35%) + temporal multiplier (35%) + spatial hotspot density (30%) + weekend adjustment (5%).,14.670817,2.8367826248168946
1028,Seelampur to Nand Nagri,North East,midpoint/locality administrative mapping,high,28.6835,77.2854,4700,376,secondary,True,2241624,36155,5312,236.9711,172.603,295.7633,215.3711,-5.7714,8.1898,58,41,83,1176.3082,6782.8208,6782.8208,5897.3255,5897.3255,5044.5091,2355.3929,86.0,False,False,False,True,True,True,True,13,Day,0,0,0,0,0,83.0,45.65,True,0,0.5,0.0532,50.0251,9.0076,1.8622,7.0,0.1453,0.0,Low,crime_grounded_district_temporal_spatial_index,True,Severity-weighted NCRB district crime burden (35%) + temporal multiplier (35%) + spatial hotspot density (30%) + weekend adjustment (5%).,12.749545,-3.741945097351074
1028,Seelampur to Nand Nagri,North East,midpoint/locality administrative mapping,high,28.6835,77.2854,4700,376,secondary,True,2241624,36155,5312,236.9711,172.603,295.7633,215.3711,-5.7714,8.1898,58,41,83,1176.3082,6782.8208,6782.8208,5897.3255,5897.3255,5044.5091,2355.3929,86.0,False,False,False,True,True,True,True,13,Day,0,0,0,1,0,83.0,45.65,True,0,0.5,0.0532,50.0251,14.0076,1.8622,7.0,0.1453,5.0,Low,crime_grounded_district_temporal_spatial_index,True,Severity-weighted NCRB district crime burden (35%) + temporal multiplier (35%) + spatial hotspot density (30%) + weekend adjustment (5%).,12.749545,1.2580549026489258
1028,Seelampur to Nand Nagri,North East,midpoint/locality administrative mapping,high,28.6835,77.2854,4700,376,secondary,True,2241624,36155,5312,236.9711,172.603,295.7633,215.3711,-5.7714,8.1898,58,41,83,1176.3082,6782.8208,6782.8208,5897.3255,5897.3255,5044.5091,2355.3929,86.0,False,False,False,True,True,True,True,19,Evening,0,0,1,0,1,83.0,83.0,True,0,0.5,0.0532,50.0251,19.5076,1.8622,17.5,0.1453,0.0,Low,crime_grounded_district_temporal_spatial_index,True,Severity-weighted NCRB district crime burden (35%) + temporal multiplier (35%) + spatial hotspot density (30%) + weekend adjustment (5%).,20.008419,-0.5008190368652343
1028,Seelampur to Nand Nagri,North East,midpoint/locality administrative mapping,high,28.6835,77.2854,4700,376,secondary,True,2241624,36155,5312,236.9711,172.603,295.7633,215.3711,-5.7714,8.1898,58,41,83,1176.3082,6782.8208,6782.8208,5897.3255,5897.3255,5044.5091,2355.3929,86.0,False,False,False,True,True,True,True,19,Evening,0,0,1,1,1,83.0,83.0,True,0,0.5,0.0532,50.0251,24.5076,1.8622,17.5,0.1453,5.0,Low,crime_grounded_district_temporal_spatial_index,True,Severity-weighted NCRB district crime burden (35%) + temporal multiplier (35%) + spatial hotspot density (30%) + weekend adjustment (5%).,20.008419,4.499180963134766
1028,Seelampur to Nand Nagri,North East,midpoint/locality administrative mapping,high,28.6835,77.2854,4700,376,secondary,True,2241624,36155,5312,236.9711,172.603,295.7633,215.3711,-5.7714,8.1898,58,41,83,1176.3082,6782.8208,6782.8208,5897.3255,5897.3255,5044.5091,2355.3929,86.0,False,False,False,True,True,True,True,23,Night,1,0,0,0,0,83.0,29.05,True,1,1.0,0.0532,50.0251,30.0076,1.8622,28.0,0.1453,0.0,Low,crime_grounded_district_temporal_spatial_index,True,Severity-weighted NCRB district crime burden (35%) + temporal multiplier (35%) + spatial hotspot density (30%) + weekend adjustment (5%).,33.335354,-3.3277538513183593
1028,Seelampur to Nand Nagri,North East,midpoint/locality administrative mapping,high,28.6835,77.2854,4700,376,secondary,True,2241624,36155,5312,236.9711,172.603,295.7633,215.3711,-5.7714,8.1898,58,41,83,1176.3082,6782.8208,6782.8208,5897.3255,5897.3255,5044.5091,2355.3929,86.0,False,False,False,True,True,True,True,23,Night,1,0,0,1,0,83.0,29.05,True,1,1.0,0.0532,50.0251,35.0076,1.8622,28.0,0.1453,5.0,Moderate,crime_grounded_district_temporal_spatial_index,True,Severity-weighted NCRB district crime burden (35%) + temporal multiplier (35%) + spatial hotspot density (30%) + weekend adjustment (5%).,33.335354,1.6722461486816371
1028,Seelampur to Nand Nagri,North East,midpoint/locality administrative mapping,high,28.6835,77.2854,4700,376,secondary,True,2241624,36155,5312,236.9711,172.603,295.7633,215.3711,-5.7714,8.1898,58,41,83,1176.3082,6782.8208,6782.8208,5897.3255,5897.3255,5044.5091,2355.3929,86.0,False,False,False,True,True,True,True,2,Late Night,1,1,0,0,0,83.0,16.6,True,1,1.0,0.0532,50.0251,37.0076,1.8622,35.0,0.1453,0.0,Moderate,crime_grounded_district_temporal_spatial_index,True,Severity-weighted NCRB district crime burden (35%) + temporal multiplier (35%) + spatial hotspot density (30%) + weekend adjustment (5%).,38.85544,-1.8478382324218785
1028,Seelampur to Nand Nagri,North East,midpoint/locality administrative mapping,high,28.6835,77.2854,4700,376,secondary,True,2241624,36155,5312,236.9711,172.603,295.7633,215.3711,-5.7714,8.1898,58,41,83,1176.3082,6782.8208,6782.8208,5897.3255,5897.3255,5044.5091,2355.3929,86.0,False,False,False,True,True,True,True,2,Late Night,1,1,0,1,0,83.0,16.6,True,1,1.0,0.0532,50.0251,42.0076,1.8622,35.0,0.1453,5.0,Moderate,crime_grounded_district_temporal_spatial_index,True,Severity-weighted NCRB district crime burden (35%) + temporal multiplier (35%) + spatial hotspot density (30%) + weekend adjustment (5%).,38.85544,3.1521617675781215
1029,Lajpat Nagar to Mayur Vihar (DND Link),South East,midpoint/locality administrative mapping,medium,28.5884,77.2704,6800,544,trunk,True,2283000,22382,5845,256.0228,186.9665,319.8292,233.5149,-2.6,16.4164,95,71,3281,3294.4656,6079.6042,6079.6042,7047.6264,6079.6042,3728.8556,6516.4911,84.0,False,False,False,True,True,True,True,8,Morning,0,0,0,0,1,3281.0,2132.65,True,0,0.5,0.0975,54.9365,13.9122,3.4121,10.5,0.0,0.0,Low,crime_grounded_district_temporal_spatial_index,True,Severity-weighted NCRB district crime burden (35%) + temporal multiplier (35%) + spatial hotspot density (30%) + weekend adjustment (5%).,15.971053,-2.0588531234741207
1029,Lajpat Nagar to Mayur Vihar (DND Link),South East,midpoint/locality administrative mapping,medium,28.5884,77.2704,6800,544,trunk,True,2283000,22382,5845,256.0228,186.9665,319.8292,233.5149,-2.6,16.4164,95,71,3281,3294.4656,6079.6042,6079.6042,7047.6264,6079.6042,3728.8556,6516.4911,84.0,False,False,False,True,True,True,True,8,Morning,0,0,0,1,1,3281.0,2132.65,True,0,0.5,0.0975,54.9365,18.9122,3.4121,10.5,0.0,5.0,Low,crime_grounded_district_temporal_spatial_index,True,Severity-weighted NCRB district crime burden (35%) + temporal multiplier (35%) + spatial hotspot density (30%) + weekend adjustment (5%).,15.971053,2.9411468765258775
1029,Lajpat Nagar to Mayur Vihar (DND Link),South East,midpoint/locality administrative mapping,medium,28.5884,77.2704,6800,544,trunk,True,2283000,22382,5845,256.0228,186.9665,319.8292,233.5149,-2.6,16.4164,95,71,3281,3294.4656,6079.6042,6079.6042,7047.6264,6079.6042,3728.8556,6516.4911,84.0,False,False,False,True,True,True,True,13,Day,0,0,0,0,0,3281.0,1804.55,True,0,0.5,0.0975,54.9365,10.4122,3.4121,7.0,0.0,0.0,Low,crime_grounded_district_temporal_spatial_index,True,Severity-weighted NCRB district crime burden (35%) + temporal multiplier (35%) + spatial hotspot density (30%) + weekend adjustment (5%).,13.718245,-3.3060445526123043
1029,Lajpat Nagar to Mayur Vihar (DND Link),South East,midpoint/locality administrative mapping,medium,28.5884,77.2704,6800,544,trunk,True,2283000,22382,5845,256.0228,186.9665,319.8292,233.5149,-2.6,16.4164,95,71,3281,3294.4656,6079.6042,6079.6042,7047.6264,6079.6042,3728.8556,6516.4911,84.0,False,False,False,True,True,True,True,13,Day,0,0,0,1,0,3281.0,1804.55,True,0,0.5,0.0975,54.9365,15.4122,3.4121,7.0,0.0,5.0,Low,crime_grounded_district_temporal_spatial_index,True,Severity-weighted NCRB district crime burden (35%) + temporal multiplier (35%) + spatial hotspot density (30%) + weekend adjustment (5%).,13.718245,1.6939554473876957
1029,Lajpat Nagar to Mayur Vihar (DND Link),South East,midpoint/locality administrative mapping,medium,28.5884,77.2704,6800,544,trunk,True,2283000,22382,5845,256.0228,186.9665,319.8292,233.5149,-2.6,16.4164,95,71,3281,3294.4656,6079.6042,6079.6042,7047.6264,6079.6042,3728.8556,6516.4911,84.0,False,False,False,True,True,True,True,19,Evening,0,0,1,0,1,3281.0,3281.0,True,0,0.5,0.0975,54.9365,20.9122,3.4121,17.5,0.0,0.0,Low,crime_grounded_district_temporal_spatial_index,True,Severity-weighted NCRB district crime burden (35%) + temporal multiplier (35%) + spatial hotspot density (30%) + weekend adjustment (5%).,23.351645,-2.4394445159912124
1029,Lajpat Nagar to Mayur Vihar (DND Link),South East,midpoint/locality administrative mapping,medium,28.5884,77.2704,6800,544,trunk,True,2283000,22382,5845,256.0228,186.9665,319.8292,233.5149,-2.6,16.4164,95,71,3281,3294.4656,6079.6042,6079.6042,7047.6264,6079.6042,3728.8556,6516.4911,84.0,False,False,False,True,True,True,True,19,Evening,0,0,1,1,1,3281.0,3281.0,True,0,0.5,0.0975,54.9365,25.9122,3.4121,17.5,0.0,5.0,Low,crime_grounded_district_temporal_spatial_index,True,Severity-weighted NCRB district crime burden (35%) + temporal multiplier (35%) + spatial hotspot density (30%) + weekend adjustment (5%).,23.351645,2.5605554840087876
1029,Lajpat Nagar to Mayur Vihar (DND Link),South East,midpoint/locality administrative mapping,medium,28.5884,77.2704,6800,544,trunk,True,2283000,22382,5845,256.0228,186.9665,319.8292,233.5149,-2.6,16.4164,95,71,3281,3294.4656,6079.6042,6079.6042,7047.6264,6079.6042,3728.8556,6516.4911,84.0,False,False,False,True,True,True,True,23,Night,1,0,0,0,0,3281.0,1148.35,True,1,1.0,0.0975,54.9365,31.4122,3.4121,28.0,0.0,0.0,Low,crime_grounded_district_temporal_spatial_index,True,Severity-weighted NCRB district crime burden (35%) + temporal multiplier (35%) + spatial hotspot density (30%) + weekend adjustment (5%).,34.222095,-2.8098954895019546
1029,Lajpat Nagar to Mayur Vihar (DND Link),South East,midpoint/locality administrative mapping,medium,28.5884,77.2704,6800,544,trunk,True,2283000,22382,5845,256.0228,186.9665,319.8292,233.5149,-2.6,16.4164,95,71,3281,3294.4656,6079.6042,6079.6042,7047.6264,6079.6042,3728.8556,6516.4911,84.0,False,False,False,True,True,True,True,23,Night,1,0,0,1,0,3281.0,1148.35,True,1,1.0,0.0975,54.9365,36.4122,3.4121,28.0,0.0,5.0,Moderate,crime_grounded_district_temporal_spatial_index,True,Severity-weighted NCRB district crime burden (35%) + temporal multiplier (35%) + spatial hotspot density (30%) + weekend adjustment (5%).,34.222095,2.1901045104980454
1029,Lajpat Nagar to Mayur Vihar (DND Link),South East,midpoint/locality administrative mapping,medium,28.5884,77.2704,6800,544,trunk,True,2283000,22382,5845,256.0228,186.9665,319.8292,233.5149,-2.6,16.4164,95,71,3281,3294.4656,6079.6042,6079.6042,7047.6264,6079.6042,3728.8556,6516.4911,84.0,False,False,False,True,True,True,True,2,Late Night,1,1,0,0,0,3281.0,656.2,True,1,1.0,0.0975,54.9365,38.4122,3.4121,35.0,0.0,0.0,Moderate,crime_grounded_district_temporal_spatial_index,True,Severity-weighted NCRB district crime burden (35%) + temporal multiplier (35%) + spatial hotspot density (30%) + weekend adjustment (5%).,40.674343,-2.262143109130861
1029,Lajpat Nagar to Mayur Vihar (DND Link),South East,midpoint/locality administrative mapping,medium,28.5884,77.2704,6800,544,trunk,True,2283000,22382,5845,256.0228,186.9665,319.8292,233.5149,-2.6,16.4164,95,71,3281,3294.4656,6079.6042,6079.6042,7047.6264,6079.6042,3728.8556,6516.4911,84.0,False,False,False,True,True,True,True,2,Late Night,1,1,0,1,0,3281.0,656.2,True,1,1.0,0.0975,54.9365,43.4122,3.4121,35.0,0.0,5.0,Moderate,crime_grounded_district_temporal_spatial_index,True,Severity-weighted NCRB district crime burden (35%) + temporal multiplier (35%) + spatial hotspot density (30%) + weekend adjustment (5%).,40.674343,2.737856890869139
1030,Okhla Ind Area to Sarita Vihar,South East,midpoint/locality administrative mapping,high,28.5355,77.2774,1800,144,secondary,True,2283000,22382,5845,256.0228,186.9665,319.8292,233.5149,-2.6,16.4164,38,22,635,4846.1693,7463.1074,6971.0986,7490.3771,6971.0986,5410.6069,873.3084,84.0,False,False,False,True,True,True,True,8,Morning,0,0,0,0,1,635.0,412.75,True,0,0.5,0.0975,54.9365,15.924,3.4121,10.5,2.0119,0.0,Low,crime_grounded_district_temporal_spatial_index,True,Severity-weighted NCRB district crime burden (35%) + temporal multiplier (35%) + spatial hotspot density (30%) + weekend adjustment (5%).,28.80373,-12.879730010986329
1030,Okhla Ind Area to Sarita Vihar,South East,midpoint/locality administrative mapping,high,28.5355,77.2774,1800,144,secondary,True,2283000,22382,5845,256.0228,186.9665,319.8292,233.5149,-2.6,16.4164,38,22,635,4846.1693,7463.1074,6971.0986,7490.3771,6971.0986,5410.6069,873.3084,84.0,False,False,False,True,True,True,True,8,Morning,0,0,0,1,1,635.0,412.75,True,0,0.5,0.0975,54.9365,20.924,3.4121,10.5,2.0119,5.0,Low,crime_grounded_district_temporal_spatial_index,True,Severity-weighted NCRB district crime burden (35%) + temporal multiplier (35%) + spatial hotspot density (30%) + weekend adjustment (5%).,28.80373,-7.879730010986329
1030,Okhla Ind Area to Sarita Vihar,South East,midpoint/locality administrative mapping,high,28.5355,77.2774,1800,144,secondary,True,2283000,22382,5845,256.0228,186.9665,319.8292,233.5149,-2.6,16.4164,38,22,635,4846.1693,7463.1074,6971.0986,7490.3771,6971.0986,5410.6069,873.3084,84.0,False,False,False,True,True,True,True,13,Day,0,0,0,0,0,635.0,349.25,True,0,0.5,0.0975,54.9365,12.424,3.4121,7.0,2.0119,0.0,Low,crime_grounded_district_temporal_spatial_index,True,Severity-weighted NCRB district crime burden (35%) + temporal multiplier (35%) + spatial hotspot density (30%) + weekend adjustment (5%).,27.568552,-15.144552017211915
1030,Okhla Ind Area to Sarita Vihar,South East,midpoint/locality administrative mapping,high,28.5355,77.2774,1800,144,secondary,True,2283000,22382,5845,256.0228,186.9665,319.8292,233.5149,-2.6,16.4164,38,22,635,4846.1693,7463.1074,6971.0986,7490.3771,6971.0986,5410.6069,873.3084,84.0,False,False,False,True,True,True,True,13,Day,0,0,0,1,0,635.0,349.25,True,0,0.5,0.0975,54.9365,17.424,3.4121,7.0,2.0119,5.0,Low,crime_grounded_district_temporal_spatial_index,True,Severity-weighted NCRB district crime burden (35%) + temporal multiplier (35%) + spatial hotspot density (30%) + weekend adjustment (5%).,27.568552,-10.144552017211915
1030,Okhla Ind Area to Sarita Vihar,South East,midpoint/locality administrative mapping,high,28.5355,77.2774,1800,144,secondary,True,2283000,22382,5845,256.0228,186.9665,319.8292,233.5149,-2.6,16.4164,38,22,635,4846.1693,7463.1074,6971.0986,7490.3771,6971.0986,5410.6069,873.3084,84.0,False,False,False,True,True,True,True,19,Evening,0,0,1,0,1,635.0,635.0,True,0,0.5,0.0975,54.9365,22.924,3.4121,17.5,2.0119,0.0,Low,crime_grounded_district_temporal_spatial_index,True,Severity-weighted NCRB district crime burden (35%) + temporal multiplier (35%) + spatial hotspot density (30%) + weekend adjustment (5%).,28.960352,-6.036351943969727
1030,Okhla Ind Area to Sarita Vihar,South East,midpoint/locality administrative mapping,high,28.5355,77.2774,1800,144,secondary,True,2283000,22382,5845,256.0228,186.9665,319.8292,233.5149,-2.6,16.4164,38,22,635,4846.1693,7463.1074,6971.0986,7490.3771,6971.0986,5410.6069,873.3084,84.0,False,False,False,True,True,True,True,19,Evening,0,0,1,1,1,635.0,635.0,True,0,0.5,0.0975,54.9365,27.924,3.4121,17.5,2.0119,5.0,Low,crime_grounded_district_temporal_spatial_index,True,Severity-weighted NCRB district crime burden (35%) + temporal multiplier (35%) + spatial hotspot density (30%) + weekend adjustment (5%).,28.960352,-1.036351943969727
1030,Okhla Ind Area to Sarita Vihar,South East,midpoint/locality administrative mapping,high,28.5355,77.2774,1800,144,secondary,True,2283000,22382,5845,256.0228,186.9665,319.8292,233.5149,-2.6,16.4164,38,22,635,4846.1693,7463.1074,6971.0986,7490.3771,6971.0986,5410.6069,873.3084,84.0,False,False,False,True,True,True,True,23,Night,1,0,0,0,0,635.0,222.25,True,1,1.0,0.0975,54.9365,33.424,3.4121,28.0,2.0119,0.0,Moderate,crime_grounded_district_temporal_spatial_index,True,Severity-weighted NCRB district crime burden (35%) + temporal multiplier (35%) + spatial hotspot density (30%) + weekend adjustment (5%).,40.265945,-6.841945434570313
1030,Okhla Ind Area to Sarita Vihar,South East,midpoint/locality administrative mapping,high,28.5355,77.2774,1800,144,secondary,True,2283000,22382,5845,256.0228,186.9665,319.8292,233.5149,-2.6,16.4164,38,22,635,4846.1693,7463.1074,6971.0986,7490.3771,6971.0986,5410.6069,873.3084,84.0,False,False,False,True,True,True,True,23,Night,1,0,0,1,0,635.0,222.25,True,1,1.0,0.0975,54.9365,38.424,3.4121,28.0,2.0119,5.0,Moderate,crime_grounded_district_temporal_spatial_index,True,Severity-weighted NCRB district crime burden (35%) + temporal multiplier (35%) + spatial hotspot density (30%) + weekend adjustment (5%).,40.265945,-1.841945434570313
1030,Okhla Ind Area to Sarita Vihar,South East,midpoint/locality administrative mapping,high,28.5355,77.2774,1800,144,secondary,True,2283000,22382,5845,256.0228,186.9665,319.8292,233.5149,-2.6,16.4164,38,22,635,4846.1693,7463.1074,6971.0986,7490.3771,6971.0986,5410.6069,873.3084,84.0,False,False,False,True,True,True,True,2,Late Night,1,1,0,0,0,635.0,127.0,True,1,1.0,0.0975,54.9365,40.424,3.4121,35.0,2.0119,0.0,Moderate,crime_grounded_district_temporal_spatial_index,True,Severity-weighted NCRB district crime burden (35%) + temporal multiplier (35%) + spatial hotspot density (30%) + weekend adjustment (5%).,40.72889,-0.30488946533203176
1030,Okhla Ind Area to Sarita Vihar,South East,midpoint/locality administrative mapping,high,28.5355,77.2774,1800,144,secondary,True,2283000,22382,5845,256.0228,186.9665,319.8292,233.5149,-2.6,16.4164,38,22,635,4846.1693,7463.1074,6971.0986,7490.3771,6971.0986,5410.6069,873.3084,84.0,False,False,False,True,True,True,True,2,Late Night,1,1,0,1,0,635.0,127.0,True,1,1.0,0.0975,54.9365,45.424,3.4121,35.0,2.0119,5.0,Moderate,crime_grounded_district_temporal_spatial_index,True,Severity-weighted NCRB district crime burden (35%) + temporal multiplier (35%) + spatial hotspot density (30%) + weekend adjustment (5%).,40.72889,4.695110534667968
