segment_id,segment_name,district,mapping_method,confidence,midpoint_latitude,midpoint_longitude,distance_m,estimated_travel_time_s,road_type,walkable,population,population_density,total_reported_cases,cases_per_100k,severity_weighted_cases_per_100k,recent_cases_per_100k,recent_severity_per_100k,crime_trend_slope,historical_baseline,lighting_score,cctv_coverage_score,footfall_proxy,distance_to_police_m,distance_to_hospital_m,distance_to_medical_facility_m,distance_to_public_toilet_m,distance_to_nearest_amenity_m,nearest_hotspot_distance_m,nearest_hotspot_intensity,has_police_nearby,has_hospital_nearby,has_public_toilet_nearby,lighting_data_synthetic,cctv_data_synthetic,mobility_data_synthetic,hotspot_data_synthetic,representative_hour,time_period,is_night,is_late_night,is_evening_peak,is_weekend,is_peak_hour,base_evening_footfall,contextual_footfall_proxy,temporal_data_synthetic,reduced_activity_context,lighting_relevance
1001,Connaught Place to Janpath,New Delhi,midpoint/locality administrative mapping,high,28.629,77.21695,950,76,primary,True,142004,4057,951,669.6994,499.8294,836.5257,623.9652,-0.4857,100.0,74,78,4782,480.83976280942414,1511.943998920021,386.6466510122201,373.12204070675887,373.12204070675887,1601.6145189263182,88.0,True,True,True,True,True,True,True,8,Morning,0,0,0,0,1,4782.0,3108.3,True,0,0.5
1001,Connaught Place to Janpath,New Delhi,midpoint/locality administrative mapping,high,28.629,77.21695,950,76,primary,True,142004,4057,951,669.6994,499.8294,836.5257,623.9652,-0.4857,100.0,74,78,4782,480.83976280942414,1511.943998920021,386.6466510122201,373.12204070675887,373.12204070675887,1601.6145189263182,88.0,True,True,True,True,True,True,True,8,Morning,0,0,0,1,1,4782.0,3108.3,True,0,0.5
1001,Connaught Place to Janpath,New Delhi,midpoint/locality administrative mapping,high,28.629,77.21695,950,76,primary,True,142004,4057,951,669.6994,499.8294,836.5257,623.9652,-0.4857,100.0,74,78,4782,480.83976280942414,1511.943998920021,386.6466510122201,373.12204070675887,373.12204070675887,1601.6145189263182,88.0,True,True,True,True,True,True,True,13,Day,0,0,0,0,0,4782.0,2630.1,True,0,0.5
1001,Connaught Place to Janpath,New Delhi,midpoint/locality administrative mapping,high,28.629,77.21695,950,76,primary,True,142004,4057,951,669.6994,499.8294,836.5257,623.9652,-0.4857,100.0,74,78,4782,480.83976280942414,1511.943998920021,386.6466510122201,373.12204070675887,373.12204070675887,1601.6145189263182,88.0,True,True,True,True,True,True,True,13,Day,0,0,0,1,0,4782.0,2630.1,True,0,0.5
1001,Connaught Place to Janpath,New Delhi,midpoint/locality administrative mapping,high,28.629,77.21695,950,76,primary,True,142004,4057,951,669.6994,499.8294,836.5257,623.9652,-0.4857,100.0,74,78,4782,480.83976280942414,1511.943998920021,386.6466510122201,373.12204070675887,373.12204070675887,1601.6145189263182,88.0,True,True,True,True,True,True,True,19,Evening,0,0,1,0,1,4782.0,4782.0,True,0,0.5
1001,Connaught Place to Janpath,New Delhi,midpoint/locality administrative mapping,high,28.629,77.21695,950,76,primary,True,142004,4057,951,669.6994,499.8294,836.5257,623.9652,-0.4857,100.0,74,78,4782,480.83976280942414,1511.943998920021,386.6466510122201,373.12204070675887,373.12204070675887,1601.6145189263182,88.0,True,True,True,True,True,True,True,19,Evening,0,0,1,1,1,4782.0,4782.0,True,0,0.5
1001,Connaught Place to Janpath,New Delhi,midpoint/locality administrative mapping,high,28.629,77.21695,950,76,primary,True,142004,4057,951,669.6994,499.8294,836.5257,623.9652,-0.4857,100.0,74,78,4782,480.83976280942414,1511.943998920021,386.6466510122201,373.12204070675887,373.12204070675887,1601.6145189263182,88.0,True,True,True,True,True,True,True,23,Night,1,0,0,0,0,4782.0,1673.7,True,1,1.0
1001,Connaught Place to Janpath,New Delhi,midpoint/locality administrative mapping,high,28.629,77.21695,950,76,primary,True,142004,4057,951,669.6994,499.8294,836.5257,623.9652,-0.4857,100.0,74,78,4782,480.83976280942414,1511.943998920021,386.6466510122201,373.12204070675887,373.12204070675887,1601.6145189263182,88.0,True,True,True,True,True,True,True,23,Night,1,0,0,1,0,4782.0,1673.7,True,1,1.0
1001,Connaught Place to Janpath,New Delhi,midpoint/locality administrative mapping,high,28.629,77.21695,950,76,primary,True,142004,4057,951,669.6994,499.8294,836.5257,623.9652,-0.4857,100.0,74,78,4782,480.83976280942414,1511.943998920021,386.6466510122201,373.12204070675887,373.12204070675887,1601.6145189263182,88.0,True,True,True,True,True,True,True,2,Late Night,1,1,0,0,0,4782.0,956.4,True,1,1.0
1001,Connaught Place to Janpath,New Delhi,midpoint/locality administrative mapping,high,28.629,77.21695,950,76,primary,True,142004,4057,951,669.6994,499.8294,836.5257,623.9652,-0.4857,100.0,74,78,4782,480.83976280942414,1511.943998920021,386.6466510122201,373.12204070675887,373.12204070675887,1601.6145189263182,88.0,True,True,True,True,True,True,True,2,Late Night,1,1,0,1,0,4782.0,956.4,True,1,1.0
1002,Janpath to Tuglak Road,New Delhi,midpoint/locality administrative mapping,high,28.6147,77.2131,2400,192,primary,True,142004,4057,951,669.6994,499.8294,836.5257,623.9652,-0.4857,100.0,81,73,1938,1185.476890248464,1470.7233910555285,1470.7233910555285,1453.2194344619938,1453.2194344619938,3170.8734503890955,88.0,False,True,False,True,True,True,True,8,Morning,0,0,0,0,1,1938.0,1259.7,True,0,0.5
1002,Janpath to Tuglak Road,New Delhi,midpoint/locality administrative mapping,high,28.6147,77.2131,2400,192,primary,True,142004,4057,951,669.6994,499.8294,836.5257,623.9652,-0.4857,100.0,81,73,1938,1185.476890248464,1470.7233910555285,1470.7233910555285,1453.2194344619938,1453.2194344619938,3170.8734503890955,88.0,False,True,False,True,True,True,True,8,Morning,0,0,0,1,1,1938.0,1259.7,True,0,0.5
1002,Janpath to Tuglak Road,New Delhi,midpoint/locality administrative mapping,high,28.6147,77.2131,2400,192,primary,True,142004,4057,951,669.6994,499.8294,836.5257,623.9652,-0.4857,100.0,81,73,1938,1185.476890248464,1470.7233910555285,1470.7233910555285,1453.2194344619938,1453.2194344619938,3170.8734503890955,88.0,False,True,False,True,True,True,True,13,Day,0,0,0,0,0,1938.0,1065.9,True,0,0.5
1002,Janpath to Tuglak Road,New Delhi,midpoint/locality administrative mapping,high,28.6147,77.2131,2400,192,primary,True,142004,4057,951,669.6994,499.8294,836.5257,623.9652,-0.4857,100.0,81,73,1938,1185.476890248464,1470.7233910555285,1470.7233910555285,1453.2194344619938,1453.2194344619938,3170.8734503890955,88.0,False,True,False,True,True,True,True,13,Day,0,0,0,1,0,1938.0,1065.9,True,0,0.5
1002,Janpath to Tuglak Road,New Delhi,midpoint/locality administrative mapping,high,28.6147,77.2131,2400,192,primary,True,142004,4057,951,669.6994,499.8294,836.5257,623.9652,-0.4857,100.0,81,73,1938,1185.476890248464,1470.7233910555285,1470.7233910555285,1453.2194344619938,1453.2194344619938,3170.8734503890955,88.0,False,True,False,True,True,True,True,19,Evening,0,0,1,0,1,1938.0,1938.0,True,0,0.5
1002,Janpath to Tuglak Road,New Delhi,midpoint/locality administrative mapping,high,28.6147,77.2131,2400,192,primary,True,142004,4057,951,669.6994,499.8294,836.5257,623.9652,-0.4857,100.0,81,73,1938,1185.476890248464,1470.7233910555285,1470.7233910555285,1453.2194344619938,1453.2194344619938,3170.8734503890955,88.0,False,True,False,True,True,True,True,19,Evening,0,0,1,1,1,1938.0,1938.0,True,0,0.5
1002,Janpath to Tuglak Road,New Delhi,midpoint/locality administrative mapping,high,28.6147,77.2131,2400,192,primary,True,142004,4057,951,669.6994,499.8294,836.5257,623.9652,-0.4857,100.0,81,73,1938,1185.476890248464,1470.7233910555285,1470.7233910555285,1453.2194344619938,1453.2194344619938,3170.8734503890955,88.0,False,True,False,True,True,True,True,23,Night,1,0,0,0,0,1938.0,678.3,True,1,1.0
1002,Janpath to Tuglak Road,New Delhi,midpoint/locality administrative mapping,high,28.6147,77.2131,2400,192,primary,True,142004,4057,951,669.6994,499.8294,836.5257,623.9652,-0.4857,100.0,81,73,1938,1185.476890248464,1470.7233910555285,1470.7233910555285,1453.2194344619938,1453.2194344619938,3170.8734503890955,88.0,False,True,False,True,True,True,True,23,Night,1,0,0,1,0,1938.0,678.3,True,1,1.0
1002,Janpath to Tuglak Road,New Delhi,midpoint/locality administrative mapping,high,28.6147,77.2131,2400,192,primary,True,142004,4057,951,669.6994,499.8294,836.5257,623.9652,-0.4857,100.0,81,73,1938,1185.476890248464,1470.7233910555285,1470.7233910555285,1453.2194344619938,1453.2194344619938,3170.8734503890955,88.0,False,True,False,True,True,True,True,2,Late Night,1,1,0,0,0,1938.0,387.6,True,1,1.0
1002,Janpath to Tuglak Road,New Delhi,midpoint/locality administrative mapping,high,28.6147,77.2131,2400,192,primary,True,142004,4057,951,669.6994,499.8294,836.5257,623.9652,-0.4857,100.0,81,73,1938,1185.476890248464,1470.7233910555285,1470.7233910555285,1453.2194344619938,1453.2194344619938,3170.8734503890955,88.0,False,True,False,True,True,True,True,2,Late Night,1,1,0,1,0,1938.0,387.6,True,1,1.0
1003,Tuglak Road to Chanakyapuri,New Delhi,midpoint/locality administrative mapping,high,28.6008,77.19805,3100,248,primary,True,142004,4057,951,669.6994,499.8294,836.5257,623.9652,-0.4857,100.0,91,54,4406,1391.5937709694144,2627.0050768005485,2627.0050768005485,2836.8428198271818,2836.8428198271818,4971.21151500314,88.0,False,False,False,True,True,True,True,8,Morning,0,0,0,0,1,4406.0,2863.9,True,0,0.5
1003,Tuglak Road to Chanakyapuri,New Delhi,midpoint/locality administrative mapping,high,28.6008,77.19805,3100,248,primary,True,142004,4057,951,669.6994,499.8294,836.5257,623.9652,-0.4857,100.0,91,54,4406,1391.5937709694144,2627.0050768005485,2627.0050768005485,2836.8428198271818,2836.8428198271818,4971.21151500314,88.0,False,False,False,True,True,True,True,8,Morning,0,0,0,1,1,4406.0,2863.9,True,0,0.5
1003,Tuglak Road to Chanakyapuri,New Delhi,midpoint/locality administrative mapping,high,28.6008,77.19805,3100,248,primary,True,142004,4057,951,669.6994,499.8294,836.5257,623.9652,-0.4857,100.0,91,54,4406,1391.5937709694144,2627.0050768005485,2627.0050768005485,2836.8428198271818,2836.8428198271818,4971.21151500314,88.0,False,False,False,True,True,True,True,13,Day,0,0,0,0,0,4406.0,2423.3,True,0,0.5
1003,Tuglak Road to Chanakyapuri,New Delhi,midpoint/locality administrative mapping,high,28.6008,77.19805,3100,248,primary,True,142004,4057,951,669.6994,499.8294,836.5257,623.9652,-0.4857,100.0,91,54,4406,1391.5937709694144,2627.0050768005485,2627.0050768005485,2836.8428198271818,2836.8428198271818,4971.21151500314,88.0,False,False,False,True,True,True,True,13,Day,0,0,0,1,0,4406.0,2423.3,True,0,0.5
1003,Tuglak Road to Chanakyapuri,New Delhi,midpoint/locality administrative mapping,high,28.6008,77.19805,3100,248,primary,True,142004,4057,951,669.6994,499.8294,836.5257,623.9652,-0.4857,100.0,91,54,4406,1391.5937709694144,2627.0050768005485,2627.0050768005485,2836.8428198271818,2836.8428198271818,4971.21151500314,88.0,False,False,False,True,True,True,True,19,Evening,0,0,1,0,1,4406.0,4406.0,True,0,0.5
1003,Tuglak Road to Chanakyapuri,New Delhi,midpoint/locality administrative mapping,high,28.6008,77.19805,3100,248,primary,True,142004,4057,951,669.6994,499.8294,836.5257,623.9652,-0.4857,100.0,91,54,4406,1391.5937709694144,2627.0050768005485,2627.0050768005485,2836.8428198271818,2836.8428198271818,4971.21151500314,88.0,False,False,False,True,True,True,True,19,Evening,0,0,1,1,1,4406.0,4406.0,True,0,0.5
1003,Tuglak Road to Chanakyapuri,New Delhi,midpoint/locality administrative mapping,high,28.6008,77.19805,3100,248,primary,True,142004,4057,951,669.6994,499.8294,836.5257,623.9652,-0.4857,100.0,91,54,4406,1391.5937709694144,2627.0050768005485,2627.0050768005485,2836.8428198271818,2836.8428198271818,4971.21151500314,88.0,False,False,False,True,True,True,True,23,Night,1,0,0,0,0,4406.0,1542.1,True,1,1.0
1003,Tuglak Road to Chanakyapuri,New Delhi,midpoint/locality administrative mapping,high,28.6008,77.19805,3100,248,primary,True,142004,4057,951,669.6994,499.8294,836.5257,623.9652,-0.4857,100.0,91,54,4406,1391.5937709694144,2627.0050768005485,2627.0050768005485,2836.8428198271818,2836.8428198271818,4971.21151500314,88.0,False,False,False,True,True,True,True,23,Night,1,0,0,1,0,4406.0,1542.1,True,1,1.0
1003,Tuglak Road to Chanakyapuri,New Delhi,midpoint/locality administrative mapping,high,28.6008,77.19805,3100,248,primary,True,142004,4057,951,669.6994,499.8294,836.5257,623.9652,-0.4857,100.0,91,54,4406,1391.5937709694144,2627.0050768005485,2627.0050768005485,2836.8428198271818,2836.8428198271818,4971.21151500314,88.0,False,False,False,True,True,True,True,2,Late Night,1,1,0,0,0,4406.0,881.2,True,1,1.0
1003,Tuglak Road to Chanakyapuri,New Delhi,midpoint/locality administrative mapping,high,28.6008,77.19805,3100,248,primary,True,142004,4057,951,669.6994,499.8294,836.5257,623.9652,-0.4857,100.0,91,54,4406,1391.5937709694144,2627.0050768005485,2627.0050768005485,2836.8428198271818,2836.8428198271818,4971.21151500314,88.0,False,False,False,True,True,True,True,2,Late Night,1,1,0,1,0,4406.0,881.2,True,1,1.0
1004,Chanakyapuri to Vasant Vihar,South West,midpoint/locality administrative mapping,medium,28.5779,77.17339999999999,4800,384,primary,True,2292958,5459,4743,206.8507,150.8483,258.4696,188.4349,-1.2286,8.9431,94,66,4465,2425.3920664871503,3458.439974324375,3458.439974324375,4782.613963696953,3624.578972672395,6826.637083930934,79.0,False,False,False,True,True,True,True,8,Morning,0,0,0,0,1,4465.0,2902.25,True,0,0.5
1004,Chanakyapuri to Vasant Vihar,South West,midpoint/locality administrative mapping,medium,28.5779,77.17339999999999,4800,384,primary,True,2292958,5459,4743,206.8507,150.8483,258.4696,188.4349,-1.2286,8.9431,94,66,4465,2425.3920664871503,3458.439974324375,3458.439974324375,4782.613963696953,3624.578972672395,6826.637083930934,79.0,False,False,False,True,True,True,True,8,Morning,0,0,0,1,1,4465.0,2902.25,True,0,0.5
1004,Chanakyapuri to Vasant Vihar,South West,midpoint/locality administrative mapping,medium,28.5779,77.17339999999999,4800,384,primary,True,2292958,5459,4743,206.8507,150.8483,258.4696,188.4349,-1.2286,8.9431,94,66,4465,2425.3920664871503,3458.439974324375,3458.439974324375,4782.613963696953,3624.578972672395,6826.637083930934,79.0,False,False,False,True,True,True,True,13,Day,0,0,0,0,0,4465.0,2455.75,True,0,0.5
1004,Chanakyapuri to Vasant Vihar,South West,midpoint/locality administrative mapping,medium,28.5779,77.17339999999999,4800,384,primary,True,2292958,5459,4743,206.8507,150.8483,258.4696,188.4349,-1.2286,8.9431,94,66,4465,2425.3920664871503,3458.439974324375,3458.439974324375,4782.613963696953,3624.578972672395,6826.637083930934,79.0,False,False,False,True,True,True,True,13,Day,0,0,0,1,0,4465.0,2455.75,True,0,0.5
1004,Chanakyapuri to Vasant Vihar,South West,midpoint/locality administrative mapping,medium,28.5779,77.17339999999999,4800,384,primary,True,2292958,5459,4743,206.8507,150.8483,258.4696,188.4349,-1.2286,8.9431,94,66,4465,2425.3920664871503,3458.439974324375,3458.439974324375,4782.613963696953,3624.578972672395,6826.637083930934,79.0,False,False,False,True,True,True,True,19,Evening,0,0,1,0,1,4465.0,4465.0,True,0,0.5
1004,Chanakyapuri to Vasant Vihar,South West,midpoint/locality administrative mapping,medium,28.5779,77.17339999999999,4800,384,primary,True,2292958,5459,4743,206.8507,150.8483,258.4696,188.4349,-1.2286,8.9431,94,66,4465,2425.3920664871503,3458.439974324375,3458.439974324375,4782.613963696953,3624.578972672395,6826.637083930934,79.0,False,False,False,True,True,True,True,19,Evening,0,0,1,1,1,4465.0,4465.0,True,0,0.5
1004,Chanakyapuri to Vasant Vihar,South West,midpoint/locality administrative mapping,medium,28.5779,77.17339999999999,4800,384,primary,True,2292958,5459,4743,206.8507,150.8483,258.4696,188.4349,-1.2286,8.9431,94,66,4465,2425.3920664871503,3458.439974324375,3458.439974324375,4782.613963696953,3624.578972672395,6826.637083930934,79.0,False,False,False,True,True,True,True,23,Night,1,0,0,0,0,4465.0,1562.75,True,1,1.0
1004,Chanakyapuri to Vasant Vihar,South West,midpoint/locality administrative mapping,medium,28.5779,77.17339999999999,4800,384,primary,True,2292958,5459,4743,206.8507,150.8483,258.4696,188.4349,-1.2286,8.9431,94,66,4465,2425.3920664871503,3458.439974324375,3458.439974324375,4782.613963696953,3624.578972672395,6826.637083930934,79.0,False,False,False,True,True,True,True,23,Night,1,0,0,1,0,4465.0,1562.75,True,1,1.0
1004,Chanakyapuri to Vasant Vihar,South West,midpoint/locality administrative mapping,medium,28.5779,77.17339999999999,4800,384,primary,True,2292958,5459,4743,206.8507,150.8483,258.4696,188.4349,-1.2286,8.9431,94,66,4465,2425.3920664871503,3458.439974324375,3458.439974324375,4782.613963696953,3624.578972672395,6826.637083930934,79.0,False,False,False,True,True,True,True,2,Late Night,1,1,0,0,0,4465.0,893.0,True,1,1.0
1004,Chanakyapuri to Vasant Vihar,South West,midpoint/locality administrative mapping,medium,28.5779,77.17339999999999,4800,384,primary,True,2292958,5459,4743,206.8507,150.8483,258.4696,188.4349,-1.2286,8.9431,94,66,4465,2425.3920664871503,3458.439974324375,3458.439974324375,4782.613963696953,3624.578972672395,6826.637083930934,79.0,False,False,False,True,True,True,True,2,Late Night,1,1,0,1,0,4465.0,893.0,True,1,1.0
1005,Vasant Vihar to Vasant Kunj,South West,midpoint/locality administrative mapping,high,28.54875,77.15895,2200,176,secondary,True,2292958,5459,4743,206.8507,150.8483,258.4696,188.4349,-1.2286,8.9431,55,35,452,1117.0844935928176,5273.216307974471,5273.216307974471,6542.012005048212,4685.380650688673,4302.123951254367,79.0,False,False,False,True,True,True,True,8,Morning,0,0,0,0,1,452.0,293.8,True,0,0.5
1005,Vasant Vihar to Vasant Kunj,South West,midpoint/locality administrative mapping,high,28.54875,77.15895,2200,176,secondary,True,2292958,5459,4743,206.8507,150.8483,258.4696,188.4349,-1.2286,8.9431,55,35,452,1117.0844935928176,5273.216307974471,5273.216307974471,6542.012005048212,4685.380650688673,4302.123951254367,79.0,False,False,False,True,True,True,True,8,Morning,0,0,0,1,1,452.0,293.8,True,0,0.5
1005,Vasant Vihar to Vasant Kunj,South West,midpoint/locality administrative mapping,high,28.54875,77.15895,2200,176,secondary,True,2292958,5459,4743,206.8507,150.8483,258.4696,188.4349,-1.2286,8.9431,55,35,452,1117.0844935928176,5273.216307974471,5273.216307974471,6542.012005048212,4685.380650688673,4302.123951254367,79.0,False,False,False,True,True,True,True,13,Day,0,0,0,0,0,452.0,248.6,True,0,0.5
1005,Vasant Vihar to Vasant Kunj,South West,midpoint/locality administrative mapping,high,28.54875,77.15895,2200,176,secondary,True,2292958,5459,4743,206.8507,150.8483,258.4696,188.4349,-1.2286,8.9431,55,35,452,1117.0844935928176,5273.216307974471,5273.216307974471,6542.012005048212,4685.380650688673,4302.123951254367,79.0,False,False,False,True,True,True,True,13,Day,0,0,0,1,0,452.0,248.6,True,0,0.5
1005,Vasant Vihar to Vasant Kunj,South West,midpoint/locality administrative mapping,high,28.54875,77.15895,2200,176,secondary,True,2292958,5459,4743,206.8507,150.8483,258.4696,188.4349,-1.2286,8.9431,55,35,452,1117.0844935928176,5273.216307974471,5273.216307974471,6542.012005048212,4685.380650688673,4302.123951254367,79.0,False,False,False,True,True,True,True,19,Evening,0,0,1,0,1,452.0,452.0,True,0,0.5
1005,Vasant Vihar to Vasant Kunj,South West,midpoint/locality administrative mapping,high,28.54875,77.15895,2200,176,secondary,True,2292958,5459,4743,206.8507,150.8483,258.4696,188.4349,-1.2286,8.9431,55,35,452,1117.0844935928176,5273.216307974471,5273.216307974471,6542.012005048212,4685.380650688673,4302.123951254367,79.0,False,False,False,True,True,True,True,19,Evening,0,0,1,1,1,452.0,452.0,True,0,0.5
1005,Vasant Vihar to Vasant Kunj,South West,midpoint/locality administrative mapping,high,28.54875,77.15895,2200,176,secondary,True,2292958,5459,4743,206.8507,150.8483,258.4696,188.4349,-1.2286,8.9431,55,35,452,1117.0844935928176,5273.216307974471,5273.216307974471,6542.012005048212,4685.380650688673,4302.123951254367,79.0,False,False,False,True,True,True,True,23,Night,1,0,0,0,0,452.0,158.2,True,1,1.0
1005,Vasant Vihar to Vasant Kunj,South West,midpoint/locality administrative mapping,high,28.54875,77.15895,2200,176,secondary,True,2292958,5459,4743,206.8507,150.8483,258.4696,188.4349,-1.2286,8.9431,55,35,452,1117.0844935928176,5273.216307974471,5273.216307974471,6542.012005048212,4685.380650688673,4302.123951254367,79.0,False,False,False,True,True,True,True,23,Night,1,0,0,1,0,452.0,158.2,True,1,1.0
1005,Vasant Vihar to Vasant Kunj,South West,midpoint/locality administrative mapping,high,28.54875,77.15895,2200,176,secondary,True,2292958,5459,4743,206.8507,150.8483,258.4696,188.4349,-1.2286,8.9431,55,35,452,1117.0844935928176,5273.216307974471,5273.216307974471,6542.012005048212,4685.380650688673,4302.123951254367,79.0,False,False,False,True,True,True,True,2,Late Night,1,1,0,0,0,452.0,90.4,True,1,1.0
1005,Vasant Vihar to Vasant Kunj,South West,midpoint/locality administrative mapping,high,28.54875,77.15895,2200,176,secondary,True,2292958,5459,4743,206.8507,150.8483,258.4696,188.4349,-1.2286,8.9431,55,35,452,1117.0844935928176,5273.216307974471,5273.216307974471,6542.012005048212,4685.380650688673,4302.123951254367,79.0,False,False,False,True,True,True,True,2,Late Night,1,1,0,1,0,452.0,90.4,True,1,1.0
1006,Vasant Kunj to Saket,South West,midpoint/locality administrative mapping,medium,28.530700000000003,77.18095,5400,432,secondary,True,2292958,5459,4743,206.8507,150.8483,258.4696,188.4349,-1.2286,8.9431,48,49,145,1532.0891402036114,3054.167339721936,3054.167339721936,5881.2831778501495,2856.7984606453665,1532.0891402036114,79.0,False,False,False,True,True,True,True,8,Morning,0,0,0,0,1,145.0,94.25,True,0,0.5
1006,Vasant Kunj to Saket,South West,midpoint/locality administrative mapping,medium,28.530700000000003,77.18095,5400,432,secondary,True,2292958,5459,4743,206.8507,150.8483,258.4696,188.4349,-1.2286,8.9431,48,49,145,1532.0891402036114,3054.167339721936,3054.167339721936,5881.2831778501495,2856.7984606453665,1532.0891402036114,79.0,False,False,False,True,True,True,True,8,Morning,0,0,0,1,1,145.0,94.25,True,0,0.5
1006,Vasant Kunj to Saket,South West,midpoint/locality administrative mapping,medium,28.530700000000003,77.18095,5400,432,secondary,True,2292958,5459,4743,206.8507,150.8483,258.4696,188.4349,-1.2286,8.9431,48,49,145,1532.0891402036114,3054.167339721936,3054.167339721936,5881.2831778501495,2856.7984606453665,1532.0891402036114,79.0,False,False,False,True,True,True,True,13,Day,0,0,0,0,0,145.0,79.75,True,0,0.5
1006,Vasant Kunj to Saket,South West,midpoint/locality administrative mapping,medium,28.530700000000003,77.18095,5400,432,secondary,True,2292958,5459,4743,206.8507,150.8483,258.4696,188.4349,-1.2286,8.9431,48,49,145,1532.0891402036114,3054.167339721936,3054.167339721936,5881.2831778501495,2856.7984606453665,1532.0891402036114,79.0,False,False,False,True,True,True,True,13,Day,0,0,0,1,0,145.0,79.75,True,0,0.5
1006,Vasant Kunj to Saket,South West,midpoint/locality administrative mapping,medium,28.530700000000003,77.18095,5400,432,secondary,True,2292958,5459,4743,206.8507,150.8483,258.4696,188.4349,-1.2286,8.9431,48,49,145,1532.0891402036114,3054.167339721936,3054.167339721936,5881.2831778501495,2856.7984606453665,1532.0891402036114,79.0,False,False,False,True,True,True,True,19,Evening,0,0,1,0,1,145.0,145.0,True,0,0.5
1006,Vasant Kunj to Saket,South West,midpoint/locality administrative mapping,medium,28.530700000000003,77.18095,5400,432,secondary,True,2292958,5459,4743,206.8507,150.8483,258.4696,188.4349,-1.2286,8.9431,48,49,145,1532.0891402036114,3054.167339721936,3054.167339721936,5881.2831778501495,2856.7984606453665,1532.0891402036114,79.0,False,False,False,True,True,True,True,19,Evening,0,0,1,1,1,145.0,145.0,True,0,0.5
1006,Vasant Kunj to Saket,South West,midpoint/locality administrative mapping,medium,28.530700000000003,77.18095,5400,432,secondary,True,2292958,5459,4743,206.8507,150.8483,258.4696,188.4349,-1.2286,8.9431,48,49,145,1532.0891402036114,3054.167339721936,3054.167339721936,5881.2831778501495,2856.7984606453665,1532.0891402036114,79.0,False,False,False,True,True,True,True,23,Night,1,0,0,0,0,145.0,50.75,True,1,1.0
1006,Vasant Kunj to Saket,South West,midpoint/locality administrative mapping,medium,28.530700000000003,77.18095,5400,432,secondary,True,2292958,5459,4743,206.8507,150.8483,258.4696,188.4349,-1.2286,8.9431,48,49,145,1532.0891402036114,3054.167339721936,3054.167339721936,5881.2831778501495,2856.7984606453665,1532.0891402036114,79.0,False,False,False,True,True,True,True,23,Night,1,0,0,1,0,145.0,50.75,True,1,1.0
1006,Vasant Kunj to Saket,South West,midpoint/locality administrative mapping,medium,28.530700000000003,77.18095,5400,432,secondary,True,2292958,5459,4743,206.8507,150.8483,258.4696,188.4349,-1.2286,8.9431,48,49,145,1532.0891402036114,3054.167339721936,3054.167339721936,5881.2831778501495,2856.7984606453665,1532.0891402036114,79.0,False,False,False,True,True,True,True,2,Late Night,1,1,0,0,0,145.0,29.0,True,1,1.0
1006,Vasant Kunj to Saket,South West,midpoint/locality administrative mapping,medium,28.530700000000003,77.18095,5400,432,secondary,True,2292958,5459,4743,206.8507,150.8483,258.4696,188.4349,-1.2286,8.9431,48,49,145,1532.0891402036114,3054.167339721936,3054.167339721936,5881.2831778501495,2856.7984606453665,1532.0891402036114,79.0,False,False,False,True,True,True,True,2,Late Night,1,1,0,1,0,145.0,29.0,True,1,1.0
1007,Saket to Malviya Nagar,South,midpoint/locality administrative mapping,high,28.5252,77.2085,800,64,residential,True,2731929,10928,7007,256.4854,186.8887,320.1877,233.2536,-6.5429,10.8279,62,46,883,386.5957417438957,426.9970294730797,426.9970294730797,5119.272914900035,2011.0218852194664,2494.8060891571918,79.0,True,True,False,True,True,True,True,8,Morning,0,0,0,0,1,883.0,573.95,True,0,0.5
1007,Saket to Malviya Nagar,South,midpoint/locality administrative mapping,high,28.5252,77.2085,800,64,residential,True,2731929,10928,7007,256.4854,186.8887,320.1877,233.2536,-6.5429,10.8279,62,46,883,386.5957417438957,426.9970294730797,426.9970294730797,5119.272914900035,2011.0218852194664,2494.8060891571918,79.0,True,True,False,True,True,True,True,8,Morning,0,0,0,1,1,883.0,573.95,True,0,0.5
1007,Saket to Malviya Nagar,South,midpoint/locality administrative mapping,high,28.5252,77.2085,800,64,residential,True,2731929,10928,7007,256.4854,186.8887,320.1877,233.2536,-6.5429,10.8279,62,46,883,386.5957417438957,426.9970294730797,426.9970294730797,5119.272914900035,2011.0218852194664,2494.8060891571918,79.0,True,True,False,True,True,True,True,13,Day,0,0,0,0,0,883.0,485.65,True,0,0.5
1007,Saket to Malviya Nagar,South,midpoint/locality administrative mapping,high,28.5252,77.2085,800,64,residential,True,2731929,10928,7007,256.4854,186.8887,320.1877,233.2536,-6.5429,10.8279,62,46,883,386.5957417438957,426.9970294730797,426.9970294730797,5119.272914900035,2011.0218852194664,2494.8060891571918,79.0,True,True,False,True,True,True,True,13,Day,0,0,0,1,0,883.0,485.65,True,0,0.5
1007,Saket to Malviya Nagar,South,midpoint/locality administrative mapping,high,28.5252,77.2085,800,64,residential,True,2731929,10928,7007,256.4854,186.8887,320.1877,233.2536,-6.5429,10.8279,62,46,883,386.5957417438957,426.9970294730797,426.9970294730797,5119.272914900035,2011.0218852194664,2494.8060891571918,79.0,True,True,False,True,True,True,True,19,Evening,0,0,1,0,1,883.0,883.0,True,0,0.5
1007,Saket to Malviya Nagar,South,midpoint/locality administrative mapping,high,28.5252,77.2085,800,64,residential,True,2731929,10928,7007,256.4854,186.8887,320.1877,233.2536,-6.5429,10.8279,62,46,883,386.5957417438957,426.9970294730797,426.9970294730797,5119.272914900035,2011.0218852194664,2494.8060891571918,79.0,True,True,False,True,True,True,True,19,Evening,0,0,1,1,1,883.0,883.0,True,0,0.5
1007,Saket to Malviya Nagar,South,midpoint/locality administrative mapping,high,28.5252,77.2085,800,64,residential,True,2731929,10928,7007,256.4854,186.8887,320.1877,233.2536,-6.5429,10.8279,62,46,883,386.5957417438957,426.9970294730797,426.9970294730797,5119.272914900035,2011.0218852194664,2494.8060891571918,79.0,True,True,False,True,True,True,True,23,Night,1,0,0,0,0,883.0,309.05,True,1,1.0
1007,Saket to Malviya Nagar,South,midpoint/locality administrative mapping,high,28.5252,77.2085,800,64,residential,True,2731929,10928,7007,256.4854,186.8887,320.1877,233.2536,-6.5429,10.8279,62,46,883,386.5957417438957,426.9970294730797,426.9970294730797,5119.272914900035,2011.0218852194664,2494.8060891571918,79.0,True,True,False,True,True,True,True,23,Night,1,0,0,1,0,883.0,309.05,True,1,1.0
1007,Saket to Malviya Nagar,South,midpoint/locality administrative mapping,high,28.5252,77.2085,800,64,residential,True,2731929,10928,7007,256.4854,186.8887,320.1877,233.2536,-6.5429,10.8279,62,46,883,386.5957417438957,426.9970294730797,426.9970294730797,5119.272914900035,2011.0218852194664,2494.8060891571918,79.0,True,True,False,True,True,True,True,2,Late Night,1,1,0,0,0,883.0,176.6,True,1,1.0
1007,Saket to Malviya Nagar,South,midpoint/locality administrative mapping,high,28.5252,77.2085,800,64,residential,True,2731929,10928,7007,256.4854,186.8887,320.1877,233.2536,-6.5429,10.8279,62,46,883,386.5957417438957,426.9970294730797,426.9970294730797,5119.272914900035,2011.0218852194664,2494.8060891571918,79.0,True,True,False,True,True,True,True,2,Late Night,1,1,0,1,0,883.0,176.6,True,1,1.0
1008,Malviya Nagar to Hauz Khas,South,midpoint/locality administrative mapping,high,28.5388,77.2053,2600,208,secondary,True,2731929,10928,7007,256.4854,186.8887,320.1877,233.2536,-6.5429,10.8279,51,18,408,1283.4517857605208,1416.754421603849,1410.9570011401397,3792.8372757176144,503.1035991010155,3131.287821352369,79.0,False,True,False,True,True,True,True,8,Morning,0,0,0,0,1,408.0,265.2,True,0,0.5
1008,Malviya Nagar to Hauz Khas,South,midpoint/locality administrative mapping,high,28.5388,77.2053,2600,208,secondary,True,2731929,10928,7007,256.4854,186.8887,320.1877,233.2536,-6.5429,10.8279,51,18,408,1283.4517857605208,1416.754421603849,1410.9570011401397,3792.8372757176144,503.1035991010155,3131.287821352369,79.0,False,True,False,True,True,True,True,8,Morning,0,0,0,1,1,408.0,265.2,True,0,0.5
1008,Malviya Nagar to Hauz Khas,South,midpoint/locality administrative mapping,high,28.5388,77.2053,2600,208,secondary,True,2731929,10928,7007,256.4854,186.8887,320.1877,233.2536,-6.5429,10.8279,51,18,408,1283.4517857605208,1416.754421603849,1410.9570011401397,3792.8372757176144,503.1035991010155,3131.287821352369,79.0,False,True,False,True,True,True,True,13,Day,0,0,0,0,0,408.0,224.4,True,0,0.5
1008,Malviya Nagar to Hauz Khas,South,midpoint/locality administrative mapping,high,28.5388,77.2053,2600,208,secondary,True,2731929,10928,7007,256.4854,186.8887,320.1877,233.2536,-6.5429,10.8279,51,18,408,1283.4517857605208,1416.754421603849,1410.9570011401397,3792.8372757176144,503.1035991010155,3131.287821352369,79.0,False,True,False,True,True,True,True,13,Day,0,0,0,1,0,408.0,224.4,True,0,0.5
1008,Malviya Nagar to Hauz Khas,South,midpoint/locality administrative mapping,high,28.5388,77.2053,2600,208,secondary,True,2731929,10928,7007,256.4854,186.8887,320.1877,233.2536,-6.5429,10.8279,51,18,408,1283.4517857605208,1416.754421603849,1410.9570011401397,3792.8372757176144,503.1035991010155,3131.287821352369,79.0,False,True,False,True,True,True,True,19,Evening,0,0,1,0,1,408.0,408.0,True,0,0.5
1008,Malviya Nagar to Hauz Khas,South,midpoint/locality administrative mapping,high,28.5388,77.2053,2600,208,secondary,True,2731929,10928,7007,256.4854,186.8887,320.1877,233.2536,-6.5429,10.8279,51,18,408,1283.4517857605208,1416.754421603849,1410.9570011401397,3792.8372757176144,503.1035991010155,3131.287821352369,79.0,False,True,False,True,True,True,True,19,Evening,0,0,1,1,1,408.0,408.0,True,0,0.5
1008,Malviya Nagar to Hauz Khas,South,midpoint/locality administrative mapping,high,28.5388,77.2053,2600,208,secondary,True,2731929,10928,7007,256.4854,186.8887,320.1877,233.2536,-6.5429,10.8279,51,18,408,1283.4517857605208,1416.754421603849,1410.9570011401397,3792.8372757176144,503.1035991010155,3131.287821352369,79.0,False,True,False,True,True,True,True,23,Night,1,0,0,0,0,408.0,142.8,True,1,1.0
1008,Malviya Nagar to Hauz Khas,South,midpoint/locality administrative mapping,high,28.5388,77.2053,2600,208,secondary,True,2731929,10928,7007,256.4854,186.8887,320.1877,233.2536,-6.5429,10.8279,51,18,408,1283.4517857605208,1416.754421603849,1410.9570011401397,3792.8372757176144,503.1035991010155,3131.287821352369,79.0,False,True,False,True,True,True,True,23,Night,1,0,0,1,0,408.0,142.8,True,1,1.0
1008,Malviya Nagar to Hauz Khas,South,midpoint/locality administrative mapping,high,28.5388,77.2053,2600,208,secondary,True,2731929,10928,7007,256.4854,186.8887,320.1877,233.2536,-6.5429,10.8279,51,18,408,1283.4517857605208,1416.754421603849,1410.9570011401397,3792.8372757176144,503.1035991010155,3131.287821352369,79.0,False,True,False,True,True,True,True,2,Late Night,1,1,0,0,0,408.0,81.6,True,1,1.0
1008,Malviya Nagar to Hauz Khas,South,midpoint/locality administrative mapping,high,28.5388,77.2053,2600,208,secondary,True,2731929,10928,7007,256.4854,186.8887,320.1877,233.2536,-6.5429,10.8279,51,18,408,1283.4517857605208,1416.754421603849,1410.9570011401397,3792.8372757176144,503.1035991010155,3131.287821352369,79.0,False,True,False,True,True,True,True,2,Late Night,1,1,0,1,0,408.0,81.6,True,1,1.0
1009,Hauz Khas to AIIMS Ring Road,South,midpoint/locality administrative mapping,high,28.5583,77.20505,2100,168,primary,True,2731929,10928,7007,256.4854,186.8887,320.1877,233.2536,-6.5429,10.8279,79,67,4023,1101.4161060262352,1101.3981655521382,1040.28611716294,2053.309109685361,1149.605648295891,4977.453609764864,79.0,False,True,False,True,True,True,True,8,Morning,0,0,0,0,1,4023.0,2614.95,True,0,0.5
1009,Hauz Khas to AIIMS Ring Road,South,midpoint/locality administrative mapping,high,28.5583,77.20505,2100,168,primary,True,2731929,10928,7007,256.4854,186.8887,320.1877,233.2536,-6.5429,10.8279,79,67,4023,1101.4161060262352,1101.3981655521382,1040.28611716294,2053.309109685361,1149.605648295891,4977.453609764864,79.0,False,True,False,True,True,True,True,8,Morning,0,0,0,1,1,4023.0,2614.95,True,0,0.5
1009,Hauz Khas to AIIMS Ring Road,South,midpoint/locality administrative mapping,high,28.5583,77.20505,2100,168,primary,True,2731929,10928,7007,256.4854,186.8887,320.1877,233.2536,-6.5429,10.8279,79,67,4023,1101.4161060262352,1101.3981655521382,1040.28611716294,2053.309109685361,1149.605648295891,4977.453609764864,79.0,False,True,False,True,True,True,True,13,Day,0,0,0,0,0,4023.0,2212.65,True,0,0.5
1009,Hauz Khas to AIIMS Ring Road,South,midpoint/locality administrative mapping,high,28.5583,77.20505,2100,168,primary,True,2731929,10928,7007,256.4854,186.8887,320.1877,233.2536,-6.5429,10.8279,79,67,4023,1101.4161060262352,1101.3981655521382,1040.28611716294,2053.309109685361,1149.605648295891,4977.453609764864,79.0,False,True,False,True,True,True,True,13,Day,0,0,0,1,0,4023.0,2212.65,True,0,0.5
1009,Hauz Khas to AIIMS Ring Road,South,midpoint/locality administrative mapping,high,28.5583,77.20505,2100,168,primary,True,2731929,10928,7007,256.4854,186.8887,320.1877,233.2536,-6.5429,10.8279,79,67,4023,1101.4161060262352,1101.3981655521382,1040.28611716294,2053.309109685361,1149.605648295891,4977.453609764864,79.0,False,True,False,True,True,True,True,19,Evening,0,0,1,0,1,4023.0,4023.0,True,0,0.5
1009,Hauz Khas to AIIMS Ring Road,South,midpoint/locality administrative mapping,high,28.5583,77.20505,2100,168,primary,True,2731929,10928,7007,256.4854,186.8887,320.1877,233.2536,-6.5429,10.8279,79,67,4023,1101.4161060262352,1101.3981655521382,1040.28611716294,2053.309109685361,1149.605648295891,4977.453609764864,79.0,False,True,False,True,True,True,True,19,Evening,0,0,1,1,1,4023.0,4023.0,True,0,0.5
1009,Hauz Khas to AIIMS Ring Road,South,midpoint/locality administrative mapping,high,28.5583,77.20505,2100,168,primary,True,2731929,10928,7007,256.4854,186.8887,320.1877,233.2536,-6.5429,10.8279,79,67,4023,1101.4161060262352,1101.3981655521382,1040.28611716294,2053.309109685361,1149.605648295891,4977.453609764864,79.0,False,True,False,True,True,True,True,23,Night,1,0,0,0,0,4023.0,1408.05,True,1,1.0
1009,Hauz Khas to AIIMS Ring Road,South,midpoint/locality administrative mapping,high,28.5583,77.20505,2100,168,primary,True,2731929,10928,7007,256.4854,186.8887,320.1877,233.2536,-6.5429,10.8279,79,67,4023,1101.4161060262352,1101.3981655521382,1040.28611716294,2053.309109685361,1149.605648295891,4977.453609764864,79.0,False,True,False,True,True,True,True,23,Night,1,0,0,1,0,4023.0,1408.05,True,1,1.0
1009,Hauz Khas to AIIMS Ring Road,South,midpoint/locality administrative mapping,high,28.5583,77.20505,2100,168,primary,True,2731929,10928,7007,256.4854,186.8887,320.1877,233.2536,-6.5429,10.8279,79,67,4023,1101.4161060262352,1101.3981655521382,1040.28611716294,2053.309109685361,1149.605648295891,4977.453609764864,79.0,False,True,False,True,True,True,True,2,Late Night,1,1,0,0,0,4023.0,804.6,True,1,1.0
1009,Hauz Khas to AIIMS Ring Road,South,midpoint/locality administrative mapping,high,28.5583,77.20505,2100,168,primary,True,2731929,10928,7007,256.4854,186.8887,320.1877,233.2536,-6.5429,10.8279,79,67,4023,1101.4161060262352,1101.3981655521382,1040.28611716294,2053.309109685361,1149.605648295891,4977.453609764864,79.0,False,True,False,True,True,True,True,2,Late Night,1,1,0,1,0,4023.0,804.6,True,1,1.0
1010,AIIMS to Lajpat Nagar (Ring Road),South East,midpoint/locality administrative mapping,medium,28.5678,77.22614999999999,3200,256,trunk,True,2283000,22382,5845,256.0228,186.9665,319.8292,233.5149,-2.6,16.4164,98,72,2491,1578.568992406539,1578.5779771535515,1505.9816260380362,505.6336243066341,505.6336243066341,6100.512589540734,84.0,False,True,True,True,True,True,True,8,Morning,0,0,0,0,1,2491.0,1619.15,True,0,0.5
1010,AIIMS to Lajpat Nagar (Ring Road),South East,midpoint/locality administrative mapping,medium,28.5678,77.22614999999999,3200,256,trunk,True,2283000,22382,5845,256.0228,186.9665,319.8292,233.5149,-2.6,16.4164,98,72,2491,1578.568992406539,1578.5779771535515,1505.9816260380362,505.6336243066341,505.6336243066341,6100.512589540734,84.0,False,True,True,True,True,True,True,8,Morning,0,0,0,1,1,2491.0,1619.15,True,0,0.5
1010,AIIMS to Lajpat Nagar (Ring Road),South East,midpoint/locality administrative mapping,medium,28.5678,77.22614999999999,3200,256,trunk,True,2283000,22382,5845,256.0228,186.9665,319.8292,233.5149,-2.6,16.4164,98,72,2491,1578.568992406539,1578.5779771535515,1505.9816260380362,505.6336243066341,505.6336243066341,6100.512589540734,84.0,False,True,True,True,True,True,True,13,Day,0,0,0,0,0,2491.0,1370.05,True,0,0.5
1010,AIIMS to Lajpat Nagar (Ring Road),South East,midpoint/locality administrative mapping,medium,28.5678,77.22614999999999,3200,256,trunk,True,2283000,22382,5845,256.0228,186.9665,319.8292,233.5149,-2.6,16.4164,98,72,2491,1578.568992406539,1578.5779771535515,1505.9816260380362,505.6336243066341,505.6336243066341,6100.512589540734,84.0,False,True,True,True,True,True,True,13,Day,0,0,0,1,0,2491.0,1370.05,True,0,0.5
1010,AIIMS to Lajpat Nagar (Ring Road),South East,midpoint/locality administrative mapping,medium,28.5678,77.22614999999999,3200,256,trunk,True,2283000,22382,5845,256.0228,186.9665,319.8292,233.5149,-2.6,16.4164,98,72,2491,1578.568992406539,1578.5779771535515,1505.9816260380362,505.6336243066341,505.6336243066341,6100.512589540734,84.0,False,True,True,True,True,True,True,19,Evening,0,0,1,0,1,2491.0,2491.0,True,0,0.5
1010,AIIMS to Lajpat Nagar (Ring Road),South East,midpoint/locality administrative mapping,medium,28.5678,77.22614999999999,3200,256,trunk,True,2283000,22382,5845,256.0228,186.9665,319.8292,233.5149,-2.6,16.4164,98,72,2491,1578.568992406539,1578.5779771535515,1505.9816260380362,505.6336243066341,505.6336243066341,6100.512589540734,84.0,False,True,True,True,True,True,True,19,Evening,0,0,1,1,1,2491.0,2491.0,True,0,0.5
1010,AIIMS to Lajpat Nagar (Ring Road),South East,midpoint/locality administrative mapping,medium,28.5678,77.22614999999999,3200,256,trunk,True,2283000,22382,5845,256.0228,186.9665,319.8292,233.5149,-2.6,16.4164,98,72,2491,1578.568992406539,1578.5779771535515,1505.9816260380362,505.6336243066341,505.6336243066341,6100.512589540734,84.0,False,True,True,True,True,True,True,23,Night,1,0,0,0,0,2491.0,871.85,True,1,1.0
1010,AIIMS to Lajpat Nagar (Ring Road),South East,midpoint/locality administrative mapping,medium,28.5678,77.22614999999999,3200,256,trunk,True,2283000,22382,5845,256.0228,186.9665,319.8292,233.5149,-2.6,16.4164,98,72,2491,1578.568992406539,1578.5779771535515,1505.9816260380362,505.6336243066341,505.6336243066341,6100.512589540734,84.0,False,True,True,True,True,True,True,23,Night,1,0,0,1,0,2491.0,871.85,True,1,1.0
1010,AIIMS to Lajpat Nagar (Ring Road),South East,midpoint/locality administrative mapping,medium,28.5678,77.22614999999999,3200,256,trunk,True,2283000,22382,5845,256.0228,186.9665,319.8292,233.5149,-2.6,16.4164,98,72,2491,1578.568992406539,1578.5779771535515,1505.9816260380362,505.6336243066341,505.6336243066341,6100.512589540734,84.0,False,True,True,True,True,True,True,2,Late Night,1,1,0,0,0,2491.0,498.2,True,1,1.0
1010,AIIMS to Lajpat Nagar (Ring Road),South East,midpoint/locality administrative mapping,medium,28.5678,77.22614999999999,3200,256,trunk,True,2283000,22382,5845,256.0228,186.9665,319.8292,233.5149,-2.6,16.4164,98,72,2491,1578.568992406539,1578.5779771535515,1505.9816260380362,505.6336243066341,505.6336243066341,6100.512589540734,84.0,False,True,True,True,True,True,True,2,Late Night,1,1,0,1,0,2491.0,498.2,True,1,1.0
1011,Lajpat Nagar to Kalkaji,South East,midpoint/locality administrative mapping,high,28.55865,77.25055,2700,216,primary,True,2283000,22382,5845,256.0228,186.9665,319.8292,233.5149,-2.6,16.4164,93,60,2683,1350.7559653368787,2343.241841303212,1459.9210711254018,1228.5035712505503,1228.5035712505503,3789.415956390899,84.0,False,False,False,True,True,True,True,8,Morning,0,0,0,0,1,2683.0,1743.95,True,0,0.5
1011,Lajpat Nagar to Kalkaji,South East,midpoint/locality administrative mapping,high,28.55865,77.25055,2700,216,primary,True,2283000,22382,5845,256.0228,186.9665,319.8292,233.5149,-2.6,16.4164,93,60,2683,1350.7559653368787,2343.241841303212,1459.9210711254018,1228.5035712505503,1228.5035712505503,3789.415956390899,84.0,False,False,False,True,True,True,True,8,Morning,0,0,0,1,1,2683.0,1743.95,True,0,0.5
1011,Lajpat Nagar to Kalkaji,South East,midpoint/locality administrative mapping,high,28.55865,77.25055,2700,216,primary,True,2283000,22382,5845,256.0228,186.9665,319.8292,233.5149,-2.6,16.4164,93,60,2683,1350.7559653368787,2343.241841303212,1459.9210711254018,1228.5035712505503,1228.5035712505503,3789.415956390899,84.0,False,False,False,True,True,True,True,13,Day,0,0,0,0,0,2683.0,1475.65,True,0,0.5
1011,Lajpat Nagar to Kalkaji,South East,midpoint/locality administrative mapping,high,28.55865,77.25055,2700,216,primary,True,2283000,22382,5845,256.0228,186.9665,319.8292,233.5149,-2.6,16.4164,93,60,2683,1350.7559653368787,2343.241841303212,1459.9210711254018,1228.5035712505503,1228.5035712505503,3789.415956390899,84.0,False,False,False,True,True,True,True,13,Day,0,0,0,1,0,2683.0,1475.65,True,0,0.5
1011,Lajpat Nagar to Kalkaji,South East,midpoint/locality administrative mapping,high,28.55865,77.25055,2700,216,primary,True,2283000,22382,5845,256.0228,186.9665,319.8292,233.5149,-2.6,16.4164,93,60,2683,1350.7559653368787,2343.241841303212,1459.9210711254018,1228.5035712505503,1228.5035712505503,3789.415956390899,84.0,False,False,False,True,True,True,True,19,Evening,0,0,1,0,1,2683.0,2683.0,True,0,0.5
1011,Lajpat Nagar to Kalkaji,South East,midpoint/locality administrative mapping,high,28.55865,77.25055,2700,216,primary,True,2283000,22382,5845,256.0228,186.9665,319.8292,233.5149,-2.6,16.4164,93,60,2683,1350.7559653368787,2343.241841303212,1459.9210711254018,1228.5035712505503,1228.5035712505503,3789.415956390899,84.0,False,False,False,True,True,True,True,19,Evening,0,0,1,1,1,2683.0,2683.0,True,0,0.5
1011,Lajpat Nagar to Kalkaji,South East,midpoint/locality administrative mapping,high,28.55865,77.25055,2700,216,primary,True,2283000,22382,5845,256.0228,186.9665,319.8292,233.5149,-2.6,16.4164,93,60,2683,1350.7559653368787,2343.241841303212,1459.9210711254018,1228.5035712505503,1228.5035712505503,3789.415956390899,84.0,False,False,False,True,True,True,True,23,Night,1,0,0,0,0,2683.0,939.05,True,1,1.0
1011,Lajpat Nagar to Kalkaji,South East,midpoint/locality administrative mapping,high,28.55865,77.25055,2700,216,primary,True,2283000,22382,5845,256.0228,186.9665,319.8292,233.5149,-2.6,16.4164,93,60,2683,1350.7559653368787,2343.241841303212,1459.9210711254018,1228.5035712505503,1228.5035712505503,3789.415956390899,84.0,False,False,False,True,True,True,True,23,Night,1,0,0,1,0,2683.0,939.05,True,1,1.0
1011,Lajpat Nagar to Kalkaji,South East,midpoint/locality administrative mapping,high,28.55865,77.25055,2700,216,primary,True,2283000,22382,5845,256.0228,186.9665,319.8292,233.5149,-2.6,16.4164,93,60,2683,1350.7559653368787,2343.241841303212,1459.9210711254018,1228.5035712505503,1228.5035712505503,3789.415956390899,84.0,False,False,False,True,True,True,True,2,Late Night,1,1,0,0,0,2683.0,536.6,True,1,1.0
1011,Lajpat Nagar to Kalkaji,South East,midpoint/locality administrative mapping,high,28.55865,77.25055,2700,216,primary,True,2283000,22382,5845,256.0228,186.9665,319.8292,233.5149,-2.6,16.4164,93,60,2683,1350.7559653368787,2343.241841303212,1459.9210711254018,1228.5035712505503,1228.5035712505503,3789.415956390899,84.0,False,False,False,True,True,True,True,2,Late Night,1,1,0,1,0,2683.0,536.6,True,1,1.0
1012,Kalkaji to Okhla Industrial Area,South East,midpoint/locality administrative mapping,high,28.53935,77.26499999999999,2500,200,secondary,True,2283000,22382,5845,256.0228,186.9665,319.8292,233.5149,-2.6,16.4164,61,26,944,1222.4648156336448,1818.8002805314648,1818.8002805314648,3797.0168820180593,3797.0168820180593,1222.4920138909831,84.0,False,True,False,True,True,True,True,8,Morning,0,0,0,0,1,944.0,613.6,True,0,0.5
1012,Kalkaji to Okhla Industrial Area,South East,midpoint/locality administrative mapping,high,28.53935,77.26499999999999,2500,200,secondary,True,2283000,22382,5845,256.0228,186.9665,319.8292,233.5149,-2.6,16.4164,61,26,944,1222.4648156336448,1818.8002805314648,1818.8002805314648,3797.0168820180593,3797.0168820180593,1222.4920138909831,84.0,False,True,False,True,True,True,True,8,Morning,0,0,0,1,1,944.0,613.6,True,0,0.5
1012,Kalkaji to Okhla Industrial Area,South East,midpoint/locality administrative mapping,high,28.53935,77.26499999999999,2500,200,secondary,True,2283000,22382,5845,256.0228,186.9665,319.8292,233.5149,-2.6,16.4164,61,26,944,1222.4648156336448,1818.8002805314648,1818.8002805314648,3797.0168820180593,3797.0168820180593,1222.4920138909831,84.0,False,True,False,True,True,True,True,13,Day,0,0,0,0,0,944.0,519.2,True,0,0.5
1012,Kalkaji to Okhla Industrial Area,South East,midpoint/locality administrative mapping,high,28.53935,77.26499999999999,2500,200,secondary,True,2283000,22382,5845,256.0228,186.9665,319.8292,233.5149,-2.6,16.4164,61,26,944,1222.4648156336448,1818.8002805314648,1818.8002805314648,3797.0168820180593,3797.0168820180593,1222.4920138909831,84.0,False,True,False,True,True,True,True,13,Day,0,0,0,1,0,944.0,519.2,True,0,0.5
1012,Kalkaji to Okhla Industrial Area,South East,midpoint/locality administrative mapping,high,28.53935,77.26499999999999,2500,200,secondary,True,2283000,22382,5845,256.0228,186.9665,319.8292,233.5149,-2.6,16.4164,61,26,944,1222.4648156336448,1818.8002805314648,1818.8002805314648,3797.0168820180593,3797.0168820180593,1222.4920138909831,84.0,False,True,False,True,True,True,True,19,Evening,0,0,1,0,1,944.0,944.0,True,0,0.5
1012,Kalkaji to Okhla Industrial Area,South East,midpoint/locality administrative mapping,high,28.53935,77.26499999999999,2500,200,secondary,True,2283000,22382,5845,256.0228,186.9665,319.8292,233.5149,-2.6,16.4164,61,26,944,1222.4648156336448,1818.8002805314648,1818.8002805314648,3797.0168820180593,3797.0168820180593,1222.4920138909831,84.0,False,True,False,True,True,True,True,19,Evening,0,0,1,1,1,944.0,944.0,True,0,0.5
1012,Kalkaji to Okhla Industrial Area,South East,midpoint/locality administrative mapping,high,28.53935,77.26499999999999,2500,200,secondary,True,2283000,22382,5845,256.0228,186.9665,319.8292,233.5149,-2.6,16.4164,61,26,944,1222.4648156336448,1818.8002805314648,1818.8002805314648,3797.0168820180593,3797.0168820180593,1222.4920138909831,84.0,False,True,False,True,True,True,True,23,Night,1,0,0,0,0,944.0,330.4,True,1,1.0
1012,Kalkaji to Okhla Industrial Area,South East,midpoint/locality administrative mapping,high,28.53935,77.26499999999999,2500,200,secondary,True,2283000,22382,5845,256.0228,186.9665,319.8292,233.5149,-2.6,16.4164,61,26,944,1222.4648156336448,1818.8002805314648,1818.8002805314648,3797.0168820180593,3797.0168820180593,1222.4920138909831,84.0,False,True,False,True,True,True,True,23,Night,1,0,0,1,0,944.0,330.4,True,1,1.0
1012,Kalkaji to Okhla Industrial Area,South East,midpoint/locality administrative mapping,high,28.53935,77.26499999999999,2500,200,secondary,True,2283000,22382,5845,256.0228,186.9665,319.8292,233.5149,-2.6,16.4164,61,26,944,1222.4648156336448,1818.8002805314648,1818.8002805314648,3797.0168820180593,3797.0168820180593,1222.4920138909831,84.0,False,True,False,True,True,True,True,2,Late Night,1,1,0,0,0,944.0,188.8,True,1,1.0
1012,Kalkaji to Okhla Industrial Area,South East,midpoint/locality administrative mapping,high,28.53935,77.26499999999999,2500,200,secondary,True,2283000,22382,5845,256.0228,186.9665,319.8292,233.5149,-2.6,16.4164,61,26,944,1222.4648156336448,1818.8002805314648,1818.8002805314648,3797.0168820180593,3797.0168820180593,1222.4920138909831,84.0,False,True,False,True,True,True,True,2,Late Night,1,1,0,1,0,944.0,188.8,True,1,1.0
1013,AIIMS to RML Hospital (Sri Aurobindo Marg),South West,midpoint/locality administrative mapping,medium,28.59565,77.20625,6400,512,primary,True,2292958,5459,4743,206.8507,150.8483,258.4696,188.4349,-1.2286,8.9431,72,80,2220,1084.631075339318,2910.3078524021416,2910.3078524021416,2097.5011052175064,2097.5011052175064,5343.95967335928,88.0,False,False,False,True,True,True,True,8,Morning,0,0,0,0,1,2220.0,1443.0,True,0,0.5
1013,AIIMS to RML Hospital (Sri Aurobindo Marg),South West,midpoint/locality administrative mapping,medium,28.59565,77.20625,6400,512,primary,True,2292958,5459,4743,206.8507,150.8483,258.4696,188.4349,-1.2286,8.9431,72,80,2220,1084.631075339318,2910.3078524021416,2910.3078524021416,2097.5011052175064,2097.5011052175064,5343.95967335928,88.0,False,False,False,True,True,True,True,8,Morning,0,0,0,1,1,2220.0,1443.0,True,0,0.5
1013,AIIMS to RML Hospital (Sri Aurobindo Marg),South West,midpoint/locality administrative mapping,medium,28.59565,77.20625,6400,512,primary,True,2292958,5459,4743,206.8507,150.8483,258.4696,188.4349,-1.2286,8.9431,72,80,2220,1084.631075339318,2910.3078524021416,2910.3078524021416,2097.5011052175064,2097.5011052175064,5343.95967335928,88.0,False,False,False,True,True,True,True,13,Day,0,0,0,0,0,2220.0,1221.0,True,0,0.5
1013,AIIMS to RML Hospital (Sri Aurobindo Marg),South West,midpoint/locality administrative mapping,medium,28.59565,77.20625,6400,512,primary,True,2292958,5459,4743,206.8507,150.8483,258.4696,188.4349,-1.2286,8.9431,72,80,2220,1084.631075339318,2910.3078524021416,2910.3078524021416,2097.5011052175064,2097.5011052175064,5343.95967335928,88.0,False,False,False,True,True,True,True,13,Day,0,0,0,1,0,2220.0,1221.0,True,0,0.5
1013,AIIMS to RML Hospital (Sri Aurobindo Marg),South West,midpoint/locality administrative mapping,medium,28.59565,77.20625,6400,512,primary,True,2292958,5459,4743,206.8507,150.8483,258.4696,188.4349,-1.2286,8.9431,72,80,2220,1084.631075339318,2910.3078524021416,2910.3078524021416,2097.5011052175064,2097.5011052175064,5343.95967335928,88.0,False,False,False,True,True,True,True,19,Evening,0,0,1,0,1,2220.0,2220.0,True,0,0.5
1013,AIIMS to RML Hospital (Sri Aurobindo Marg),South West,midpoint/locality administrative mapping,medium,28.59565,77.20625,6400,512,primary,True,2292958,5459,4743,206.8507,150.8483,258.4696,188.4349,-1.2286,8.9431,72,80,2220,1084.631075339318,2910.3078524021416,2910.3078524021416,2097.5011052175064,2097.5011052175064,5343.95967335928,88.0,False,False,False,True,True,True,True,19,Evening,0,0,1,1,1,2220.0,2220.0,True,0,0.5
1013,AIIMS to RML Hospital (Sri Aurobindo Marg),South West,midpoint/locality administrative mapping,medium,28.59565,77.20625,6400,512,primary,True,2292958,5459,4743,206.8507,150.8483,258.4696,188.4349,-1.2286,8.9431,72,80,2220,1084.631075339318,2910.3078524021416,2910.3078524021416,2097.5011052175064,2097.5011052175064,5343.95967335928,88.0,False,False,False,True,True,True,True,23,Night,1,0,0,0,0,2220.0,777.0,True,1,1.0
1013,AIIMS to RML Hospital (Sri Aurobindo Marg),South West,midpoint/locality administrative mapping,medium,28.59565,77.20625,6400,512,primary,True,2292958,5459,4743,206.8507,150.8483,258.4696,188.4349,-1.2286,8.9431,72,80,2220,1084.631075339318,2910.3078524021416,2910.3078524021416,2097.5011052175064,2097.5011052175064,5343.95967335928,88.0,False,False,False,True,True,True,True,23,Night,1,0,0,1,0,2220.0,777.0,True,1,1.0
1013,AIIMS to RML Hospital (Sri Aurobindo Marg),South West,midpoint/locality administrative mapping,medium,28.59565,77.20625,6400,512,primary,True,2292958,5459,4743,206.8507,150.8483,258.4696,188.4349,-1.2286,8.9431,72,80,2220,1084.631075339318,2910.3078524021416,2910.3078524021416,2097.5011052175064,2097.5011052175064,5343.95967335928,88.0,False,False,False,True,True,True,True,2,Late Night,1,1,0,0,0,2220.0,444.0,True,1,1.0
1013,AIIMS to RML Hospital (Sri Aurobindo Marg),South West,midpoint/locality administrative mapping,medium,28.59565,77.20625,6400,512,primary,True,2292958,5459,4743,206.8507,150.8483,258.4696,188.4349,-1.2286,8.9431,72,80,2220,1084.631075339318,2910.3078524021416,2910.3078524021416,2097.5011052175064,2097.5011052175064,5343.95967335928,88.0,False,False,False,True,True,True,True,2,Late Night,1,1,0,1,0,2220.0,444.0,True,1,1.0
1014,RML to Connaught Place,New Delhi,midpoint/locality administrative mapping,high,28.6284,77.211,1900,152,primary,True,142004,4057,951,669.6994,499.8294,836.5257,623.9652,-0.4857,100.0,87,72,2494,478.48093658249473,957.545069750723,845.1950479536133,850.9092885728282,850.9092885728282,1675.0553949470518,88.0,True,True,True,True,True,True,True,8,Morning,0,0,0,0,1,2494.0,1621.1,True,0,0.5
1014,RML to Connaught Place,New Delhi,midpoint/locality administrative mapping,high,28.6284,77.211,1900,152,primary,True,142004,4057,951,669.6994,499.8294,836.5257,623.9652,-0.4857,100.0,87,72,2494,478.48093658249473,957.545069750723,845.1950479536133,850.9092885728282,850.9092885728282,1675.0553949470518,88.0,True,True,True,True,True,True,True,8,Morning,0,0,0,1,1,2494.0,1621.1,True,0,0.5
1014,RML to Connaught Place,New Delhi,midpoint/locality administrative mapping,high,28.6284,77.211,1900,152,primary,True,142004,4057,951,669.6994,499.8294,836.5257,623.9652,-0.4857,100.0,87,72,2494,478.48093658249473,957.545069750723,845.1950479536133,850.9092885728282,850.9092885728282,1675.0553949470518,88.0,True,True,True,True,True,True,True,13,Day,0,0,0,0,0,2494.0,1371.7,True,0,0.5
1014,RML to Connaught Place,New Delhi,midpoint/locality administrative mapping,high,28.6284,77.211,1900,152,primary,True,142004,4057,951,669.6994,499.8294,836.5257,623.9652,-0.4857,100.0,87,72,2494,478.48093658249473,957.545069750723,845.1950479536133,850.9092885728282,850.9092885728282,1675.0553949470518,88.0,True,True,True,True,True,True,True,13,Day,0,0,0,1,0,2494.0,1371.7,True,0,0.5
1014,RML to Connaught Place,New Delhi,midpoint/locality administrative mapping,high,28.6284,77.211,1900,152,primary,True,142004,4057,951,669.6994,499.8294,836.5257,623.9652,-0.4857,100.0,87,72,2494,478.48093658249473,957.545069750723,845.1950479536133,850.9092885728282,850.9092885728282,1675.0553949470518,88.0,True,True,True,True,True,True,True,19,Evening,0,0,1,0,1,2494.0,2494.0,True,0,0.5
1014,RML to Connaught Place,New Delhi,midpoint/locality administrative mapping,high,28.6284,77.211,1900,152,primary,True,142004,4057,951,669.6994,499.8294,836.5257,623.9652,-0.4857,100.0,87,72,2494,478.48093658249473,957.545069750723,845.1950479536133,850.9092885728282,850.9092885728282,1675.0553949470518,88.0,True,True,True,True,True,True,True,19,Evening,0,0,1,1,1,2494.0,2494.0,True,0,0.5
1014,RML to Connaught Place,New Delhi,midpoint/locality administrative mapping,high,28.6284,77.211,1900,152,primary,True,142004,4057,951,669.6994,499.8294,836.5257,623.9652,-0.4857,100.0,87,72,2494,478.48093658249473,957.545069750723,845.1950479536133,850.9092885728282,850.9092885728282,1675.0553949470518,88.0,True,True,True,True,True,True,True,23,Night,1,0,0,0,0,2494.0,872.9,True,1,1.0
1014,RML to Connaught Place,New Delhi,midpoint/locality administrative mapping,high,28.6284,77.211,1900,152,primary,True,142004,4057,951,669.6994,499.8294,836.5257,623.9652,-0.4857,100.0,87,72,2494,478.48093658249473,957.545069750723,845.1950479536133,850.9092885728282,850.9092885728282,1675.0553949470518,88.0,True,True,True,True,True,True,True,23,Night,1,0,0,1,0,2494.0,872.9,True,1,1.0
1014,RML to Connaught Place,New Delhi,midpoint/locality administrative mapping,high,28.6284,77.211,1900,152,primary,True,142004,4057,951,669.6994,499.8294,836.5257,623.9652,-0.4857,100.0,87,72,2494,478.48093658249473,957.545069750723,845.1950479536133,850.9092885728282,850.9092885728282,1675.0553949470518,88.0,True,True,True,True,True,True,True,2,Late Night,1,1,0,0,0,2494.0,498.8,True,1,1.0
1014,RML to Connaught Place,New Delhi,midpoint/locality administrative mapping,high,28.6284,77.211,1900,152,primary,True,142004,4057,951,669.6994,499.8294,836.5257,623.9652,-0.4857,100.0,87,72,2494,478.48093658249473,957.545069750723,845.1950479536133,850.9092885728282,850.9092885728282,1675.0553949470518,88.0,True,True,True,True,True,True,True,2,Late Night,1,1,0,1,0,2494.0,498.8,True,1,1.0
1015,Connaught Place to Karol Bagh,Central,midpoint/locality administrative mapping,medium,28.6421,77.20485,3300,264,primary,True,582320,23293,2052,352.3836,259.0023,439.8612,323.3808,-2.0571,35.8356,95,51,2192,920.605799198858,1550.5661119107306,1550.5661119107306,1561.5870531164833,1561.5870531164833,920.605799198858,88.0,True,True,False,True,True,True,True,8,Morning,0,0,0,0,1,2192.0,1424.8,True,0,0.5
1015,Connaught Place to Karol Bagh,Central,midpoint/locality administrative mapping,medium,28.6421,77.20485,3300,264,primary,True,582320,23293,2052,352.3836,259.0023,439.8612,323.3808,-2.0571,35.8356,95,51,2192,920.605799198858,1550.5661119107306,1550.5661119107306,1561.5870531164833,1561.5870531164833,920.605799198858,88.0,True,True,False,True,True,True,True,8,Morning,0,0,0,1,1,2192.0,1424.8,True,0,0.5
1015,Connaught Place to Karol Bagh,Central,midpoint/locality administrative mapping,medium,28.6421,77.20485,3300,264,primary,True,582320,23293,2052,352.3836,259.0023,439.8612,323.3808,-2.0571,35.8356,95,51,2192,920.605799198858,1550.5661119107306,1550.5661119107306,1561.5870531164833,1561.5870531164833,920.605799198858,88.0,True,True,False,True,True,True,True,13,Day,0,0,0,0,0,2192.0,1205.6,True,0,0.5
1015,Connaught Place to Karol Bagh,Central,midpoint/locality administrative mapping,medium,28.6421,77.20485,3300,264,primary,True,582320,23293,2052,352.3836,259.0023,439.8612,323.3808,-2.0571,35.8356,95,51,2192,920.605799198858,1550.5661119107306,1550.5661119107306,1561.5870531164833,1561.5870531164833,920.605799198858,88.0,True,True,False,True,True,True,True,13,Day,0,0,0,1,0,2192.0,1205.6,True,0,0.5
1015,Connaught Place to Karol Bagh,Central,midpoint/locality administrative mapping,medium,28.6421,77.20485,3300,264,primary,True,582320,23293,2052,352.3836,259.0023,439.8612,323.3808,-2.0571,35.8356,95,51,2192,920.605799198858,1550.5661119107306,1550.5661119107306,1561.5870531164833,1561.5870531164833,920.605799198858,88.0,True,True,False,True,True,True,True,19,Evening,0,0,1,0,1,2192.0,2192.0,True,0,0.5
1015,Connaught Place to Karol Bagh,Central,midpoint/locality administrative mapping,medium,28.6421,77.20485,3300,264,primary,True,582320,23293,2052,352.3836,259.0023,439.8612,323.3808,-2.0571,35.8356,95,51,2192,920.605799198858,1550.5661119107306,1550.5661119107306,1561.5870531164833,1561.5870531164833,920.605799198858,88.0,True,True,False,True,True,True,True,19,Evening,0,0,1,1,1,2192.0,2192.0,True,0,0.5
1015,Connaught Place to Karol Bagh,Central,midpoint/locality administrative mapping,medium,28.6421,77.20485,3300,264,primary,True,582320,23293,2052,352.3836,259.0023,439.8612,323.3808,-2.0571,35.8356,95,51,2192,920.605799198858,1550.5661119107306,1550.5661119107306,1561.5870531164833,1561.5870531164833,920.605799198858,88.0,True,True,False,True,True,True,True,23,Night,1,0,0,0,0,2192.0,767.2,True,1,1.0
1015,Connaught Place to Karol Bagh,Central,midpoint/locality administrative mapping,medium,28.6421,77.20485,3300,264,primary,True,582320,23293,2052,352.3836,259.0023,439.8612,323.3808,-2.0571,35.8356,95,51,2192,920.605799198858,1550.5661119107306,1550.5661119107306,1561.5870531164833,1561.5870531164833,920.605799198858,88.0,True,True,False,True,True,True,True,23,Night,1,0,0,1,0,2192.0,767.2,True,1,1.0
1015,Connaught Place to Karol Bagh,Central,midpoint/locality administrative mapping,medium,28.6421,77.20485,3300,264,primary,True,582320,23293,2052,352.3836,259.0023,439.8612,323.3808,-2.0571,35.8356,95,51,2192,920.605799198858,1550.5661119107306,1550.5661119107306,1561.5870531164833,1561.5870531164833,920.605799198858,88.0,True,True,False,True,True,True,True,2,Late Night,1,1,0,0,0,2192.0,438.4,True,1,1.0
1015,Connaught Place to Karol Bagh,Central,midpoint/locality administrative mapping,medium,28.6421,77.20485,3300,264,primary,True,582320,23293,2052,352.3836,259.0023,439.8612,323.3808,-2.0571,35.8356,95,51,2192,920.605799198858,1550.5661119107306,1550.5661119107306,1561.5870531164833,1561.5870531164833,920.605799198858,88.0,True,True,False,True,True,True,True,2,Late Night,1,1,0,1,0,2192.0,438.4,True,1,1.0
1016,Karol Bagh to Rajouri Garden,West,midpoint/locality administrative mapping,medium,28.6495,77.15585,7100,568,trunk,True,2543243,19715,6443,253.338,184.668,316.1554,230.4084,-7.5143,8.8522,81,58,2153,3315.894335509663,2290.380884612106,2290.380884612106,3490.7204594743525,3490.7204594743525,5736.96632219391,88.0,False,False,False,True,True,True,True,8,Morning,0,0,0,0,1,2153.0,1399.45,True,0,0.5
1016,Karol Bagh to Rajouri Garden,West,midpoint/locality administrative mapping,medium,28.6495,77.15585,7100,568,trunk,True,2543243,19715,6443,253.338,184.668,316.1554,230.4084,-7.5143,8.8522,81,58,2153,3315.894335509663,2290.380884612106,2290.380884612106,3490.7204594743525,3490.7204594743525,5736.96632219391,88.0,False,False,False,True,True,True,True,8,Morning,0,0,0,1,1,2153.0,1399.45,True,0,0.5
1016,Karol Bagh to Rajouri Garden,West,midpoint/locality administrative mapping,medium,28.6495,77.15585,7100,568,trunk,True,2543243,19715,6443,253.338,184.668,316.1554,230.4084,-7.5143,8.8522,81,58,2153,3315.894335509663,2290.380884612106,2290.380884612106,3490.7204594743525,3490.7204594743525,5736.96632219391,88.0,False,False,False,True,True,True,True,13,Day,0,0,0,0,0,2153.0,1184.15,True,0,0.5
1016,Karol Bagh to Rajouri Garden,West,midpoint/locality administrative mapping,medium,28.6495,77.15585,7100,568,trunk,True,2543243,19715,6443,253.338,184.668,316.1554,230.4084,-7.5143,8.8522,81,58,2153,3315.894335509663,2290.380884612106,2290.380884612106,3490.7204594743525,3490.7204594743525,5736.96632219391,88.0,False,False,False,True,True,True,True,13,Day,0,0,0,1,0,2153.0,1184.15,True,0,0.5
1016,Karol Bagh to Rajouri Garden,West,midpoint/locality administrative mapping,medium,28.6495,77.15585,7100,568,trunk,True,2543243,19715,6443,253.338,184.668,316.1554,230.4084,-7.5143,8.8522,81,58,2153,3315.894335509663,2290.380884612106,2290.380884612106,3490.7204594743525,3490.7204594743525,5736.96632219391,88.0,False,False,False,True,True,True,True,19,Evening,0,0,1,0,1,2153.0,2153.0,True,0,0.5
1016,Karol Bagh to Rajouri Garden,West,midpoint/locality administrative mapping,medium,28.6495,77.15585,7100,568,trunk,True,2543243,19715,6443,253.338,184.668,316.1554,230.4084,-7.5143,8.8522,81,58,2153,3315.894335509663,2290.380884612106,2290.380884612106,3490.7204594743525,3490.7204594743525,5736.96632219391,88.0,False,False,False,True,True,True,True,19,Evening,0,0,1,1,1,2153.0,2153.0,True,0,0.5
1016,Karol Bagh to Rajouri Garden,West,midpoint/locality administrative mapping,medium,28.6495,77.15585,7100,568,trunk,True,2543243,19715,6443,253.338,184.668,316.1554,230.4084,-7.5143,8.8522,81,58,2153,3315.894335509663,2290.380884612106,2290.380884612106,3490.7204594743525,3490.7204594743525,5736.96632219391,88.0,False,False,False,True,True,True,True,23,Night,1,0,0,0,0,2153.0,753.55,True,1,1.0
1016,Karol Bagh to Rajouri Garden,West,midpoint/locality administrative mapping,medium,28.6495,77.15585,7100,568,trunk,True,2543243,19715,6443,253.338,184.668,316.1554,230.4084,-7.5143,8.8522,81,58,2153,3315.894335509663,2290.380884612106,2290.380884612106,3490.7204594743525,3490.7204594743525,5736.96632219391,88.0,False,False,False,True,True,True,True,23,Night,1,0,0,1,0,2153.0,753.55,True,1,1.0
1016,Karol Bagh to Rajouri Garden,West,midpoint/locality administrative mapping,medium,28.6495,77.15585,7100,568,trunk,True,2543243,19715,6443,253.338,184.668,316.1554,230.4084,-7.5143,8.8522,81,58,2153,3315.894335509663,2290.380884612106,2290.380884612106,3490.7204594743525,3490.7204594743525,5736.96632219391,88.0,False,False,False,True,True,True,True,2,Late Night,1,1,0,0,0,2153.0,430.6,True,1,1.0
1016,Karol Bagh to Rajouri Garden,West,midpoint/locality administrative mapping,medium,28.6495,77.15585,7100,568,trunk,True,2543243,19715,6443,253.338,184.668,316.1554,230.4084,-7.5143,8.8522,81,58,2153,3315.894335509663,2290.380884612106,2290.380884612106,3490.7204594743525,3490.7204594743525,5736.96632219391,88.0,False,False,False,True,True,True,True,2,Late Night,1,1,0,1,0,2153.0,430.6,True,1,1.0
1017,Rajouri Garden to Janakpuri,West,midpoint/locality administrative mapping,high,28.63445,77.10445,4300,344,primary,True,2543243,19715,6443,253.338,184.668,316.1554,230.4084,-7.5143,8.8522,98,55,2866,824.4188836556191,1102.0439086838223,1102.0439086838223,8718.711889149541,8718.711889149541,8086.285629078208,85.0,True,True,False,True,True,True,True,8,Morning,0,0,0,0,1,2866.0,1862.9,True,0,0.5
1017,Rajouri Garden to Janakpuri,West,midpoint/locality administrative mapping,high,28.63445,77.10445,4300,344,primary,True,2543243,19715,6443,253.338,184.668,316.1554,230.4084,-7.5143,8.8522,98,55,2866,824.4188836556191,1102.0439086838223,1102.0439086838223,8718.711889149541,8718.711889149541,8086.285629078208,85.0,True,True,False,True,True,True,True,8,Morning,0,0,0,1,1,2866.0,1862.9,True,0,0.5
1017,Rajouri Garden to Janakpuri,West,midpoint/locality administrative mapping,high,28.63445,77.10445,4300,344,primary,True,2543243,19715,6443,253.338,184.668,316.1554,230.4084,-7.5143,8.8522,98,55,2866,824.4188836556191,1102.0439086838223,1102.0439086838223,8718.711889149541,8718.711889149541,8086.285629078208,85.0,True,True,False,True,True,True,True,13,Day,0,0,0,0,0,2866.0,1576.3,True,0,0.5
1017,Rajouri Garden to Janakpuri,West,midpoint/locality administrative mapping,high,28.63445,77.10445,4300,344,primary,True,2543243,19715,6443,253.338,184.668,316.1554,230.4084,-7.5143,8.8522,98,55,2866,824.4188836556191,1102.0439086838223,1102.0439086838223,8718.711889149541,8718.711889149541,8086.285629078208,85.0,True,True,False,True,True,True,True,13,Day,0,0,0,1,0,2866.0,1576.3,True,0,0.5
1017,Rajouri Garden to Janakpuri,West,midpoint/locality administrative mapping,high,28.63445,77.10445,4300,344,primary,True,2543243,19715,6443,253.338,184.668,316.1554,230.4084,-7.5143,8.8522,98,55,2866,824.4188836556191,1102.0439086838223,1102.0439086838223,8718.711889149541,8718.711889149541,8086.285629078208,85.0,True,True,False,True,True,True,True,19,Evening,0,0,1,0,1,2866.0,2866.0,True,0,0.5
1017,Rajouri Garden to Janakpuri,West,midpoint/locality administrative mapping,high,28.63445,77.10445,4300,344,primary,True,2543243,19715,6443,253.338,184.668,316.1554,230.4084,-7.5143,8.8522,98,55,2866,824.4188836556191,1102.0439086838223,1102.0439086838223,8718.711889149541,8718.711889149541,8086.285629078208,85.0,True,True,False,True,True,True,True,19,Evening,0,0,1,1,1,2866.0,2866.0,True,0,0.5
1017,Rajouri Garden to Janakpuri,West,midpoint/locality administrative mapping,high,28.63445,77.10445,4300,344,primary,True,2543243,19715,6443,253.338,184.668,316.1554,230.4084,-7.5143,8.8522,98,55,2866,824.4188836556191,1102.0439086838223,1102.0439086838223,8718.711889149541,8718.711889149541,8086.285629078208,85.0,True,True,False,True,True,True,True,23,Night,1,0,0,0,0,2866.0,1003.1,True,1,1.0
1017,Rajouri Garden to Janakpuri,West,midpoint/locality administrative mapping,high,28.63445,77.10445,4300,344,primary,True,2543243,19715,6443,253.338,184.668,316.1554,230.4084,-7.5143,8.8522,98,55,2866,824.4188836556191,1102.0439086838223,1102.0439086838223,8718.711889149541,8718.711889149541,8086.285629078208,85.0,True,True,False,True,True,True,True,23,Night,1,0,0,1,0,2866.0,1003.1,True,1,1.0
1017,Rajouri Garden to Janakpuri,West,midpoint/locality administrative mapping,high,28.63445,77.10445,4300,344,primary,True,2543243,19715,6443,253.338,184.668,316.1554,230.4084,-7.5143,8.8522,98,55,2866,824.4188836556191,1102.0439086838223,1102.0439086838223,8718.711889149541,8718.711889149541,8086.285629078208,85.0,True,True,False,True,True,True,True,2,Late Night,1,1,0,0,0,2866.0,573.2,True,1,1.0
1017,Rajouri Garden to Janakpuri,West,midpoint/locality administrative mapping,high,28.63445,77.10445,4300,344,primary,True,2543243,19715,6443,253.338,184.668,316.1554,230.4084,-7.5143,8.8522,98,55,2866,824.4188836556191,1102.0439086838223,1102.0439086838223,8718.711889149541,8718.711889149541,8086.285629078208,85.0,True,True,False,True,True,True,True,2,Late Night,1,1,0,1,0,2866.0,573.2,True,1,1.0
1018,Janakpuri to Dwarka Sec 23,South West,midpoint/locality administrative mapping,high,28.5888,77.07085000000001,8100,648,primary,True,2292958,5459,4743,206.8507,150.8483,258.4696,188.4349,-1.2286,8.9431,97,65,4139,3968.7062293698127,1342.1627508245456,1342.1627508245456,13719.578095403336,13665.67679103301,12210.538185679276,85.0,False,True,False,True,True,True,True,8,Morning,0,0,0,0,1,4139.0,2690.35,True,0,0.5
1018,Janakpuri to Dwarka Sec 23,South West,midpoint/locality administrative mapping,high,28.5888,77.07085000000001,8100,648,primary,True,2292958,5459,4743,206.8507,150.8483,258.4696,188.4349,-1.2286,8.9431,97,65,4139,3968.7062293698127,1342.1627508245456,1342.1627508245456,13719.578095403336,13665.67679103301,12210.538185679276,85.0,False,True,False,True,True,True,True,8,Morning,0,0,0,1,1,4139.0,2690.35,True,0,0.5
1018,Janakpuri to Dwarka Sec 23,South West,midpoint/locality administrative mapping,high,28.5888,77.07085000000001,8100,648,primary,True,2292958,5459,4743,206.8507,150.8483,258.4696,188.4349,-1.2286,8.9431,97,65,4139,3968.7062293698127,1342.1627508245456,1342.1627508245456,13719.578095403336,13665.67679103301,12210.538185679276,85.0,False,True,False,True,True,True,True,13,Day,0,0,0,0,0,4139.0,2276.45,True,0,0.5
1018,Janakpuri to Dwarka Sec 23,South West,midpoint/locality administrative mapping,high,28.5888,77.07085000000001,8100,648,primary,True,2292958,5459,4743,206.8507,150.8483,258.4696,188.4349,-1.2286,8.9431,97,65,4139,3968.7062293698127,1342.1627508245456,1342.1627508245456,13719.578095403336,13665.67679103301,12210.538185679276,85.0,False,True,False,True,True,True,True,13,Day,0,0,0,1,0,4139.0,2276.45,True,0,0.5
1018,Janakpuri to Dwarka Sec 23,South West,midpoint/locality administrative mapping,high,28.5888,77.07085000000001,8100,648,primary,True,2292958,5459,4743,206.8507,150.8483,258.4696,188.4349,-1.2286,8.9431,97,65,4139,3968.7062293698127,1342.1627508245456,1342.1627508245456,13719.578095403336,13665.67679103301,12210.538185679276,85.0,False,True,False,True,True,True,True,19,Evening,0,0,1,0,1,4139.0,4139.0,True,0,0.5
1018,Janakpuri to Dwarka Sec 23,South West,midpoint/locality administrative mapping,high,28.5888,77.07085000000001,8100,648,primary,True,2292958,5459,4743,206.8507,150.8483,258.4696,188.4349,-1.2286,8.9431,97,65,4139,3968.7062293698127,1342.1627508245456,1342.1627508245456,13719.578095403336,13665.67679103301,12210.538185679276,85.0,False,True,False,True,True,True,True,19,Evening,0,0,1,1,1,4139.0,4139.0,True,0,0.5
1018,Janakpuri to Dwarka Sec 23,South West,midpoint/locality administrative mapping,high,28.5888,77.07085000000001,8100,648,primary,True,2292958,5459,4743,206.8507,150.8483,258.4696,188.4349,-1.2286,8.9431,97,65,4139,3968.7062293698127,1342.1627508245456,1342.1627508245456,13719.578095403336,13665.67679103301,12210.538185679276,85.0,False,True,False,True,True,True,True,23,Night,1,0,0,0,0,4139.0,1448.65,True,1,1.0
1018,Janakpuri to Dwarka Sec 23,South West,midpoint/locality administrative mapping,high,28.5888,77.07085000000001,8100,648,primary,True,2292958,5459,4743,206.8507,150.8483,258.4696,188.4349,-1.2286,8.9431,97,65,4139,3968.7062293698127,1342.1627508245456,1342.1627508245456,13719.578095403336,13665.67679103301,12210.538185679276,85.0,False,True,False,True,True,True,True,23,Night,1,0,0,1,0,4139.0,1448.65,True,1,1.0
1018,Janakpuri to Dwarka Sec 23,South West,midpoint/locality administrative mapping,high,28.5888,77.07085000000001,8100,648,primary,True,2292958,5459,4743,206.8507,150.8483,258.4696,188.4349,-1.2286,8.9431,97,65,4139,3968.7062293698127,1342.1627508245456,1342.1627508245456,13719.578095403336,13665.67679103301,12210.538185679276,85.0,False,True,False,True,True,True,True,2,Late Night,1,1,0,0,0,4139.0,827.8,True,1,1.0
1018,Janakpuri to Dwarka Sec 23,South West,midpoint/locality administrative mapping,high,28.5888,77.07085000000001,8100,648,primary,True,2292958,5459,4743,206.8507,150.8483,258.4696,188.4349,-1.2286,8.9431,97,65,4139,3968.7062293698127,1342.1627508245456,1342.1627508245456,13719.578095403336,13665.67679103301,12210.538185679276,85.0,False,True,False,True,True,True,True,2,Late Night,1,1,0,1,0,4139.0,827.8,True,1,1.0
1019,CP to Daryaganj,Central,midpoint/locality administrative mapping,high,28.64045,77.22999999999999,2800,224,primary,True,582320,23293,2052,352.3836,259.0023,439.8612,323.3808,-2.0571,35.8356,100,62,2127,1338.8600414575765,1086.5647141591824,1086.5647141591824,1444.0948991418409,1309.3939679167331,1571.9253096448,88.0,False,True,False,True,True,True,True,8,Morning,0,0,0,0,1,2127.0,1382.55,True,0,0.5
1019,CP to Daryaganj,Central,midpoint/locality administrative mapping,high,28.64045,77.22999999999999,2800,224,primary,True,582320,23293,2052,352.3836,259.0023,439.8612,323.3808,-2.0571,35.8356,100,62,2127,1338.8600414575765,1086.5647141591824,1086.5647141591824,1444.0948991418409,1309.3939679167331,1571.9253096448,88.0,False,True,False,True,True,True,True,8,Morning,0,0,0,1,1,2127.0,1382.55,True,0,0.5
1019,CP to Daryaganj,Central,midpoint/locality administrative mapping,high,28.64045,77.22999999999999,2800,224,primary,True,582320,23293,2052,352.3836,259.0023,439.8612,323.3808,-2.0571,35.8356,100,62,2127,1338.8600414575765,1086.5647141591824,1086.5647141591824,1444.0948991418409,1309.3939679167331,1571.9253096448,88.0,False,True,False,True,True,True,True,13,Day,0,0,0,0,0,2127.0,1169.85,True,0,0.5
1019,CP to Daryaganj,Central,midpoint/locality administrative mapping,high,28.64045,77.22999999999999,2800,224,primary,True,582320,23293,2052,352.3836,259.0023,439.8612,323.3808,-2.0571,35.8356,100,62,2127,1338.8600414575765,1086.5647141591824,1086.5647141591824,1444.0948991418409,1309.3939679167331,1571.9253096448,88.0,False,True,False,True,True,True,True,13,Day,0,0,0,1,0,2127.0,1169.85,True,0,0.5
1019,CP to Daryaganj,Central,midpoint/locality administrative mapping,high,28.64045,77.22999999999999,2800,224,primary,True,582320,23293,2052,352.3836,259.0023,439.8612,323.3808,-2.0571,35.8356,100,62,2127,1338.8600414575765,1086.5647141591824,1086.5647141591824,1444.0948991418409,1309.3939679167331,1571.9253096448,88.0,False,True,False,True,True,True,True,19,Evening,0,0,1,0,1,2127.0,2127.0,True,0,0.5
1019,CP to Daryaganj,Central,midpoint/locality administrative mapping,high,28.64045,77.22999999999999,2800,224,primary,True,582320,23293,2052,352.3836,259.0023,439.8612,323.3808,-2.0571,35.8356,100,62,2127,1338.8600414575765,1086.5647141591824,1086.5647141591824,1444.0948991418409,1309.3939679167331,1571.9253096448,88.0,False,True,False,True,True,True,True,19,Evening,0,0,1,1,1,2127.0,2127.0,True,0,0.5
1019,CP to Daryaganj,Central,midpoint/locality administrative mapping,high,28.64045,77.22999999999999,2800,224,primary,True,582320,23293,2052,352.3836,259.0023,439.8612,323.3808,-2.0571,35.8356,100,62,2127,1338.8600414575765,1086.5647141591824,1086.5647141591824,1444.0948991418409,1309.3939679167331,1571.9253096448,88.0,False,True,False,True,True,True,True,23,Night,1,0,0,0,0,2127.0,744.45,True,1,1.0
1019,CP to Daryaganj,Central,midpoint/locality administrative mapping,high,28.64045,77.22999999999999,2800,224,primary,True,582320,23293,2052,352.3836,259.0023,439.8612,323.3808,-2.0571,35.8356,100,62,2127,1338.8600414575765,1086.5647141591824,1086.5647141591824,1444.0948991418409,1309.3939679167331,1571.9253096448,88.0,False,True,False,True,True,True,True,23,Night,1,0,0,1,0,2127.0,744.45,True,1,1.0
1019,CP to Daryaganj,Central,midpoint/locality administrative mapping,high,28.64045,77.22999999999999,2800,224,primary,True,582320,23293,2052,352.3836,259.0023,439.8612,323.3808,-2.0571,35.8356,100,62,2127,1338.8600414575765,1086.5647141591824,1086.5647141591824,1444.0948991418409,1309.3939679167331,1571.9253096448,88.0,False,True,False,True,True,True,True,2,Late Night,1,1,0,0,0,2127.0,425.4,True,1,1.0
1019,CP to Daryaganj,Central,midpoint/locality administrative mapping,high,28.64045,77.22999999999999,2800,224,primary,True,582320,23293,2052,352.3836,259.0023,439.8612,323.3808,-2.0571,35.8356,100,62,2127,1338.8600414575765,1086.5647141591824,1086.5647141591824,1444.0948991418409,1309.3939679167331,1571.9253096448,88.0,False,True,False,True,True,True,True,2,Late Night,1,1,0,1,0,2127.0,425.4,True,1,1.0
1020,Daryaganj to Kashmere Gate,North,midpoint/locality administrative mapping,medium,28.65735,77.2353,2300,184,primary,True,887978,14799,2583,290.8856,212.5678,363.3649,265.5221,-1.2286,25.0511,88,75,2859,419.9952799048112,1695.7139074849822,1695.7139074849822,501.3722696773286,501.3722696773286,2591.3091829093505,88.0,True,True,True,True,True,True,True,8,Morning,0,0,0,0,1,2859.0,1858.35,True,0,0.5
1020,Daryaganj to Kashmere Gate,North,midpoint/locality administrative mapping,medium,28.65735,77.2353,2300,184,primary,True,887978,14799,2583,290.8856,212.5678,363.3649,265.5221,-1.2286,25.0511,88,75,2859,419.9952799048112,1695.7139074849822,1695.7139074849822,501.3722696773286,501.3722696773286,2591.3091829093505,88.0,True,True,True,True,True,True,True,8,Morning,0,0,0,1,1,2859.0,1858.35,True,0,0.5
1020,Daryaganj to Kashmere Gate,North,midpoint/locality administrative mapping,medium,28.65735,77.2353,2300,184,primary,True,887978,14799,2583,290.8856,212.5678,363.3649,265.5221,-1.2286,25.0511,88,75,2859,419.9952799048112,1695.7139074849822,1695.7139074849822,501.3722696773286,501.3722696773286,2591.3091829093505,88.0,True,True,True,True,True,True,True,13,Day,0,0,0,0,0,2859.0,1572.45,True,0,0.5
1020,Daryaganj to Kashmere Gate,North,midpoint/locality administrative mapping,medium,28.65735,77.2353,2300,184,primary,True,887978,14799,2583,290.8856,212.5678,363.3649,265.5221,-1.2286,25.0511,88,75,2859,419.9952799048112,1695.7139074849822,1695.7139074849822,501.3722696773286,501.3722696773286,2591.3091829093505,88.0,True,True,True,True,True,True,True,13,Day,0,0,0,1,0,2859.0,1572.45,True,0,0.5
1020,Daryaganj to Kashmere Gate,North,midpoint/locality administrative mapping,medium,28.65735,77.2353,2300,184,primary,True,887978,14799,2583,290.8856,212.5678,363.3649,265.5221,-1.2286,25.0511,88,75,2859,419.9952799048112,1695.7139074849822,1695.7139074849822,501.3722696773286,501.3722696773286,2591.3091829093505,88.0,True,True,True,True,True,True,True,19,Evening,0,0,1,0,1,2859.0,2859.0,True,0,0.5
1020,Daryaganj to Kashmere Gate,North,midpoint/locality administrative mapping,medium,28.65735,77.2353,2300,184,primary,True,887978,14799,2583,290.8856,212.5678,363.3649,265.5221,-1.2286,25.0511,88,75,2859,419.9952799048112,1695.7139074849822,1695.7139074849822,501.3722696773286,501.3722696773286,2591.3091829093505,88.0,True,True,True,True,True,True,True,19,Evening,0,0,1,1,1,2859.0,2859.0,True,0,0.5
1020,Daryaganj to Kashmere Gate,North,midpoint/locality administrative mapping,medium,28.65735,77.2353,2300,184,primary,True,887978,14799,2583,290.8856,212.5678,363.3649,265.5221,-1.2286,25.0511,88,75,2859,419.9952799048112,1695.7139074849822,1695.7139074849822,501.3722696773286,501.3722696773286,2591.3091829093505,88.0,True,True,True,True,True,True,True,23,Night,1,0,0,0,0,2859.0,1000.65,True,1,1.0
1020,Daryaganj to Kashmere Gate,North,midpoint/locality administrative mapping,medium,28.65735,77.2353,2300,184,primary,True,887978,14799,2583,290.8856,212.5678,363.3649,265.5221,-1.2286,25.0511,88,75,2859,419.9952799048112,1695.7139074849822,1695.7139074849822,501.3722696773286,501.3722696773286,2591.3091829093505,88.0,True,True,True,True,True,True,True,23,Night,1,0,0,1,0,2859.0,1000.65,True,1,1.0
1020,Daryaganj to Kashmere Gate,North,midpoint/locality administrative mapping,medium,28.65735,77.2353,2300,184,primary,True,887978,14799,2583,290.8856,212.5678,363.3649,265.5221,-1.2286,25.0511,88,75,2859,419.9952799048112,1695.7139074849822,1695.7139074849822,501.3722696773286,501.3722696773286,2591.3091829093505,88.0,True,True,True,True,True,True,True,2,Late Night,1,1,0,0,0,2859.0,571.8,True,1,1.0
1020,Daryaganj to Kashmere Gate,North,midpoint/locality administrative mapping,medium,28.65735,77.2353,2300,184,primary,True,887978,14799,2583,290.8856,212.5678,363.3649,265.5221,-1.2286,25.0511,88,75,2859,419.9952799048112,1695.7139074849822,1695.7139074849822,501.3722696773286,501.3722696773286,2591.3091829093505,88.0,True,True,True,True,True,True,True,2,Late Night,1,1,0,1,0,2859.0,571.8,True,1,1.0
1021,Kashmere Gate to Civil Lines,North,midpoint/locality administrative mapping,high,28.67385,77.22625,1800,144,primary,True,887978,14799,2583,290.8856,212.5678,363.3649,265.5221,-1.2286,25.0511,90,69,3518,899.4536378262446,1118.4248675148615,1118.4248675148615,1934.647251767626,814.7919091285185,3605.233248968545,88.0,True,True,False,True,True,True,True,8,Morning,0,0,0,0,1,3518.0,2286.7,True,0,0.5
1021,Kashmere Gate to Civil Lines,North,midpoint/locality administrative mapping,high,28.67385,77.22625,1800,144,primary,True,887978,14799,2583,290.8856,212.5678,363.3649,265.5221,-1.2286,25.0511,90,69,3518,899.4536378262446,1118.4248675148615,1118.4248675148615,1934.647251767626,814.7919091285185,3605.233248968545,88.0,True,True,False,True,True,True,True,8,Morning,0,0,0,1,1,3518.0,2286.7,True,0,0.5
1021,Kashmere Gate to Civil Lines,North,midpoint/locality administrative mapping,high,28.67385,77.22625,1800,144,primary,True,887978,14799,2583,290.8856,212.5678,363.3649,265.5221,-1.2286,25.0511,90,69,3518,899.4536378262446,1118.4248675148615,1118.4248675148615,1934.647251767626,814.7919091285185,3605.233248968545,88.0,True,True,False,True,True,True,True,13,Day,0,0,0,0,0,3518.0,1934.9,True,0,0.5
1021,Kashmere Gate to Civil Lines,North,midpoint/locality administrative mapping,high,28.67385,77.22625,1800,144,primary,True,887978,14799,2583,290.8856,212.5678,363.3649,265.5221,-1.2286,25.0511,90,69,3518,899.4536378262446,1118.4248675148615,1118.4248675148615,1934.647251767626,814.7919091285185,3605.233248968545,88.0,True,True,False,True,True,True,True,13,Day,0,0,0,1,0,3518.0,1934.9,True,0,0.5
1021,Kashmere Gate to Civil Lines,North,midpoint/locality administrative mapping,high,28.67385,77.22625,1800,144,primary,True,887978,14799,2583,290.8856,212.5678,363.3649,265.5221,-1.2286,25.0511,90,69,3518,899.4536378262446,1118.4248675148615,1118.4248675148615,1934.647251767626,814.7919091285185,3605.233248968545,88.0,True,True,False,True,True,True,True,19,Evening,0,0,1,0,1,3518.0,3518.0,True,0,0.5
1021,Kashmere Gate to Civil Lines,North,midpoint/locality administrative mapping,high,28.67385,77.22625,1800,144,primary,True,887978,14799,2583,290.8856,212.5678,363.3649,265.5221,-1.2286,25.0511,90,69,3518,899.4536378262446,1118.4248675148615,1118.4248675148615,1934.647251767626,814.7919091285185,3605.233248968545,88.0,True,True,False,True,True,True,True,19,Evening,0,0,1,1,1,3518.0,3518.0,True,0,0.5
1021,Kashmere Gate to Civil Lines,North,midpoint/locality administrative mapping,high,28.67385,77.22625,1800,144,primary,True,887978,14799,2583,290.8856,212.5678,363.3649,265.5221,-1.2286,25.0511,90,69,3518,899.4536378262446,1118.4248675148615,1118.4248675148615,1934.647251767626,814.7919091285185,3605.233248968545,88.0,True,True,False,True,True,True,True,23,Night,1,0,0,0,0,3518.0,1231.3,True,1,1.0
1021,Kashmere Gate to Civil Lines,North,midpoint/locality administrative mapping,high,28.67385,77.22625,1800,144,primary,True,887978,14799,2583,290.8856,212.5678,363.3649,265.5221,-1.2286,25.0511,90,69,3518,899.4536378262446,1118.4248675148615,1118.4248675148615,1934.647251767626,814.7919091285185,3605.233248968545,88.0,True,True,False,True,True,True,True,23,Night,1,0,0,1,0,3518.0,1231.3,True,1,1.0
1021,Kashmere Gate to Civil Lines,North,midpoint/locality administrative mapping,high,28.67385,77.22625,1800,144,primary,True,887978,14799,2583,290.8856,212.5678,363.3649,265.5221,-1.2286,25.0511,90,69,3518,899.4536378262446,1118.4248675148615,1118.4248675148615,1934.647251767626,814.7919091285185,3605.233248968545,88.0,True,True,False,True,True,True,True,2,Late Night,1,1,0,0,0,3518.0,703.6,True,1,1.0
1021,Kashmere Gate to Civil Lines,North,midpoint/locality administrative mapping,high,28.67385,77.22625,1800,144,primary,True,887978,14799,2583,290.8856,212.5678,363.3649,265.5221,-1.2286,25.0511,90,69,3518,899.4536378262446,1118.4248675148615,1118.4248675148615,1934.647251767626,814.7919091285185,3605.233248968545,88.0,True,True,False,True,True,True,True,2,Late Night,1,1,0,1,0,3518.0,703.6,True,1,1.0
1022,Civil Lines to Model Town,North,midpoint/locality administrative mapping,medium,28.69185,77.20779999999999,3600,288,secondary,True,887978,14799,2583,290.8856,212.5678,363.3649,265.5221,-1.2286,25.0511,74,46,359,371.0033173497666,2240.3701566943887,2240.3701566943887,4468.235904329628,3472.061279030648,5445.550668722064,88.0,True,False,False,True,True,True,True,8,Morning,0,0,0,0,1,359.0,233.35,True,0,0.5
1022,Civil Lines to Model Town,North,midpoint/locality administrative mapping,medium,28.69185,77.20779999999999,3600,288,secondary,True,887978,14799,2583,290.8856,212.5678,363.3649,265.5221,-1.2286,25.0511,74,46,359,371.0033173497666,2240.3701566943887,2240.3701566943887,4468.235904329628,3472.061279030648,5445.550668722064,88.0,True,False,False,True,True,True,True,8,Morning,0,0,0,1,1,359.0,233.35,True,0,0.5
1022,Civil Lines to Model Town,North,midpoint/locality administrative mapping,medium,28.69185,77.20779999999999,3600,288,secondary,True,887978,14799,2583,290.8856,212.5678,363.3649,265.5221,-1.2286,25.0511,74,46,359,371.0033173497666,2240.3701566943887,2240.3701566943887,4468.235904329628,3472.061279030648,5445.550668722064,88.0,True,False,False,True,True,True,True,13,Day,0,0,0,0,0,359.0,197.45,True,0,0.5
1022,Civil Lines to Model Town,North,midpoint/locality administrative mapping,medium,28.69185,77.20779999999999,3600,288,secondary,True,887978,14799,2583,290.8856,212.5678,363.3649,265.5221,-1.2286,25.0511,74,46,359,371.0033173497666,2240.3701566943887,2240.3701566943887,4468.235904329628,3472.061279030648,5445.550668722064,88.0,True,False,False,True,True,True,True,13,Day,0,0,0,1,0,359.0,197.45,True,0,0.5
1022,Civil Lines to Model Town,North,midpoint/locality administrative mapping,medium,28.69185,77.20779999999999,3600,288,secondary,True,887978,14799,2583,290.8856,212.5678,363.3649,265.5221,-1.2286,25.0511,74,46,359,371.0033173497666,2240.3701566943887,2240.3701566943887,4468.235904329628,3472.061279030648,5445.550668722064,88.0,True,False,False,True,True,True,True,19,Evening,0,0,1,0,1,359.0,359.0,True,0,0.5
1022,Civil Lines to Model Town,North,midpoint/locality administrative mapping,medium,28.69185,77.20779999999999,3600,288,secondary,True,887978,14799,2583,290.8856,212.5678,363.3649,265.5221,-1.2286,25.0511,74,46,359,371.0033173497666,2240.3701566943887,2240.3701566943887,4468.235904329628,3472.061279030648,5445.550668722064,88.0,True,False,False,True,True,True,True,19,Evening,0,0,1,1,1,359.0,359.0,True,0,0.5
1022,Civil Lines to Model Town,North,midpoint/locality administrative mapping,medium,28.69185,77.20779999999999,3600,288,secondary,True,887978,14799,2583,290.8856,212.5678,363.3649,265.5221,-1.2286,25.0511,74,46,359,371.0033173497666,2240.3701566943887,2240.3701566943887,4468.235904329628,3472.061279030648,5445.550668722064,88.0,True,False,False,True,True,True,True,23,Night,1,0,0,0,0,359.0,125.65,True,1,1.0
1022,Civil Lines to Model Town,North,midpoint/locality administrative mapping,medium,28.69185,77.20779999999999,3600,288,secondary,True,887978,14799,2583,290.8856,212.5678,363.3649,265.5221,-1.2286,25.0511,74,46,359,371.0033173497666,2240.3701566943887,2240.3701566943887,4468.235904329628,3472.061279030648,5445.550668722064,88.0,True,False,False,True,True,True,True,23,Night,1,0,0,1,0,359.0,125.65,True,1,1.0
1022,Civil Lines to Model Town,North,midpoint/locality administrative mapping,medium,28.69185,77.20779999999999,3600,288,secondary,True,887978,14799,2583,290.8856,212.5678,363.3649,265.5221,-1.2286,25.0511,74,46,359,371.0033173497666,2240.3701566943887,2240.3701566943887,4468.235904329628,3472.061279030648,5445.550668722064,88.0,True,False,False,True,True,True,True,2,Late Night,1,1,0,0,0,359.0,71.8,True,1,1.0
1022,Civil Lines to Model Town,North,midpoint/locality administrative mapping,medium,28.69185,77.20779999999999,3600,288,secondary,True,887978,14799,2583,290.8856,212.5678,363.3649,265.5221,-1.2286,25.0511,74,46,359,371.0033173497666,2240.3701566943887,2240.3701566943887,4468.235904329628,3472.061279030648,5445.550668722064,88.0,True,False,False,True,True,True,True,2,Late Night,1,1,0,1,0,359.0,71.8,True,1,1.0
1023,Model Town to Shalimar Bagh,North West,midpoint/locality administrative mapping,medium,28.70895,77.17580000000001,3800,304,secondary,True,3656539,8310,9742,266.4268,194.0268,332.8995,242.3351,-2.8,18.0429,64,38,369,1842.2399278000412,5518.796343934491,5518.796343934491,6504.322349078504,6504.322349078504,8214.954275079734,88.0,False,False,False,True,True,True,True,8,Morning,0,0,0,0,1,369.0,239.85,True,0,0.5
1023,Model Town to Shalimar Bagh,North West,midpoint/locality administrative mapping,medium,28.70895,77.17580000000001,3800,304,secondary,True,3656539,8310,9742,266.4268,194.0268,332.8995,242.3351,-2.8,18.0429,64,38,369,1842.2399278000412,5518.796343934491,5518.796343934491,6504.322349078504,6504.322349078504,8214.954275079734,88.0,False,False,False,True,True,True,True,8,Morning,0,0,0,1,1,369.0,239.85,True,0,0.5
1023,Model Town to Shalimar Bagh,North West,midpoint/locality administrative mapping,medium,28.70895,77.17580000000001,3800,304,secondary,True,3656539,8310,9742,266.4268,194.0268,332.8995,242.3351,-2.8,18.0429,64,38,369,1842.2399278000412,5518.796343934491,5518.796343934491,6504.322349078504,6504.322349078504,8214.954275079734,88.0,False,False,False,True,True,True,True,13,Day,0,0,0,0,0,369.0,202.95,True,0,0.5
1023,Model Town to Shalimar Bagh,North West,midpoint/locality administrative mapping,medium,28.70895,77.17580000000001,3800,304,secondary,True,3656539,8310,9742,266.4268,194.0268,332.8995,242.3351,-2.8,18.0429,64,38,369,1842.2399278000412,5518.796343934491,5518.796343934491,6504.322349078504,6504.322349078504,8214.954275079734,88.0,False,False,False,True,True,True,True,13,Day,0,0,0,1,0,369.0,202.95,True,0,0.5
1023,Model Town to Shalimar Bagh,North West,midpoint/locality administrative mapping,medium,28.70895,77.17580000000001,3800,304,secondary,True,3656539,8310,9742,266.4268,194.0268,332.8995,242.3351,-2.8,18.0429,64,38,369,1842.2399278000412,5518.796343934491,5518.796343934491,6504.322349078504,6504.322349078504,8214.954275079734,88.0,False,False,False,True,True,True,True,19,Evening,0,0,1,0,1,369.0,369.0,True,0,0.5
1023,Model Town to Shalimar Bagh,North West,midpoint/locality administrative mapping,medium,28.70895,77.17580000000001,3800,304,secondary,True,3656539,8310,9742,266.4268,194.0268,332.8995,242.3351,-2.8,18.0429,64,38,369,1842.2399278000412,5518.796343934491,5518.796343934491,6504.322349078504,6504.322349078504,8214.954275079734,88.0,False,False,False,True,True,True,True,19,Evening,0,0,1,1,1,369.0,369.0,True,0,0.5
1023,Model Town to Shalimar Bagh,North West,midpoint/locality administrative mapping,medium,28.70895,77.17580000000001,3800,304,secondary,True,3656539,8310,9742,266.4268,194.0268,332.8995,242.3351,-2.8,18.0429,64,38,369,1842.2399278000412,5518.796343934491,5518.796343934491,6504.322349078504,6504.322349078504,8214.954275079734,88.0,False,False,False,True,True,True,True,23,Night,1,0,0,0,0,369.0,129.15,True,1,1.0
1023,Model Town to Shalimar Bagh,North West,midpoint/locality administrative mapping,medium,28.70895,77.17580000000001,3800,304,secondary,True,3656539,8310,9742,266.4268,194.0268,332.8995,242.3351,-2.8,18.0429,64,38,369,1842.2399278000412,5518.796343934491,5518.796343934491,6504.322349078504,6504.322349078504,8214.954275079734,88.0,False,False,False,True,True,True,True,23,Night,1,0,0,1,0,369.0,129.15,True,1,1.0
1023,Model Town to Shalimar Bagh,North West,midpoint/locality administrative mapping,medium,28.70895,77.17580000000001,3800,304,secondary,True,3656539,8310,9742,266.4268,194.0268,332.8995,242.3351,-2.8,18.0429,64,38,369,1842.2399278000412,5518.796343934491,5518.796343934491,6504.322349078504,6504.322349078504,8214.954275079734,88.0,False,False,False,True,True,True,True,2,Late Night,1,1,0,0,0,369.0,73.8,True,1,1.0
1023,Model Town to Shalimar Bagh,North West,midpoint/locality administrative mapping,medium,28.70895,77.17580000000001,3800,304,secondary,True,3656539,8310,9742,266.4268,194.0268,332.8995,242.3351,-2.8,18.0429,64,38,369,1842.2399278000412,5518.796343934491,5518.796343934491,6504.322349078504,6504.322349078504,8214.954275079734,88.0,False,False,False,True,True,True,True,2,Late Night,1,1,0,1,0,369.0,73.8,True,1,1.0
1024,Shalimar Bagh to Rohini Sec 18,North West,midpoint/locality administrative mapping,high,28.7258,77.14545,3300,264,secondary,True,3656539,8310,9742,266.4268,194.0268,332.8995,242.3351,-2.8,18.0429,54,18,1123,1712.226353757866,3193.9451745531337,3193.9451745531337,9345.399185679647,9345.399185679647,8394.31777128385,85.0,False,False,False,True,True,True,True,8,Morning,0,0,0,0,1,1123.0,729.95,True,0,0.5
1024,Shalimar Bagh to Rohini Sec 18,North West,midpoint/locality administrative mapping,high,28.7258,77.14545,3300,264,secondary,True,3656539,8310,9742,266.4268,194.0268,332.8995,242.3351,-2.8,18.0429,54,18,1123,1712.226353757866,3193.9451745531337,3193.9451745531337,9345.399185679647,9345.399185679647,8394.31777128385,85.0,False,False,False,True,True,True,True,8,Morning,0,0,0,1,1,1123.0,729.95,True,0,0.5
1024,Shalimar Bagh to Rohini Sec 18,North West,midpoint/locality administrative mapping,high,28.7258,77.14545,3300,264,secondary,True,3656539,8310,9742,266.4268,194.0268,332.8995,242.3351,-2.8,18.0429,54,18,1123,1712.226353757866,3193.9451745531337,3193.9451745531337,9345.399185679647,9345.399185679647,8394.31777128385,85.0,False,False,False,True,True,True,True,13,Day,0,0,0,0,0,1123.0,617.65,True,0,0.5
1024,Shalimar Bagh to Rohini Sec 18,North West,midpoint/locality administrative mapping,high,28.7258,77.14545,3300,264,secondary,True,3656539,8310,9742,266.4268,194.0268,332.8995,242.3351,-2.8,18.0429,54,18,1123,1712.226353757866,3193.9451745531337,3193.9451745531337,9345.399185679647,9345.399185679647,8394.31777128385,85.0,False,False,False,True,True,True,True,13,Day,0,0,0,1,0,1123.0,617.65,True,0,0.5
1024,Shalimar Bagh to Rohini Sec 18,North West,midpoint/locality administrative mapping,high,28.7258,77.14545,3300,264,secondary,True,3656539,8310,9742,266.4268,194.0268,332.8995,242.3351,-2.8,18.0429,54,18,1123,1712.226353757866,3193.9451745531337,3193.9451745531337,9345.399185679647,9345.399185679647,8394.31777128385,85.0,False,False,False,True,True,True,True,19,Evening,0,0,1,0,1,1123.0,1123.0,True,0,0.5
1024,Shalimar Bagh to Rohini Sec 18,North West,midpoint/locality administrative mapping,high,28.7258,77.14545,3300,264,secondary,True,3656539,8310,9742,266.4268,194.0268,332.8995,242.3351,-2.8,18.0429,54,18,1123,1712.226353757866,3193.9451745531337,3193.9451745531337,9345.399185679647,9345.399185679647,8394.31777128385,85.0,False,False,False,True,True,True,True,19,Evening,0,0,1,1,1,1123.0,1123.0,True,0,0.5
1024,Shalimar Bagh to Rohini Sec 18,North West,midpoint/locality administrative mapping,high,28.7258,77.14545,3300,264,secondary,True,3656539,8310,9742,266.4268,194.0268,332.8995,242.3351,-2.8,18.0429,54,18,1123,1712.226353757866,3193.9451745531337,3193.9451745531337,9345.399185679647,9345.399185679647,8394.31777128385,85.0,False,False,False,True,True,True,True,23,Night,1,0,0,0,0,1123.0,393.05,True,1,1.0
1024,Shalimar Bagh to Rohini Sec 18,North West,midpoint/locality administrative mapping,high,28.7258,77.14545,3300,264,secondary,True,3656539,8310,9742,266.4268,194.0268,332.8995,242.3351,-2.8,18.0429,54,18,1123,1712.226353757866,3193.9451745531337,3193.9451745531337,9345.399185679647,9345.399185679647,8394.31777128385,85.0,False,False,False,True,True,True,True,23,Night,1,0,0,1,0,1123.0,393.05,True,1,1.0
1024,Shalimar Bagh to Rohini Sec 18,North West,midpoint/locality administrative mapping,high,28.7258,77.14545,3300,264,secondary,True,3656539,8310,9742,266.4268,194.0268,332.8995,242.3351,-2.8,18.0429,54,18,1123,1712.226353757866,3193.9451745531337,3193.9451745531337,9345.399185679647,9345.399185679647,8394.31777128385,85.0,False,False,False,True,True,True,True,2,Late Night,1,1,0,0,0,1123.0,224.6,True,1,1.0
1024,Shalimar Bagh to Rohini Sec 18,North West,midpoint/locality administrative mapping,high,28.7258,77.14545,3300,264,secondary,True,3656539,8310,9742,266.4268,194.0268,332.8995,242.3351,-2.8,18.0429,54,18,1123,1712.226353757866,3193.9451745531337,3193.9451745531337,9345.399185679647,9345.399185679647,8394.31777128385,85.0,False,False,False,True,True,True,True,2,Late Night,1,1,0,1,0,1123.0,224.6,True,1,1.0
1025,Daryaganj to Preet Vihar (Vikas Marg),East,midpoint/locality administrative mapping,medium,28.64515,77.26785,5700,456,trunk,True,1709346,26708,4769,278.9956,203.6906,347.9986,254.0699,-7.2857,14.1166,80,72,3755,1867.184827727352,2811.6416080506965,2811.6416080506965,3895.577166551529,2310.35449506413,2596.956097785589,92.0,False,False,False,True,True,True,True,8,Morning,0,0,0,0,1,3755.0,2440.75,True,0,0.5
1025,Daryaganj to Preet Vihar (Vikas Marg),East,midpoint/locality administrative mapping,medium,28.64515,77.26785,5700,456,trunk,True,1709346,26708,4769,278.9956,203.6906,347.9986,254.0699,-7.2857,14.1166,80,72,3755,1867.184827727352,2811.6416080506965,2811.6416080506965,3895.577166551529,2310.35449506413,2596.956097785589,92.0,False,False,False,True,True,True,True,8,Morning,0,0,0,1,1,3755.0,2440.75,True,0,0.5
1025,Daryaganj to Preet Vihar (Vikas Marg),East,midpoint/locality administrative mapping,medium,28.64515,77.26785,5700,456,trunk,True,1709346,26708,4769,278.9956,203.6906,347.9986,254.0699,-7.2857,14.1166,80,72,3755,1867.184827727352,2811.6416080506965,2811.6416080506965,3895.577166551529,2310.35449506413,2596.956097785589,92.0,False,False,False,True,True,True,True,13,Day,0,0,0,0,0,3755.0,2065.25,True,0,0.5
1025,Daryaganj to Preet Vihar (Vikas Marg),East,midpoint/locality administrative mapping,medium,28.64515,77.26785,5700,456,trunk,True,1709346,26708,4769,278.9956,203.6906,347.9986,254.0699,-7.2857,14.1166,80,72,3755,1867.184827727352,2811.6416080506965,2811.6416080506965,3895.577166551529,2310.35449506413,2596.956097785589,92.0,False,False,False,True,True,True,True,13,Day,0,0,0,1,0,3755.0,2065.25,True,0,0.5
1025,Daryaganj to Preet Vihar (Vikas Marg),East,midpoint/locality administrative mapping,medium,28.64515,77.26785,5700,456,trunk,True,1709346,26708,4769,278.9956,203.6906,347.9986,254.0699,-7.2857,14.1166,80,72,3755,1867.184827727352,2811.6416080506965,2811.6416080506965,3895.577166551529,2310.35449506413,2596.956097785589,92.0,False,False,False,True,True,True,True,19,Evening,0,0,1,0,1,3755.0,3755.0,True,0,0.5
1025,Daryaganj to Preet Vihar (Vikas Marg),East,midpoint/locality administrative mapping,medium,28.64515,77.26785,5700,456,trunk,True,1709346,26708,4769,278.9956,203.6906,347.9986,254.0699,-7.2857,14.1166,80,72,3755,1867.184827727352,2811.6416080506965,2811.6416080506965,3895.577166551529,2310.35449506413,2596.956097785589,92.0,False,False,False,True,True,True,True,19,Evening,0,0,1,1,1,3755.0,3755.0,True,0,0.5
1025,Daryaganj to Preet Vihar (Vikas Marg),East,midpoint/locality administrative mapping,medium,28.64515,77.26785,5700,456,trunk,True,1709346,26708,4769,278.9956,203.6906,347.9986,254.0699,-7.2857,14.1166,80,72,3755,1867.184827727352,2811.6416080506965,2811.6416080506965,3895.577166551529,2310.35449506413,2596.956097785589,92.0,False,False,False,True,True,True,True,23,Night,1,0,0,0,0,3755.0,1314.25,True,1,1.0
1025,Daryaganj to Preet Vihar (Vikas Marg),East,midpoint/locality administrative mapping,medium,28.64515,77.26785,5700,456,trunk,True,1709346,26708,4769,278.9956,203.6906,347.9986,254.0699,-7.2857,14.1166,80,72,3755,1867.184827727352,2811.6416080506965,2811.6416080506965,3895.577166551529,2310.35449506413,2596.956097785589,92.0,False,False,False,True,True,True,True,23,Night,1,0,0,1,0,3755.0,1314.25,True,1,1.0
1025,Daryaganj to Preet Vihar (Vikas Marg),East,midpoint/locality administrative mapping,medium,28.64515,77.26785,5700,456,trunk,True,1709346,26708,4769,278.9956,203.6906,347.9986,254.0699,-7.2857,14.1166,80,72,3755,1867.184827727352,2811.6416080506965,2811.6416080506965,3895.577166551529,2310.35449506413,2596.956097785589,92.0,False,False,False,True,True,True,True,2,Late Night,1,1,0,0,0,3755.0,751.0,True,1,1.0
1025,Daryaganj to Preet Vihar (Vikas Marg),East,midpoint/locality administrative mapping,medium,28.64515,77.26785,5700,456,trunk,True,1709346,26708,4769,278.9956,203.6906,347.9986,254.0699,-7.2857,14.1166,80,72,3755,1867.184827727352,2811.6416080506965,2811.6416080506965,3895.577166551529,2310.35449506413,2596.956097785589,92.0,False,False,False,True,True,True,True,2,Late Night,1,1,0,1,0,3755.0,751.0,True,1,1.0
1026,Preet Vihar to Shahdara,East,midpoint/locality administrative mapping,medium,28.6573,77.29185,3400,272,primary,True,1709346,26708,4769,278.9956,203.6906,347.9986,254.0699,-7.2857,14.1166,87,72,3097,1721.4763765557398,3181.181301272154,3181.181301272154,6015.706556355491,4602.216766902573,2604.96940052512,92.0,False,False,False,True,True,True,True,8,Morning,0,0,0,0,1,3097.0,2013.05,True,0,0.5
1026,Preet Vihar to Shahdara,East,midpoint/locality administrative mapping,medium,28.6573,77.29185,3400,272,primary,True,1709346,26708,4769,278.9956,203.6906,347.9986,254.0699,-7.2857,14.1166,87,72,3097,1721.4763765557398,3181.181301272154,3181.181301272154,6015.706556355491,4602.216766902573,2604.96940052512,92.0,False,False,False,True,True,True,True,8,Morning,0,0,0,1,1,3097.0,2013.05,True,0,0.5
1026,Preet Vihar to Shahdara,East,midpoint/locality administrative mapping,medium,28.6573,77.29185,3400,272,primary,True,1709346,26708,4769,278.9956,203.6906,347.9986,254.0699,-7.2857,14.1166,87,72,3097,1721.4763765557398,3181.181301272154,3181.181301272154,6015.706556355491,4602.216766902573,2604.96940052512,92.0,False,False,False,True,True,True,True,13,Day,0,0,0,0,0,3097.0,1703.35,True,0,0.5
1026,Preet Vihar to Shahdara,East,midpoint/locality administrative mapping,medium,28.6573,77.29185,3400,272,primary,True,1709346,26708,4769,278.9956,203.6906,347.9986,254.0699,-7.2857,14.1166,87,72,3097,1721.4763765557398,3181.181301272154,3181.181301272154,6015.706556355491,4602.216766902573,2604.96940052512,92.0,False,False,False,True,True,True,True,13,Day,0,0,0,1,0,3097.0,1703.35,True,0,0.5
1026,Preet Vihar to Shahdara,East,midpoint/locality administrative mapping,medium,28.6573,77.29185,3400,272,primary,True,1709346,26708,4769,278.9956,203.6906,347.9986,254.0699,-7.2857,14.1166,87,72,3097,1721.4763765557398,3181.181301272154,3181.181301272154,6015.706556355491,4602.216766902573,2604.96940052512,92.0,False,False,False,True,True,True,True,19,Evening,0,0,1,0,1,3097.0,3097.0,True,0,0.5
1026,Preet Vihar to Shahdara,East,midpoint/locality administrative mapping,medium,28.6573,77.29185,3400,272,primary,True,1709346,26708,4769,278.9956,203.6906,347.9986,254.0699,-7.2857,14.1166,87,72,3097,1721.4763765557398,3181.181301272154,3181.181301272154,6015.706556355491,4602.216766902573,2604.96940052512,92.0,False,False,False,True,True,True,True,19,Evening,0,0,1,1,1,3097.0,3097.0,True,0,0.5
1026,Preet Vihar to Shahdara,East,midpoint/locality administrative mapping,medium,28.6573,77.29185,3400,272,primary,True,1709346,26708,4769,278.9956,203.6906,347.9986,254.0699,-7.2857,14.1166,87,72,3097,1721.4763765557398,3181.181301272154,3181.181301272154,6015.706556355491,4602.216766902573,2604.96940052512,92.0,False,False,False,True,True,True,True,23,Night,1,0,0,0,0,3097.0,1083.95,True,1,1.0
1026,Preet Vihar to Shahdara,East,midpoint/locality administrative mapping,medium,28.6573,77.29185,3400,272,primary,True,1709346,26708,4769,278.9956,203.6906,347.9986,254.0699,-7.2857,14.1166,87,72,3097,1721.4763765557398,3181.181301272154,3181.181301272154,6015.706556355491,4602.216766902573,2604.96940052512,92.0,False,False,False,True,True,True,True,23,Night,1,0,0,1,0,3097.0,1083.95,True,1,1.0
1026,Preet Vihar to Shahdara,East,midpoint/locality administrative mapping,medium,28.6573,77.29185,3400,272,primary,True,1709346,26708,4769,278.9956,203.6906,347.9986,254.0699,-7.2857,14.1166,87,72,3097,1721.4763765557398,3181.181301272154,3181.181301272154,6015.706556355491,4602.216766902573,2604.96940052512,92.0,False,False,False,True,True,True,True,2,Late Night,1,1,0,0,0,3097.0,619.4,True,1,1.0
1026,Preet Vihar to Shahdara,East,midpoint/locality administrative mapping,medium,28.6573,77.29185,3400,272,primary,True,1709346,26708,4769,278.9956,203.6906,347.9986,254.0699,-7.2857,14.1166,87,72,3097,1721.4763765557398,3181.181301272154,3181.181301272154,6015.706556355491,4602.216766902573,2604.96940052512,92.0,False,False,False,True,True,True,True,2,Late Night,1,1,0,1,0,3097.0,619.4,True,1,1.0
1027,Shahdara to Seelampur,North East,midpoint/locality administrative mapping,medium,28.6705,77.27844999999999,2100,168,secondary,True,2241624,36155,5312,236.9711,172.603,295.7633,215.3711,-5.7714,8.1898,47,34,794,1005.390067279368,3528.12065858226,3528.12065858226,4948.000599999725,3889.804118610865,1005.408318836458,92.0,False,False,False,True,True,True,True,8,Morning,0,0,0,0,1,794.0,516.1,True,0,0.5
1027,Shahdara to Seelampur,North East,midpoint/locality administrative mapping,medium,28.6705,77.27844999999999,2100,168,secondary,True,2241624,36155,5312,236.9711,172.603,295.7633,215.3711,-5.7714,8.1898,47,34,794,1005.390067279368,3528.12065858226,3528.12065858226,4948.000599999725,3889.804118610865,1005.408318836458,92.0,False,False,False,True,True,True,True,8,Morning,0,0,0,1,1,794.0,516.1,True,0,0.5
1027,Shahdara to Seelampur,North East,midpoint/locality administrative mapping,medium,28.6705,77.27844999999999,2100,168,secondary,True,2241624,36155,5312,236.9711,172.603,295.7633,215.3711,-5.7714,8.1898,47,34,794,1005.390067279368,3528.12065858226,3528.12065858226,4948.000599999725,3889.804118610865,1005.408318836458,92.0,False,False,False,True,True,True,True,13,Day,0,0,0,0,0,794.0,436.7,True,0,0.5
1027,Shahdara to Seelampur,North East,midpoint/locality administrative mapping,medium,28.6705,77.27844999999999,2100,168,secondary,True,2241624,36155,5312,236.9711,172.603,295.7633,215.3711,-5.7714,8.1898,47,34,794,1005.390067279368,3528.12065858226,3528.12065858226,4948.000599999725,3889.804118610865,1005.408318836458,92.0,False,False,False,True,True,True,True,13,Day,0,0,0,1,0,794.0,436.7,True,0,0.5
1027,Shahdara to Seelampur,North East,midpoint/locality administrative mapping,medium,28.6705,77.27844999999999,2100,168,secondary,True,2241624,36155,5312,236.9711,172.603,295.7633,215.3711,-5.7714,8.1898,47,34,794,1005.390067279368,3528.12065858226,3528.12065858226,4948.000599999725,3889.804118610865,1005.408318836458,92.0,False,False,False,True,True,True,True,19,Evening,0,0,1,0,1,794.0,794.0,True,0,0.5
1027,Shahdara to Seelampur,North East,midpoint/locality administrative mapping,medium,28.6705,77.27844999999999,2100,168,secondary,True,2241624,36155,5312,236.9711,172.603,295.7633,215.3711,-5.7714,8.1898,47,34,794,1005.390067279368,3528.12065858226,3528.12065858226,4948.000599999725,3889.804118610865,1005.408318836458,92.0,False,False,False,True,True,True,True,19,Evening,0,0,1,1,1,794.0,794.0,True,0,0.5
1027,Shahdara to Seelampur,North East,midpoint/locality administrative mapping,medium,28.6705,77.27844999999999,2100,168,secondary,True,2241624,36155,5312,236.9711,172.603,295.7633,215.3711,-5.7714,8.1898,47,34,794,1005.390067279368,3528.12065858226,3528.12065858226,4948.000599999725,3889.804118610865,1005.408318836458,92.0,False,False,False,True,True,True,True,23,Night,1,0,0,0,0,794.0,277.9,True,1,1.0
1027,Shahdara to Seelampur,North East,midpoint/locality administrative mapping,medium,28.6705,77.27844999999999,2100,168,secondary,True,2241624,36155,5312,236.9711,172.603,295.7633,215.3711,-5.7714,8.1898,47,34,794,1005.390067279368,3528.12065858226,3528.12065858226,4948.000599999725,3889.804118610865,1005.408318836458,92.0,False,False,False,True,True,True,True,23,Night,1,0,0,1,0,794.0,277.9,True,1,1.0
1027,Shahdara to Seelampur,North East,midpoint/locality administrative mapping,medium,28.6705,77.27844999999999,2100,168,secondary,True,2241624,36155,5312,236.9711,172.603,295.7633,215.3711,-5.7714,8.1898,47,34,794,1005.390067279368,3528.12065858226,3528.12065858226,4948.000599999725,3889.804118610865,1005.408318836458,92.0,False,False,False,True,True,True,True,2,Late Night,1,1,0,0,0,794.0,158.8,True,1,1.0
1027,Shahdara to Seelampur,North East,midpoint/locality administrative mapping,medium,28.6705,77.27844999999999,2100,168,secondary,True,2241624,36155,5312,236.9711,172.603,295.7633,215.3711,-5.7714,8.1898,47,34,794,1005.390067279368,3528.12065858226,3528.12065858226,4948.000599999725,3889.804118610865,1005.408318836458,92.0,False,False,False,True,True,True,True,2,Late Night,1,1,0,1,0,794.0,158.8,True,1,1.0
1028,Seelampur to Nand Nagri,North East,midpoint/locality administrative mapping,high,28.6835,77.28545,4700,376,secondary,True,2241624,36155,5312,236.9711,172.603,295.7633,215.3711,-5.7714,8.1898,58,41,83,1258.8140686880931,2450.897686329507,2450.897686329507,6153.839279917016,5321.719732832264,2355.392868112787,86.0,False,False,False,True,True,True,True,8,Morning,0,0,0,0,1,83.0,53.95,True,0,0.5
1028,Seelampur to Nand Nagri,North East,midpoint/locality administrative mapping,high,28.6835,77.28545,4700,376,secondary,True,2241624,36155,5312,236.9711,172.603,295.7633,215.3711,-5.7714,8.1898,58,41,83,1258.8140686880931,2450.897686329507,2450.897686329507,6153.839279917016,5321.719732832264,2355.392868112787,86.0,False,False,False,True,True,True,True,8,Morning,0,0,0,1,1,83.0,53.95,True,0,0.5
1028,Seelampur to Nand Nagri,North East,midpoint/locality administrative mapping,high,28.6835,77.28545,4700,376,secondary,True,2241624,36155,5312,236.9711,172.603,295.7633,215.3711,-5.7714,8.1898,58,41,83,1258.8140686880931,2450.897686329507,2450.897686329507,6153.839279917016,5321.719732832264,2355.392868112787,86.0,False,False,False,True,True,True,True,13,Day,0,0,0,0,0,83.0,45.65,True,0,0.5
1028,Seelampur to Nand Nagri,North East,midpoint/locality administrative mapping,high,28.6835,77.28545,4700,376,secondary,True,2241624,36155,5312,236.9711,172.603,295.7633,215.3711,-5.7714,8.1898,58,41,83,1258.8140686880931,2450.897686329507,2450.897686329507,6153.839279917016,5321.719732832264,2355.392868112787,86.0,False,False,False,True,True,True,True,13,Day,0,0,0,1,0,83.0,45.65,True,0,0.5
1028,Seelampur to Nand Nagri,North East,midpoint/locality administrative mapping,high,28.6835,77.28545,4700,376,secondary,True,2241624,36155,5312,236.9711,172.603,295.7633,215.3711,-5.7714,8.1898,58,41,83,1258.8140686880931,2450.897686329507,2450.897686329507,6153.839279917016,5321.719732832264,2355.392868112787,86.0,False,False,False,True,True,True,True,19,Evening,0,0,1,0,1,83.0,83.0,True,0,0.5
1028,Seelampur to Nand Nagri,North East,midpoint/locality administrative mapping,high,28.6835,77.28545,4700,376,secondary,True,2241624,36155,5312,236.9711,172.603,295.7633,215.3711,-5.7714,8.1898,58,41,83,1258.8140686880931,2450.897686329507,2450.897686329507,6153.839279917016,5321.719732832264,2355.392868112787,86.0,False,False,False,True,True,True,True,19,Evening,0,0,1,1,1,83.0,83.0,True,0,0.5
1028,Seelampur to Nand Nagri,North East,midpoint/locality administrative mapping,high,28.6835,77.28545,4700,376,secondary,True,2241624,36155,5312,236.9711,172.603,295.7633,215.3711,-5.7714,8.1898,58,41,83,1258.8140686880931,2450.897686329507,2450.897686329507,6153.839279917016,5321.719732832264,2355.392868112787,86.0,False,False,False,True,True,True,True,23,Night,1,0,0,0,0,83.0,29.05,True,1,1.0
1028,Seelampur to Nand Nagri,North East,midpoint/locality administrative mapping,high,28.6835,77.28545,4700,376,secondary,True,2241624,36155,5312,236.9711,172.603,295.7633,215.3711,-5.7714,8.1898,58,41,83,1258.8140686880931,2450.897686329507,2450.897686329507,6153.839279917016,5321.719732832264,2355.392868112787,86.0,False,False,False,True,True,True,True,23,Night,1,0,0,1,0,83.0,29.05,True,1,1.0
1028,Seelampur to Nand Nagri,North East,midpoint/locality administrative mapping,high,28.6835,77.28545,4700,376,secondary,True,2241624,36155,5312,236.9711,172.603,295.7633,215.3711,-5.7714,8.1898,58,41,83,1258.8140686880931,2450.897686329507,2450.897686329507,6153.839279917016,5321.719732832264,2355.392868112787,86.0,False,False,False,True,True,True,True,2,Late Night,1,1,0,0,0,83.0,16.6,True,1,1.0
1028,Seelampur to Nand Nagri,North East,midpoint/locality administrative mapping,high,28.6835,77.28545,4700,376,secondary,True,2241624,36155,5312,236.9711,172.603,295.7633,215.3711,-5.7714,8.1898,58,41,83,1258.8140686880931,2450.897686329507,2450.897686329507,6153.839279917016,5321.719732832264,2355.392868112787,86.0,False,False,False,True,True,True,True,2,Late Night,1,1,0,1,0,83.0,16.6,True,1,1.0
1029,Lajpat Nagar to Mayur Vihar (DND Link),South East,midpoint/locality administrative mapping,medium,28.5884,77.2704,6800,544,trunk,True,2283000,22382,5845,256.0228,186.9665,319.8292,233.5149,-2.6,16.4164,95,71,3281,3531.5421694520314,2936.843817293756,2936.843817293756,3485.1941259688256,3485.1941259688256,6516.491117250378,84.0,False,False,False,True,True,True,True,8,Morning,0,0,0,0,1,3281.0,2132.65,True,0,0.5
1029,Lajpat Nagar to Mayur Vihar (DND Link),South East,midpoint/locality administrative mapping,medium,28.5884,77.2704,6800,544,trunk,True,2283000,22382,5845,256.0228,186.9665,319.8292,233.5149,-2.6,16.4164,95,71,3281,3531.5421694520314,2936.843817293756,2936.843817293756,3485.1941259688256,3485.1941259688256,6516.491117250378,84.0,False,False,False,True,True,True,True,8,Morning,0,0,0,1,1,3281.0,2132.65,True,0,0.5
1029,Lajpat Nagar to Mayur Vihar (DND Link),South East,midpoint/locality administrative mapping,medium,28.5884,77.2704,6800,544,trunk,True,2283000,22382,5845,256.0228,186.9665,319.8292,233.5149,-2.6,16.4164,95,71,3281,3531.5421694520314,2936.843817293756,2936.843817293756,3485.1941259688256,3485.1941259688256,6516.491117250378,84.0,False,False,False,True,True,True,True,13,Day,0,0,0,0,0,3281.0,1804.55,True,0,0.5
1029,Lajpat Nagar to Mayur Vihar (DND Link),South East,midpoint/locality administrative mapping,medium,28.5884,77.2704,6800,544,trunk,True,2283000,22382,5845,256.0228,186.9665,319.8292,233.5149,-2.6,16.4164,95,71,3281,3531.5421694520314,2936.843817293756,2936.843817293756,3485.1941259688256,3485.1941259688256,6516.491117250378,84.0,False,False,False,True,True,True,True,13,Day,0,0,0,1,0,3281.0,1804.55,True,0,0.5
1029,Lajpat Nagar to Mayur Vihar (DND Link),South East,midpoint/locality administrative mapping,medium,28.5884,77.2704,6800,544,trunk,True,2283000,22382,5845,256.0228,186.9665,319.8292,233.5149,-2.6,16.4164,95,71,3281,3531.5421694520314,2936.843817293756,2936.843817293756,3485.1941259688256,3485.1941259688256,6516.491117250378,84.0,False,False,False,True,True,True,True,19,Evening,0,0,1,0,1,3281.0,3281.0,True,0,0.5
1029,Lajpat Nagar to Mayur Vihar (DND Link),South East,midpoint/locality administrative mapping,medium,28.5884,77.2704,6800,544,trunk,True,2283000,22382,5845,256.0228,186.9665,319.8292,233.5149,-2.6,16.4164,95,71,3281,3531.5421694520314,2936.843817293756,2936.843817293756,3485.1941259688256,3485.1941259688256,6516.491117250378,84.0,False,False,False,True,True,True,True,19,Evening,0,0,1,1,1,3281.0,3281.0,True,0,0.5
1029,Lajpat Nagar to Mayur Vihar (DND Link),South East,midpoint/locality administrative mapping,medium,28.5884,77.2704,6800,544,trunk,True,2283000,22382,5845,256.0228,186.9665,319.8292,233.5149,-2.6,16.4164,95,71,3281,3531.5421694520314,2936.843817293756,2936.843817293756,3485.1941259688256,3485.1941259688256,6516.491117250378,84.0,False,False,False,True,True,True,True,23,Night,1,0,0,0,0,3281.0,1148.35,True,1,1.0
1029,Lajpat Nagar to Mayur Vihar (DND Link),South East,midpoint/locality administrative mapping,medium,28.5884,77.2704,6800,544,trunk,True,2283000,22382,5845,256.0228,186.9665,319.8292,233.5149,-2.6,16.4164,95,71,3281,3531.5421694520314,2936.843817293756,2936.843817293756,3485.1941259688256,3485.1941259688256,6516.491117250378,84.0,False,False,False,True,True,True,True,23,Night,1,0,0,1,0,3281.0,1148.35,True,1,1.0
1029,Lajpat Nagar to Mayur Vihar (DND Link),South East,midpoint/locality administrative mapping,medium,28.5884,77.2704,6800,544,trunk,True,2283000,22382,5845,256.0228,186.9665,319.8292,233.5149,-2.6,16.4164,95,71,3281,3531.5421694520314,2936.843817293756,2936.843817293756,3485.1941259688256,3485.1941259688256,6516.491117250378,84.0,False,False,False,True,True,True,True,2,Late Night,1,1,0,0,0,3281.0,656.2,True,1,1.0
1029,Lajpat Nagar to Mayur Vihar (DND Link),South East,midpoint/locality administrative mapping,medium,28.5884,77.2704,6800,544,trunk,True,2283000,22382,5845,256.0228,186.9665,319.8292,233.5149,-2.6,16.4164,95,71,3281,3531.5421694520314,2936.843817293756,2936.843817293756,3485.1941259688256,3485.1941259688256,6516.491117250378,84.0,False,False,False,True,True,True,True,2,Late Night,1,1,0,1,0,3281.0,656.2,True,1,1.0
1030,Okhla Ind Area to Sarita Vihar,South East,midpoint/locality administrative mapping,high,28.5355,77.27735,1800,144,secondary,True,2283000,22382,5845,256.0228,186.9665,319.8292,233.5149,-2.6,16.4164,38,22,635,873.3083623879686,873.2860050155721,873.2860050155721,4881.652623343888,4881.652623343888,873.3083623879686,84.0,True,True,False,True,True,True,True,8,Morning,0,0,0,0,1,635.0,412.75,True,0,0.5
1030,Okhla Ind Area to Sarita Vihar,South East,midpoint/locality administrative mapping,high,28.5355,77.27735,1800,144,secondary,True,2283000,22382,5845,256.0228,186.9665,319.8292,233.5149,-2.6,16.4164,38,22,635,873.3083623879686,873.2860050155721,873.2860050155721,4881.652623343888,4881.652623343888,873.3083623879686,84.0,True,True,False,True,True,True,True,8,Morning,0,0,0,1,1,635.0,412.75,True,0,0.5
1030,Okhla Ind Area to Sarita Vihar,South East,midpoint/locality administrative mapping,high,28.5355,77.27735,1800,144,secondary,True,2283000,22382,5845,256.0228,186.9665,319.8292,233.5149,-2.6,16.4164,38,22,635,873.3083623879686,873.2860050155721,873.2860050155721,4881.652623343888,4881.652623343888,873.3083623879686,84.0,True,True,False,True,True,True,True,13,Day,0,0,0,0,0,635.0,349.25,True,0,0.5
1030,Okhla Ind Area to Sarita Vihar,South East,midpoint/locality administrative mapping,high,28.5355,77.27735,1800,144,secondary,True,2283000,22382,5845,256.0228,186.9665,319.8292,233.5149,-2.6,16.4164,38,22,635,873.3083623879686,873.2860050155721,873.2860050155721,4881.652623343888,4881.652623343888,873.3083623879686,84.0,True,True,False,True,True,True,True,13,Day,0,0,0,1,0,635.0,349.25,True,0,0.5
1030,Okhla Ind Area to Sarita Vihar,South East,midpoint/locality administrative mapping,high,28.5355,77.27735,1800,144,secondary,True,2283000,22382,5845,256.0228,186.9665,319.8292,233.5149,-2.6,16.4164,38,22,635,873.3083623879686,873.2860050155721,873.2860050155721,4881.652623343888,4881.652623343888,873.3083623879686,84.0,True,True,False,True,True,True,True,19,Evening,0,0,1,0,1,635.0,635.0,True,0,0.5
1030,Okhla Ind Area to Sarita Vihar,South East,midpoint/locality administrative mapping,high,28.5355,77.27735,1800,144,secondary,True,2283000,22382,5845,256.0228,186.9665,319.8292,233.5149,-2.6,16.4164,38,22,635,873.3083623879686,873.2860050155721,873.2860050155721,4881.652623343888,4881.652623343888,873.3083623879686,84.0,True,True,False,True,True,True,True,19,Evening,0,0,1,1,1,635.0,635.0,True,0,0.5
1030,Okhla Ind Area to Sarita Vihar,South East,midpoint/locality administrative mapping,high,28.5355,77.27735,1800,144,secondary,True,2283000,22382,5845,256.0228,186.9665,319.8292,233.5149,-2.6,16.4164,38,22,635,873.3083623879686,873.2860050155721,873.2860050155721,4881.652623343888,4881.652623343888,873.3083623879686,84.0,True,True,False,True,True,True,True,23,Night,1,0,0,0,0,635.0,222.25,True,1,1.0
1030,Okhla Ind Area to Sarita Vihar,South East,midpoint/locality administrative mapping,high,28.5355,77.27735,1800,144,secondary,True,2283000,22382,5845,256.0228,186.9665,319.8292,233.5149,-2.6,16.4164,38,22,635,873.3083623879686,873.2860050155721,873.2860050155721,4881.652623343888,4881.652623343888,873.3083623879686,84.0,True,True,False,True,True,True,True,23,Night,1,0,0,1,0,635.0,222.25,True,1,1.0
1030,Okhla Ind Area to Sarita Vihar,South East,midpoint/locality administrative mapping,high,28.5355,77.27735,1800,144,secondary,True,2283000,22382,5845,256.0228,186.9665,319.8292,233.5149,-2.6,16.4164,38,22,635,873.3083623879686,873.2860050155721,873.2860050155721,4881.652623343888,4881.652623343888,873.3083623879686,84.0,True,True,False,True,True,True,True,2,Late Night,1,1,0,0,0,635.0,127.0,True,1,1.0
1030,Okhla Ind Area to Sarita Vihar,South East,midpoint/locality administrative mapping,high,28.5355,77.27735,1800,144,secondary,True,2283000,22382,5845,256.0228,186.9665,319.8292,233.5149,-2.6,16.4164,38,22,635,873.3083623879686,873.2860050155721,873.2860050155721,4881.652623343888,4881.652623343888,873.3083623879686,84.0,True,True,False,True,True,True,True,2,Late Night,1,1,0,1,0,635.0,127.0,True,1,1.0
