segment_id,segment_name,district,time_period,is_weekend,model_risk_score,target_risk_score,risk_band,top_feature_1,top_feature_1_shap,top_feature_2,top_feature_2_shap,top_feature_3,top_feature_3_shap,top_feature_4,top_feature_4_shap,top_feature_5,top_feature_5_shap,explanation
1001,Connaught Place to Janpath,New Delhi,Morning,0,48.8103,46.3439,Moderate,distance_m,8.6677,reduced_activity_context,-5.2253,footfall_proxy,4.8537,distance_to_public_toilet_m,4.3972,cctv_coverage_score,1.727,distance_m increased risk (+8.67); reduced_activity_context reduced risk (-5.23); footfall_proxy increased risk (+4.85); distance_to_public_toilet_m increased risk (+4.40); cctv_coverage_score increased risk (+1.73)
1001,Connaught Place to Janpath,New Delhi,Morning,1,48.8103,51.3439,Moderate,distance_m,8.6677,reduced_activity_context,-5.2253,footfall_proxy,4.8537,distance_to_public_toilet_m,4.3972,cctv_coverage_score,1.727,distance_m increased risk (+8.67); reduced_activity_context reduced risk (-5.23); footfall_proxy increased risk (+4.85); distance_to_public_toilet_m increased risk (+4.40); cctv_coverage_score increased risk (+1.73)
1001,Connaught Place to Janpath,New Delhi,Day,0,46.8089,42.8439,Moderate,distance_m,8.992,reduced_activity_context,-5.4918,distance_to_public_toilet_m,5.024,footfall_proxy,4.4703,cctv_coverage_score,1.7107,distance_m increased risk (+8.99); reduced_activity_context reduced risk (-5.49); distance_to_public_toilet_m increased risk (+5.02); footfall_proxy increased risk (+4.47); cctv_coverage_score increased risk (+1.71)
1001,Connaught Place to Janpath,New Delhi,Day,1,46.8089,47.8439,Moderate,distance_m,8.992,reduced_activity_context,-5.4918,distance_to_public_toilet_m,5.024,footfall_proxy,4.4703,cctv_coverage_score,1.7107,distance_m increased risk (+8.99); reduced_activity_context reduced risk (-5.49); distance_to_public_toilet_m increased risk (+5.02); footfall_proxy increased risk (+4.47); cctv_coverage_score increased risk (+1.71)
1001,Connaught Place to Janpath,New Delhi,Evening,0,55.1254,53.3439,Moderate,distance_m,8.6766,contextual_footfall_proxy,5.9399,footfall_proxy,5.8149,reduced_activity_context,-4.8896,distance_to_public_toilet_m,4.3356,distance_m increased risk (+8.68); contextual_footfall_proxy increased risk (+5.94); footfall_proxy increased risk (+5.81); reduced_activity_context reduced risk (-4.89); distance_to_public_toilet_m increased risk (+4.34)
1001,Connaught Place to Janpath,New Delhi,Evening,1,55.1254,58.3439,Moderate,distance_m,8.6766,contextual_footfall_proxy,5.9399,footfall_proxy,5.8149,reduced_activity_context,-4.8896,distance_to_public_toilet_m,4.3356,distance_m increased risk (+8.68); contextual_footfall_proxy increased risk (+5.94); footfall_proxy increased risk (+5.81); reduced_activity_context reduced risk (-4.89); distance_to_public_toilet_m increased risk (+4.34)
1001,Connaught Place to Janpath,New Delhi,Night,0,66.3849,63.8439,Moderate,distance_m,9.4493,reduced_activity_context,8.642,footfall_proxy,6.7586,distance_to_public_toilet_m,4.7911,cctv_coverage_score,2.0369,distance_m increased risk (+9.45); reduced_activity_context increased risk (+8.64); footfall_proxy increased risk (+6.76); distance_to_public_toilet_m increased risk (+4.79); cctv_coverage_score increased risk (+2.04)
1001,Connaught Place to Janpath,New Delhi,Night,1,66.3849,68.8439,High,distance_m,9.4493,reduced_activity_context,8.642,footfall_proxy,6.7586,distance_to_public_toilet_m,4.7911,cctv_coverage_score,2.0369,distance_m increased risk (+9.45); reduced_activity_context increased risk (+8.64); footfall_proxy increased risk (+6.76); distance_to_public_toilet_m increased risk (+4.79); cctv_coverage_score increased risk (+2.04)
1001,Connaught Place to Janpath,New Delhi,Late Night,0,72.4521,70.8439,High,distance_m,9.8503,reduced_activity_context,9.6838,footfall_proxy,7.5334,distance_to_public_toilet_m,4.732,contextual_footfall_proxy,1.9174,distance_m increased risk (+9.85); reduced_activity_context increased risk (+9.68); footfall_proxy increased risk (+7.53); distance_to_public_toilet_m increased risk (+4.73); contextual_footfall_proxy increased risk (+1.92)
1001,Connaught Place to Janpath,New Delhi,Late Night,1,72.4521,75.8439,High,distance_m,9.8503,reduced_activity_context,9.6838,footfall_proxy,7.5334,distance_to_public_toilet_m,4.732,contextual_footfall_proxy,1.9174,distance_m increased risk (+9.85); reduced_activity_context increased risk (+9.68); footfall_proxy increased risk (+7.53); distance_to_public_toilet_m increased risk (+4.73); contextual_footfall_proxy increased risk (+1.92)
1002,Janpath to Tuglak Road,New Delhi,Morning,0,47.2332,45.5366,Moderate,distance_to_public_toilet_m,9.637,reduced_activity_context,-6.1228,distance_m,5.9927,lighting_score,3.6301,contextual_footfall_proxy,-2.7053,distance_to_public_toilet_m increased risk (+9.64); reduced_activity_context reduced risk (-6.12); distance_m increased risk (+5.99); lighting_score increased risk (+3.63); contextual_footfall_proxy reduced risk (-2.71)
1002,Janpath to Tuglak Road,New Delhi,Morning,1,47.2332,50.5366,Moderate,distance_to_public_toilet_m,9.637,reduced_activity_context,-6.1228,distance_m,5.9927,lighting_score,3.6301,contextual_footfall_proxy,-2.7053,distance_to_public_toilet_m increased risk (+9.64); reduced_activity_context reduced risk (-6.12); distance_m increased risk (+5.99); lighting_score increased risk (+3.63); contextual_footfall_proxy reduced risk (-2.71)
1002,Janpath to Tuglak Road,New Delhi,Day,0,46.3452,42.0366,Moderate,distance_to_public_toilet_m,9.2351,reduced_activity_context,-6.2276,distance_m,5.879,lighting_score,3.5444,contextual_footfall_proxy,-2.3822,distance_to_public_toilet_m increased risk (+9.24); reduced_activity_context reduced risk (-6.23); distance_m increased risk (+5.88); lighting_score increased risk (+3.54); contextual_footfall_proxy reduced risk (-2.38)
1002,Janpath to Tuglak Road,New Delhi,Day,1,46.3452,47.0366,Moderate,distance_to_public_toilet_m,9.2351,reduced_activity_context,-6.2276,distance_m,5.879,lighting_score,3.5444,contextual_footfall_proxy,-2.3822,distance_to_public_toilet_m increased risk (+9.24); reduced_activity_context reduced risk (-6.23); distance_m increased risk (+5.88); lighting_score increased risk (+3.54); contextual_footfall_proxy reduced risk (-2.38)
1002,Janpath to Tuglak Road,New Delhi,Evening,0,53.8674,52.5366,Moderate,distance_to_public_toilet_m,9.8815,distance_m,5.9655,reduced_activity_context,-5.6348,lighting_score,3.8205,cctv_coverage_score,2.5623,distance_to_public_toilet_m increased risk (+9.88); distance_m increased risk (+5.97); reduced_activity_context reduced risk (-5.63); lighting_score increased risk (+3.82); cctv_coverage_score increased risk (+2.56)
1002,Janpath to Tuglak Road,New Delhi,Evening,1,53.8674,57.5366,Moderate,distance_to_public_toilet_m,9.8815,distance_m,5.9655,reduced_activity_context,-5.6348,lighting_score,3.8205,cctv_coverage_score,2.5623,distance_to_public_toilet_m increased risk (+9.88); distance_m increased risk (+5.97); reduced_activity_context reduced risk (-5.63); lighting_score increased risk (+3.82); cctv_coverage_score increased risk (+2.56)
1002,Janpath to Tuglak Road,New Delhi,Night,0,67.0169,63.0366,Moderate,reduced_activity_context,10.331,distance_to_public_toilet_m,8.3649,distance_m,5.8368,lighting_score,3.877,cctv_coverage_score,1.9095,reduced_activity_context increased risk (+10.33); distance_to_public_toilet_m increased risk (+8.36); distance_m increased risk (+5.84); lighting_score increased risk (+3.88); cctv_coverage_score increased risk (+1.91)
1002,Janpath to Tuglak Road,New Delhi,Night,1,67.0169,68.0366,High,reduced_activity_context,10.331,distance_to_public_toilet_m,8.3649,distance_m,5.8368,lighting_score,3.877,cctv_coverage_score,1.9095,reduced_activity_context increased risk (+10.33); distance_to_public_toilet_m increased risk (+8.36); distance_m increased risk (+5.84); lighting_score increased risk (+3.88); cctv_coverage_score increased risk (+1.91)
1002,Janpath to Tuglak Road,New Delhi,Late Night,0,71.44,70.0366,High,reduced_activity_context,10.4013,distance_to_public_toilet_m,8.7565,distance_m,5.957,lighting_score,4.0378,contextual_footfall_proxy,2.6044,reduced_activity_context increased risk (+10.40); distance_to_public_toilet_m increased risk (+8.76); distance_m increased risk (+5.96); lighting_score increased risk (+4.04); contextual_footfall_proxy increased risk (+2.60)
1002,Janpath to Tuglak Road,New Delhi,Late Night,1,71.44,75.0366,High,reduced_activity_context,10.4013,distance_to_public_toilet_m,8.7565,distance_m,5.957,lighting_score,4.0378,contextual_footfall_proxy,2.6044,reduced_activity_context increased risk (+10.40); distance_to_public_toilet_m increased risk (+8.76); distance_m increased risk (+5.96); lighting_score increased risk (+4.04); contextual_footfall_proxy increased risk (+2.60)
1003,Tuglak Road to Chanakyapuri,New Delhi,Morning,0,48.1518,45.501,Moderate,footfall_proxy,9.3724,distance_m,6.1618,reduced_activity_context,-5.6775,lighting_score,3.1796,contextual_footfall_proxy,2.1588,footfall_proxy increased risk (+9.37); distance_m increased risk (+6.16); reduced_activity_context reduced risk (-5.68); lighting_score increased risk (+3.18); contextual_footfall_proxy increased risk (+2.16)
1003,Tuglak Road to Chanakyapuri,New Delhi,Morning,1,48.1518,50.501,Moderate,footfall_proxy,9.3724,distance_m,6.1618,reduced_activity_context,-5.6775,lighting_score,3.1796,contextual_footfall_proxy,2.1588,footfall_proxy increased risk (+9.37); distance_m increased risk (+6.16); reduced_activity_context reduced risk (-5.68); lighting_score increased risk (+3.18); contextual_footfall_proxy increased risk (+2.16)
1003,Tuglak Road to Chanakyapuri,New Delhi,Day,0,45.1584,42.001,Moderate,footfall_proxy,9.2695,distance_m,6.398,reduced_activity_context,-6.109,lighting_score,3.2358,distance_to_hospital_m,1.4772,footfall_proxy increased risk (+9.27); distance_m increased risk (+6.40); reduced_activity_context reduced risk (-6.11); lighting_score increased risk (+3.24); distance_to_hospital_m increased risk (+1.48)
1003,Tuglak Road to Chanakyapuri,New Delhi,Day,1,45.1584,47.001,Moderate,footfall_proxy,9.2695,distance_m,6.398,reduced_activity_context,-6.109,lighting_score,3.2358,distance_to_hospital_m,1.4772,footfall_proxy increased risk (+9.27); distance_m increased risk (+6.40); reduced_activity_context reduced risk (-6.11); lighting_score increased risk (+3.24); distance_to_hospital_m increased risk (+1.48)
1003,Tuglak Road to Chanakyapuri,New Delhi,Evening,0,54.8298,52.501,Moderate,footfall_proxy,10.4185,contextual_footfall_proxy,7.179,distance_m,6.2547,reduced_activity_context,-5.1611,lighting_score,3.1315,footfall_proxy increased risk (+10.42); contextual_footfall_proxy increased risk (+7.18); distance_m increased risk (+6.25); reduced_activity_context reduced risk (-5.16); lighting_score increased risk (+3.13)
1003,Tuglak Road to Chanakyapuri,New Delhi,Evening,1,54.8298,57.501,Moderate,footfall_proxy,10.4185,contextual_footfall_proxy,7.179,distance_m,6.2547,reduced_activity_context,-5.1611,lighting_score,3.1315,footfall_proxy increased risk (+10.42); contextual_footfall_proxy increased risk (+7.18); distance_m increased risk (+6.25); reduced_activity_context reduced risk (-5.16); lighting_score increased risk (+3.13)
1003,Tuglak Road to Chanakyapuri,New Delhi,Night,0,65.7911,63.001,Moderate,footfall_proxy,10.6039,reduced_activity_context,10.1518,distance_m,7.0112,lighting_score,3.2307,distance_to_hospital_m,2.1371,footfall_proxy increased risk (+10.60); reduced_activity_context increased risk (+10.15); distance_m increased risk (+7.01); lighting_score increased risk (+3.23); distance_to_hospital_m increased risk (+2.14)
1003,Tuglak Road to Chanakyapuri,New Delhi,Night,1,65.7911,68.001,High,footfall_proxy,10.6039,reduced_activity_context,10.1518,distance_m,7.0112,lighting_score,3.2307,distance_to_hospital_m,2.1371,footfall_proxy increased risk (+10.60); reduced_activity_context increased risk (+10.15); distance_m increased risk (+7.01); lighting_score increased risk (+3.23); distance_to_hospital_m increased risk (+2.14)
1003,Tuglak Road to Chanakyapuri,New Delhi,Late Night,0,71.6988,70.001,High,footfall_proxy,11.1313,reduced_activity_context,10.6352,distance_m,7.4877,lighting_score,3.4473,contextual_footfall_proxy,2.0976,footfall_proxy increased risk (+11.13); reduced_activity_context increased risk (+10.64); distance_m increased risk (+7.49); lighting_score increased risk (+3.45); contextual_footfall_proxy increased risk (+2.10)
1003,Tuglak Road to Chanakyapuri,New Delhi,Late Night,1,71.6988,75.001,High,footfall_proxy,11.1313,reduced_activity_context,10.6352,distance_m,7.4877,lighting_score,3.4473,contextual_footfall_proxy,2.0976,footfall_proxy increased risk (+11.13); reduced_activity_context increased risk (+10.64); distance_m increased risk (+7.49); lighting_score increased risk (+3.45); contextual_footfall_proxy increased risk (+2.10)
1004,Chanakyapuri to Vasant Vihar,South West,Morning,0,34.367,10.5,Low,footfall_proxy,9.4655,reduced_activity_context,-5.1843,distance_m,-3.461,contextual_footfall_proxy,3.0356,distance_to_public_toilet_m,-0.9834,footfall_proxy increased risk (+9.47); reduced_activity_context reduced risk (-5.18); distance_m reduced risk (-3.46); contextual_footfall_proxy increased risk (+3.04); distance_to_public_toilet_m reduced risk (-0.98)
1004,Chanakyapuri to Vasant Vihar,South West,Morning,1,34.367,15.5,Low,footfall_proxy,9.4655,reduced_activity_context,-5.1843,distance_m,-3.461,contextual_footfall_proxy,3.0356,distance_to_public_toilet_m,-0.9834,footfall_proxy increased risk (+9.47); reduced_activity_context reduced risk (-5.18); distance_m reduced risk (-3.46); contextual_footfall_proxy increased risk (+3.04); distance_to_public_toilet_m reduced risk (-0.98)
1004,Chanakyapuri to Vasant Vihar,South West,Day,0,29.532,7.0,Low,footfall_proxy,9.1817,reduced_activity_context,-5.7714,distance_m,-3.6986,lighting_score,1.02,distance_to_public_toilet_m,-1.0116,footfall_proxy increased risk (+9.18); reduced_activity_context reduced risk (-5.77); distance_m reduced risk (-3.70); lighting_score increased risk (+1.02); distance_to_public_toilet_m reduced risk (-1.01)
1004,Chanakyapuri to Vasant Vihar,South West,Day,1,29.532,12.0,Low,footfall_proxy,9.1817,reduced_activity_context,-5.7714,distance_m,-3.6986,lighting_score,1.02,distance_to_public_toilet_m,-1.0116,footfall_proxy increased risk (+9.18); reduced_activity_context reduced risk (-5.77); distance_m reduced risk (-3.70); lighting_score increased risk (+1.02); distance_to_public_toilet_m reduced risk (-1.01)
1004,Chanakyapuri to Vasant Vihar,South West,Evening,0,39.9947,17.5,Low,footfall_proxy,10.1807,contextual_footfall_proxy,7.5542,reduced_activity_context,-4.7489,distance_m,-3.4941,distance_to_public_toilet_m,-0.9524,footfall_proxy increased risk (+10.18); contextual_footfall_proxy increased risk (+7.55); reduced_activity_context reduced risk (-4.75); distance_m reduced risk (-3.49); distance_to_public_toilet_m reduced risk (-0.95)
1004,Chanakyapuri to Vasant Vihar,South West,Evening,1,39.9947,22.5,Low,footfall_proxy,10.1807,contextual_footfall_proxy,7.5542,reduced_activity_context,-4.7489,distance_m,-3.4941,distance_to_public_toilet_m,-0.9524,footfall_proxy increased risk (+10.18); contextual_footfall_proxy increased risk (+7.55); reduced_activity_context reduced risk (-4.75); distance_m reduced risk (-3.49); distance_to_public_toilet_m reduced risk (-0.95)
1004,Chanakyapuri to Vasant Vihar,South West,Night,0,46.5201,28.0,Low,footfall_proxy,10.5695,reduced_activity_context,9.5909,distance_m,-3.9669,contextual_footfall_proxy,-2.6412,lighting_relevance,1.4154,footfall_proxy increased risk (+10.57); reduced_activity_context increased risk (+9.59); distance_m reduced risk (-3.97); contextual_footfall_proxy reduced risk (-2.64); lighting_relevance increased risk (+1.42)
1004,Chanakyapuri to Vasant Vihar,South West,Night,1,46.5201,33.0,Low,footfall_proxy,10.5695,reduced_activity_context,9.5909,distance_m,-3.9669,contextual_footfall_proxy,-2.6412,lighting_relevance,1.4154,footfall_proxy increased risk (+10.57); reduced_activity_context increased risk (+9.59); distance_m reduced risk (-3.97); contextual_footfall_proxy reduced risk (-2.64); lighting_relevance increased risk (+1.42)
1004,Chanakyapuri to Vasant Vihar,South West,Late Night,0,50.5956,35.0,Moderate,footfall_proxy,11.131,reduced_activity_context,9.85,distance_m,-4.3216,lighting_relevance,1.5355,lighting_score,1.2199,footfall_proxy increased risk (+11.13); reduced_activity_context increased risk (+9.85); distance_m reduced risk (-4.32); lighting_relevance increased risk (+1.54); lighting_score increased risk (+1.22)
1004,Chanakyapuri to Vasant Vihar,South West,Late Night,1,50.5956,40.0,Moderate,footfall_proxy,11.131,reduced_activity_context,9.85,distance_m,-4.3216,lighting_relevance,1.5355,lighting_score,1.2199,footfall_proxy increased risk (+11.13); reduced_activity_context increased risk (+9.85); distance_m reduced risk (-4.32); lighting_relevance increased risk (+1.54); lighting_score increased risk (+1.22)
1005,Vasant Vihar to Vasant Kunj,South West,Morning,0,12.6234,10.5,Low,reduced_activity_context,-6.5559,lighting_score,-4.2017,contextual_footfall_proxy,-3.0945,distance_to_public_toilet_m,-1.9711,cctv_coverage_score,-1.6432,reduced_activity_context reduced risk (-6.56); lighting_score reduced risk (-4.20); contextual_footfall_proxy reduced risk (-3.09); distance_to_public_toilet_m reduced risk (-1.97); cctv_coverage_score reduced risk (-1.64)
1005,Vasant Vihar to Vasant Kunj,South West,Morning,1,12.6234,15.5,Low,reduced_activity_context,-6.5559,lighting_score,-4.2017,contextual_footfall_proxy,-3.0945,distance_to_public_toilet_m,-1.9711,cctv_coverage_score,-1.6432,reduced_activity_context reduced risk (-6.56); lighting_score reduced risk (-4.20); contextual_footfall_proxy reduced risk (-3.09); distance_to_public_toilet_m reduced risk (-1.97); cctv_coverage_score reduced risk (-1.64)
1005,Vasant Vihar to Vasant Kunj,South West,Day,0,11.7949,7.0,Low,reduced_activity_context,-6.6113,lighting_score,-4.199,contextual_footfall_proxy,-3.5912,distance_to_public_toilet_m,-2.0033,cctv_coverage_score,-1.6468,reduced_activity_context reduced risk (-6.61); lighting_score reduced risk (-4.20); contextual_footfall_proxy reduced risk (-3.59); distance_to_public_toilet_m reduced risk (-2.00); cctv_coverage_score reduced risk (-1.65)
1005,Vasant Vihar to Vasant Kunj,South West,Day,1,11.7949,12.0,Low,reduced_activity_context,-6.6113,lighting_score,-4.199,contextual_footfall_proxy,-3.5912,distance_to_public_toilet_m,-2.0033,cctv_coverage_score,-1.6468,reduced_activity_context reduced risk (-6.61); lighting_score reduced risk (-4.20); contextual_footfall_proxy reduced risk (-3.59); distance_to_public_toilet_m reduced risk (-2.00); cctv_coverage_score reduced risk (-1.65)
1005,Vasant Vihar to Vasant Kunj,South West,Evening,0,17.5729,17.5,Low,reduced_activity_context,-6.4224,lighting_score,-4.0753,distance_to_public_toilet_m,-1.8912,cctv_coverage_score,-1.4881,distance_m,1.1082,reduced_activity_context reduced risk (-6.42); lighting_score reduced risk (-4.08); distance_to_public_toilet_m reduced risk (-1.89); cctv_coverage_score reduced risk (-1.49); distance_m increased risk (+1.11)
1005,Vasant Vihar to Vasant Kunj,South West,Evening,1,17.5729,22.5,Low,reduced_activity_context,-6.4224,lighting_score,-4.0753,distance_to_public_toilet_m,-1.8912,cctv_coverage_score,-1.4881,distance_m,1.1082,reduced_activity_context reduced risk (-6.42); lighting_score reduced risk (-4.08); distance_to_public_toilet_m reduced risk (-1.89); cctv_coverage_score reduced risk (-1.49); distance_m increased risk (+1.11)
1005,Vasant Vihar to Vasant Kunj,South West,Night,0,32.235,28.0,Low,reduced_activity_context,9.9833,lighting_score,-4.693,cctv_coverage_score,-2.1271,distance_to_public_toilet_m,-1.8491,lighting_relevance,1.5993,reduced_activity_context increased risk (+9.98); lighting_score reduced risk (-4.69); cctv_coverage_score reduced risk (-2.13); distance_to_public_toilet_m reduced risk (-1.85); lighting_relevance increased risk (+1.60)
1005,Vasant Vihar to Vasant Kunj,South West,Night,1,32.235,33.0,Low,reduced_activity_context,9.9833,lighting_score,-4.693,cctv_coverage_score,-2.1271,distance_to_public_toilet_m,-1.8491,lighting_relevance,1.5993,reduced_activity_context increased risk (+9.98); lighting_score reduced risk (-4.69); cctv_coverage_score reduced risk (-2.13); distance_to_public_toilet_m reduced risk (-1.85); lighting_relevance increased risk (+1.60)
1005,Vasant Vihar to Vasant Kunj,South West,Late Night,0,36.1239,35.0,Moderate,reduced_activity_context,10.1058,lighting_score,-4.4622,cctv_coverage_score,-2.0545,distance_to_public_toilet_m,-1.662,lighting_relevance,1.6247,reduced_activity_context increased risk (+10.11); lighting_score reduced risk (-4.46); cctv_coverage_score reduced risk (-2.05); distance_to_public_toilet_m reduced risk (-1.66); lighting_relevance increased risk (+1.62)
1005,Vasant Vihar to Vasant Kunj,South West,Late Night,1,36.1239,40.0,Moderate,reduced_activity_context,10.1058,lighting_score,-4.4622,cctv_coverage_score,-2.0545,distance_to_public_toilet_m,-1.662,lighting_relevance,1.6247,reduced_activity_context increased risk (+10.11); lighting_score reduced risk (-4.46); cctv_coverage_score reduced risk (-2.05); distance_to_public_toilet_m reduced risk (-1.66); lighting_relevance increased risk (+1.62)
1006,Vasant Kunj to Saket,South West,Morning,0,14.0251,10.5,Low,reduced_activity_context,-6.5888,contextual_footfall_proxy,-3.1617,distance_m,-2.4109,distance_to_public_toilet_m,-1.4019,lighting_score,-1.1119,reduced_activity_context reduced risk (-6.59); contextual_footfall_proxy reduced risk (-3.16); distance_m reduced risk (-2.41); distance_to_public_toilet_m reduced risk (-1.40); lighting_score reduced risk (-1.11)
1006,Vasant Kunj to Saket,South West,Morning,1,14.0251,15.5,Low,reduced_activity_context,-6.5888,contextual_footfall_proxy,-3.1617,distance_m,-2.4109,distance_to_public_toilet_m,-1.4019,lighting_score,-1.1119,reduced_activity_context reduced risk (-6.59); contextual_footfall_proxy reduced risk (-3.16); distance_m reduced risk (-2.41); distance_to_public_toilet_m reduced risk (-1.40); lighting_score reduced risk (-1.11)
1006,Vasant Kunj to Saket,South West,Day,0,11.5869,7.0,Low,reduced_activity_context,-6.8337,contextual_footfall_proxy,-3.8883,distance_m,-2.8315,distance_to_public_toilet_m,-1.5643,lighting_score,-1.2562,reduced_activity_context reduced risk (-6.83); contextual_footfall_proxy reduced risk (-3.89); distance_m reduced risk (-2.83); distance_to_public_toilet_m reduced risk (-1.56); lighting_score reduced risk (-1.26)
1006,Vasant Kunj to Saket,South West,Day,1,11.5869,12.0,Low,reduced_activity_context,-6.8337,contextual_footfall_proxy,-3.8883,distance_m,-2.8315,distance_to_public_toilet_m,-1.5643,lighting_score,-1.2562,reduced_activity_context reduced risk (-6.83); contextual_footfall_proxy reduced risk (-3.89); distance_m reduced risk (-2.83); distance_to_public_toilet_m reduced risk (-1.56); lighting_score reduced risk (-1.26)
1006,Vasant Kunj to Saket,South West,Evening,0,17.016,17.5,Low,reduced_activity_context,-6.5778,distance_m,-2.3213,distance_to_public_toilet_m,-1.1998,lighting_relevance,-0.9924,lighting_score,-0.982,reduced_activity_context reduced risk (-6.58); distance_m reduced risk (-2.32); distance_to_public_toilet_m reduced risk (-1.20); lighting_relevance reduced risk (-0.99); lighting_score reduced risk (-0.98)
1006,Vasant Kunj to Saket,South West,Evening,1,17.016,22.5,Low,reduced_activity_context,-6.5778,distance_m,-2.3213,distance_to_public_toilet_m,-1.1998,lighting_relevance,-0.9924,lighting_score,-0.982,reduced_activity_context reduced risk (-6.58); distance_m reduced risk (-2.32); distance_to_public_toilet_m reduced risk (-1.20); lighting_relevance reduced risk (-0.99); lighting_score reduced risk (-0.98)
1006,Vasant Kunj to Saket,South West,Night,0,31.1308,28.0,Low,reduced_activity_context,10.1792,distance_m,-3.0108,contextual_footfall_proxy,-2.9676,lighting_score,-1.7752,lighting_relevance,1.6085,reduced_activity_context increased risk (+10.18); distance_m reduced risk (-3.01); contextual_footfall_proxy reduced risk (-2.97); lighting_score reduced risk (-1.78); lighting_relevance increased risk (+1.61)
1006,Vasant Kunj to Saket,South West,Night,1,31.1308,33.0,Low,reduced_activity_context,10.1792,distance_m,-3.0108,contextual_footfall_proxy,-2.9676,lighting_score,-1.7752,lighting_relevance,1.6085,reduced_activity_context increased risk (+10.18); distance_m reduced risk (-3.01); contextual_footfall_proxy reduced risk (-2.97); lighting_score reduced risk (-1.78); lighting_relevance increased risk (+1.61)
1006,Vasant Kunj to Saket,South West,Late Night,0,36.6631,35.0,Moderate,reduced_activity_context,10.478,distance_m,-2.673,lighting_score,-1.6862,lighting_relevance,1.6624,distance_to_public_toilet_m,-1.2799,reduced_activity_context increased risk (+10.48); distance_m reduced risk (-2.67); lighting_score reduced risk (-1.69); lighting_relevance increased risk (+1.66); distance_to_public_toilet_m reduced risk (-1.28)
1006,Vasant Kunj to Saket,South West,Late Night,1,36.6631,40.0,Moderate,reduced_activity_context,10.478,distance_m,-2.673,lighting_score,-1.6862,lighting_relevance,1.6624,distance_to_public_toilet_m,-1.2799,reduced_activity_context increased risk (+10.48); distance_m reduced risk (-2.67); lighting_score reduced risk (-1.69); lighting_relevance increased risk (+1.66); distance_to_public_toilet_m reduced risk (-1.28)
1007,Saket to Malviya Nagar,South,Morning,0,33.6778,13.7178,Low,distance_m,8.0125,reduced_activity_context,-6.0486,distance_to_public_toilet_m,5.2987,cctv_coverage_score,-3.0642,lighting_score,-2.7008,distance_m increased risk (+8.01); reduced_activity_context reduced risk (-6.05); distance_to_public_toilet_m increased risk (+5.30); cctv_coverage_score reduced risk (-3.06); lighting_score reduced risk (-2.70)
1007,Saket to Malviya Nagar,South,Morning,1,33.6778,18.7178,Low,distance_m,8.0125,reduced_activity_context,-6.0486,distance_to_public_toilet_m,5.2987,cctv_coverage_score,-3.0642,lighting_score,-2.7008,distance_m increased risk (+8.01); reduced_activity_context reduced risk (-6.05); distance_to_public_toilet_m increased risk (+5.30); cctv_coverage_score reduced risk (-3.06); lighting_score reduced risk (-2.70)
1007,Saket to Malviya Nagar,South,Day,0,36.131,10.2178,Low,distance_m,8.0939,reduced_activity_context,-6.0266,distance_to_public_toilet_m,5.4711,cctv_coverage_score,-3.2377,lighting_score,-2.7225,distance_m increased risk (+8.09); reduced_activity_context reduced risk (-6.03); distance_to_public_toilet_m increased risk (+5.47); cctv_coverage_score reduced risk (-3.24); lighting_score reduced risk (-2.72)
1007,Saket to Malviya Nagar,South,Day,1,36.131,15.2178,Low,distance_m,8.0939,reduced_activity_context,-6.0266,distance_to_public_toilet_m,5.4711,cctv_coverage_score,-3.2377,lighting_score,-2.7225,distance_m increased risk (+8.09); reduced_activity_context reduced risk (-6.03); distance_to_public_toilet_m increased risk (+5.47); cctv_coverage_score reduced risk (-3.24); lighting_score reduced risk (-2.72)
1007,Saket to Malviya Nagar,South,Evening,0,36.1209,20.7178,Low,distance_m,8.4274,reduced_activity_context,-5.6752,distance_to_public_toilet_m,4.9942,cctv_coverage_score,-3.3735,estimated_travel_time_s,2.0769,distance_m increased risk (+8.43); reduced_activity_context reduced risk (-5.68); distance_to_public_toilet_m increased risk (+4.99); cctv_coverage_score reduced risk (-3.37); estimated_travel_time_s increased risk (+2.08)
1007,Saket to Malviya Nagar,South,Evening,1,36.1209,25.7178,Low,distance_m,8.4274,reduced_activity_context,-5.6752,distance_to_public_toilet_m,4.9942,cctv_coverage_score,-3.3735,estimated_travel_time_s,2.0769,distance_m increased risk (+8.43); reduced_activity_context reduced risk (-5.68); distance_to_public_toilet_m increased risk (+4.99); cctv_coverage_score reduced risk (-3.37); estimated_travel_time_s increased risk (+2.08)
1007,Saket to Malviya Nagar,South,Night,0,49.8001,31.2178,Low,reduced_activity_context,9.1514,distance_m,7.459,distance_to_public_toilet_m,4.7535,cctv_coverage_score,-3.4169,lighting_score,-3.2666,reduced_activity_context increased risk (+9.15); distance_m increased risk (+7.46); distance_to_public_toilet_m increased risk (+4.75); cctv_coverage_score reduced risk (-3.42); lighting_score reduced risk (-3.27)
1007,Saket to Malviya Nagar,South,Night,1,49.8001,36.2178,Moderate,reduced_activity_context,9.1514,distance_m,7.459,distance_to_public_toilet_m,4.7535,cctv_coverage_score,-3.4169,lighting_score,-3.2666,reduced_activity_context increased risk (+9.15); distance_m increased risk (+7.46); distance_to_public_toilet_m increased risk (+4.75); cctv_coverage_score reduced risk (-3.42); lighting_score reduced risk (-3.27)
1007,Saket to Malviya Nagar,South,Late Night,0,50.7236,38.2178,Moderate,reduced_activity_context,9.2831,distance_m,7.5974,distance_to_public_toilet_m,4.7471,cctv_coverage_score,-3.4506,lighting_score,-3.1298,reduced_activity_context increased risk (+9.28); distance_m increased risk (+7.60); distance_to_public_toilet_m increased risk (+4.75); cctv_coverage_score reduced risk (-3.45); lighting_score reduced risk (-3.13)
1007,Saket to Malviya Nagar,South,Late Night,1,50.7236,43.2178,Moderate,reduced_activity_context,9.2831,distance_m,7.5974,distance_to_public_toilet_m,4.7471,cctv_coverage_score,-3.4506,lighting_score,-3.1298,reduced_activity_context increased risk (+9.28); distance_m increased risk (+7.60); distance_to_public_toilet_m increased risk (+4.75); cctv_coverage_score reduced risk (-3.45); lighting_score reduced risk (-3.13)
1008,Malviya Nagar to Hauz Khas,South,Morning,0,22.4431,13.7178,Low,reduced_activity_context,-6.4616,distance_to_public_toilet_m,5.8966,lighting_score,-4.3704,cctv_coverage_score,-4.1271,contextual_footfall_proxy,-2.1,reduced_activity_context reduced risk (-6.46); distance_to_public_toilet_m increased risk (+5.90); lighting_score reduced risk (-4.37); cctv_coverage_score reduced risk (-4.13); contextual_footfall_proxy reduced risk (-2.10)
1008,Malviya Nagar to Hauz Khas,South,Morning,1,22.4431,18.7178,Low,reduced_activity_context,-6.4616,distance_to_public_toilet_m,5.8966,lighting_score,-4.3704,cctv_coverage_score,-4.1271,contextual_footfall_proxy,-2.1,reduced_activity_context reduced risk (-6.46); distance_to_public_toilet_m increased risk (+5.90); lighting_score reduced risk (-4.37); cctv_coverage_score reduced risk (-4.13); contextual_footfall_proxy reduced risk (-2.10)
1008,Malviya Nagar to Hauz Khas,South,Day,0,23.1592,10.2178,Low,reduced_activity_context,-6.5182,distance_to_public_toilet_m,5.897,lighting_score,-4.2577,cctv_coverage_score,-3.8564,distance_m,1.8168,reduced_activity_context reduced risk (-6.52); distance_to_public_toilet_m increased risk (+5.90); lighting_score reduced risk (-4.26); cctv_coverage_score reduced risk (-3.86); distance_m increased risk (+1.82)
1008,Malviya Nagar to Hauz Khas,South,Day,1,23.1592,15.2178,Low,reduced_activity_context,-6.5182,distance_to_public_toilet_m,5.897,lighting_score,-4.2577,cctv_coverage_score,-3.8564,distance_m,1.8168,reduced_activity_context reduced risk (-6.52); distance_to_public_toilet_m increased risk (+5.90); lighting_score reduced risk (-4.26); cctv_coverage_score reduced risk (-3.86); distance_m increased risk (+1.82)
1008,Malviya Nagar to Hauz Khas,South,Evening,0,25.2806,20.7178,Low,reduced_activity_context,-6.3006,distance_to_public_toilet_m,5.8586,lighting_score,-4.4656,cctv_coverage_score,-4.4362,distance_m,1.8596,reduced_activity_context reduced risk (-6.30); distance_to_public_toilet_m increased risk (+5.86); lighting_score reduced risk (-4.47); cctv_coverage_score reduced risk (-4.44); distance_m increased risk (+1.86)
1008,Malviya Nagar to Hauz Khas,South,Evening,1,25.2806,25.7178,Low,reduced_activity_context,-6.3006,distance_to_public_toilet_m,5.8586,lighting_score,-4.4656,cctv_coverage_score,-4.4362,distance_m,1.8596,reduced_activity_context reduced risk (-6.30); distance_to_public_toilet_m increased risk (+5.86); lighting_score reduced risk (-4.47); cctv_coverage_score reduced risk (-4.44); distance_m increased risk (+1.86)
1008,Malviya Nagar to Hauz Khas,South,Night,0,43.4707,31.2178,Low,reduced_activity_context,9.746,lighting_score,-4.7171,distance_to_public_toilet_m,4.6726,cctv_coverage_score,-4.3851,distance_m,2.3008,reduced_activity_context increased risk (+9.75); lighting_score reduced risk (-4.72); distance_to_public_toilet_m increased risk (+4.67); cctv_coverage_score reduced risk (-4.39); distance_m increased risk (+2.30)
1008,Malviya Nagar to Hauz Khas,South,Night,1,43.4707,36.2178,Moderate,reduced_activity_context,9.746,lighting_score,-4.7171,distance_to_public_toilet_m,4.6726,cctv_coverage_score,-4.3851,distance_m,2.3008,reduced_activity_context increased risk (+9.75); lighting_score reduced risk (-4.72); distance_to_public_toilet_m increased risk (+4.67); cctv_coverage_score reduced risk (-4.39); distance_m increased risk (+2.30)
1008,Malviya Nagar to Hauz Khas,South,Late Night,0,43.6491,38.2178,Moderate,reduced_activity_context,10.0202,lighting_score,-4.8207,cctv_coverage_score,-4.4923,distance_to_public_toilet_m,4.3404,distance_m,2.6597,reduced_activity_context increased risk (+10.02); lighting_score reduced risk (-4.82); cctv_coverage_score reduced risk (-4.49); distance_to_public_toilet_m increased risk (+4.34); distance_m increased risk (+2.66)
1008,Malviya Nagar to Hauz Khas,South,Late Night,1,43.6491,43.2178,Moderate,reduced_activity_context,10.0202,lighting_score,-4.8207,cctv_coverage_score,-4.4923,distance_to_public_toilet_m,4.3404,distance_m,2.6597,reduced_activity_context increased risk (+10.02); lighting_score reduced risk (-4.82); cctv_coverage_score reduced risk (-4.49); distance_to_public_toilet_m increased risk (+4.34); distance_m increased risk (+2.66)
1009,Hauz Khas to AIIMS Ring Road,South,Morning,0,16.1225,13.7178,Low,reduced_activity_context,-5.8624,cctv_coverage_score,-4.4569,distance_to_public_toilet_m,3.7803,distance_to_hospital_m,-3.3284,lighting_score,-2.4921,reduced_activity_context reduced risk (-5.86); cctv_coverage_score reduced risk (-4.46); distance_to_public_toilet_m increased risk (+3.78); distance_to_hospital_m reduced risk (-3.33); lighting_score reduced risk (-2.49)
1009,Hauz Khas to AIIMS Ring Road,South,Morning,1,16.1225,18.7178,Low,reduced_activity_context,-5.8624,cctv_coverage_score,-4.4569,distance_to_public_toilet_m,3.7803,distance_to_hospital_m,-3.3284,lighting_score,-2.4921,reduced_activity_context reduced risk (-5.86); cctv_coverage_score reduced risk (-4.46); distance_to_public_toilet_m increased risk (+3.78); distance_to_hospital_m reduced risk (-3.33); lighting_score reduced risk (-2.49)
1009,Hauz Khas to AIIMS Ring Road,South,Day,0,14.469,10.2178,Low,reduced_activity_context,-6.0337,cctv_coverage_score,-4.6418,distance_to_public_toilet_m,4.1366,distance_to_hospital_m,-3.4874,lighting_score,-2.5642,reduced_activity_context reduced risk (-6.03); cctv_coverage_score reduced risk (-4.64); distance_to_public_toilet_m increased risk (+4.14); distance_to_hospital_m reduced risk (-3.49); lighting_score reduced risk (-2.56)
1009,Hauz Khas to AIIMS Ring Road,South,Day,1,14.469,15.2178,Low,reduced_activity_context,-6.0337,cctv_coverage_score,-4.6418,distance_to_public_toilet_m,4.1366,distance_to_hospital_m,-3.4874,lighting_score,-2.5642,reduced_activity_context reduced risk (-6.03); cctv_coverage_score reduced risk (-4.64); distance_to_public_toilet_m increased risk (+4.14); distance_to_hospital_m reduced risk (-3.49); lighting_score reduced risk (-2.56)
1009,Hauz Khas to AIIMS Ring Road,South,Evening,0,22.581,20.7178,Low,reduced_activity_context,-5.359,contextual_footfall_proxy,4.231,cctv_coverage_score,-4.0268,distance_to_public_toilet_m,3.4544,distance_to_hospital_m,-3.1885,reduced_activity_context reduced risk (-5.36); contextual_footfall_proxy increased risk (+4.23); cctv_coverage_score reduced risk (-4.03); distance_to_public_toilet_m increased risk (+3.45); distance_to_hospital_m reduced risk (-3.19)
1009,Hauz Khas to AIIMS Ring Road,South,Evening,1,22.581,25.7178,Low,reduced_activity_context,-5.359,contextual_footfall_proxy,4.231,cctv_coverage_score,-4.0268,distance_to_public_toilet_m,3.4544,distance_to_hospital_m,-3.1885,reduced_activity_context reduced risk (-5.36); contextual_footfall_proxy increased risk (+4.23); cctv_coverage_score reduced risk (-4.03); distance_to_public_toilet_m increased risk (+3.45); distance_to_hospital_m reduced risk (-3.19)
1009,Hauz Khas to AIIMS Ring Road,South,Night,0,33.9368,31.2178,Low,reduced_activity_context,9.2894,cctv_coverage_score,-3.9444,distance_to_public_toilet_m,3.3536,distance_to_hospital_m,-3.3432,contextual_footfall_proxy,-2.5545,reduced_activity_context increased risk (+9.29); cctv_coverage_score reduced risk (-3.94); distance_to_public_toilet_m increased risk (+3.35); distance_to_hospital_m reduced risk (-3.34); contextual_footfall_proxy reduced risk (-2.55)
1009,Hauz Khas to AIIMS Ring Road,South,Night,1,33.9368,36.2178,Moderate,reduced_activity_context,9.2894,cctv_coverage_score,-3.9444,distance_to_public_toilet_m,3.3536,distance_to_hospital_m,-3.3432,contextual_footfall_proxy,-2.5545,reduced_activity_context increased risk (+9.29); cctv_coverage_score reduced risk (-3.94); distance_to_public_toilet_m increased risk (+3.35); distance_to_hospital_m reduced risk (-3.34); contextual_footfall_proxy reduced risk (-2.55)
1009,Hauz Khas to AIIMS Ring Road,South,Late Night,0,40.1003,38.2178,Moderate,reduced_activity_context,9.9303,cctv_coverage_score,-3.5704,distance_to_public_toilet_m,3.4834,distance_to_hospital_m,-3.1652,distance_m,2.0128,reduced_activity_context increased risk (+9.93); cctv_coverage_score reduced risk (-3.57); distance_to_public_toilet_m increased risk (+3.48); distance_to_hospital_m reduced risk (-3.17); distance_m increased risk (+2.01)
1009,Hauz Khas to AIIMS Ring Road,South,Late Night,1,40.1003,43.2178,Moderate,reduced_activity_context,9.9303,cctv_coverage_score,-3.5704,distance_to_public_toilet_m,3.4834,distance_to_hospital_m,-3.1652,distance_m,2.0128,reduced_activity_context increased risk (+9.93); cctv_coverage_score reduced risk (-3.57); distance_to_public_toilet_m increased risk (+3.48); distance_to_hospital_m reduced risk (-3.17); distance_m increased risk (+2.01)
1010,AIIMS to Lajpat Nagar (Ring Road),South East,Morning,0,15.3804,13.9122,Low,reduced_activity_context,-6.3514,distance_m,-3.0926,contextual_footfall_proxy,-2.5721,distance_to_public_toilet_m,-2.2875,footfall_proxy,-1.107,reduced_activity_context reduced risk (-6.35); distance_m reduced risk (-3.09); contextual_footfall_proxy reduced risk (-2.57); distance_to_public_toilet_m reduced risk (-2.29); footfall_proxy reduced risk (-1.11)
1010,AIIMS to Lajpat Nagar (Ring Road),South East,Morning,1,15.3804,18.9122,Low,reduced_activity_context,-6.3514,distance_m,-3.0926,contextual_footfall_proxy,-2.5721,distance_to_public_toilet_m,-2.2875,footfall_proxy,-1.107,reduced_activity_context reduced risk (-6.35); distance_m reduced risk (-3.09); contextual_footfall_proxy reduced risk (-2.57); distance_to_public_toilet_m reduced risk (-2.29); footfall_proxy reduced risk (-1.11)
1010,AIIMS to Lajpat Nagar (Ring Road),South East,Day,0,13.8964,10.4122,Low,reduced_activity_context,-6.3613,contextual_footfall_proxy,-3.7142,distance_m,-3.0693,distance_to_public_toilet_m,-2.3375,footfall_proxy,-1.3522,reduced_activity_context reduced risk (-6.36); contextual_footfall_proxy reduced risk (-3.71); distance_m reduced risk (-3.07); distance_to_public_toilet_m reduced risk (-2.34); footfall_proxy reduced risk (-1.35)
1010,AIIMS to Lajpat Nagar (Ring Road),South East,Day,1,13.8964,15.4122,Low,reduced_activity_context,-6.3613,contextual_footfall_proxy,-3.7142,distance_m,-3.0693,distance_to_public_toilet_m,-2.3375,footfall_proxy,-1.3522,reduced_activity_context reduced risk (-6.36); contextual_footfall_proxy reduced risk (-3.71); distance_m reduced risk (-3.07); distance_to_public_toilet_m reduced risk (-2.34); footfall_proxy reduced risk (-1.35)
1010,AIIMS to Lajpat Nagar (Ring Road),South East,Evening,0,23.0494,20.9122,Low,reduced_activity_context,-5.5288,distance_m,-2.9226,contextual_footfall_proxy,2.5651,distance_to_public_toilet_m,-2.1235,lighting_relevance,-0.7379,reduced_activity_context reduced risk (-5.53); distance_m reduced risk (-2.92); contextual_footfall_proxy increased risk (+2.57); distance_to_public_toilet_m reduced risk (-2.12); lighting_relevance reduced risk (-0.74)
1010,AIIMS to Lajpat Nagar (Ring Road),South East,Evening,1,23.0494,25.9122,Low,reduced_activity_context,-5.5288,distance_m,-2.9226,contextual_footfall_proxy,2.5651,distance_to_public_toilet_m,-2.1235,lighting_relevance,-0.7379,reduced_activity_context reduced risk (-5.53); distance_m reduced risk (-2.92); contextual_footfall_proxy increased risk (+2.57); distance_to_public_toilet_m reduced risk (-2.12); lighting_relevance reduced risk (-0.74)
1010,AIIMS to Lajpat Nagar (Ring Road),South East,Night,0,34.4893,31.4122,Low,reduced_activity_context,9.8983,distance_m,-3.672,distance_to_public_toilet_m,-2.0791,contextual_footfall_proxy,-1.9854,lighting_relevance,1.5561,reduced_activity_context increased risk (+9.90); distance_m reduced risk (-3.67); distance_to_public_toilet_m reduced risk (-2.08); contextual_footfall_proxy reduced risk (-1.99); lighting_relevance increased risk (+1.56)
1010,AIIMS to Lajpat Nagar (Ring Road),South East,Night,1,34.4893,36.4122,Moderate,reduced_activity_context,9.8983,distance_m,-3.672,distance_to_public_toilet_m,-2.0791,contextual_footfall_proxy,-1.9854,lighting_relevance,1.5561,reduced_activity_context increased risk (+9.90); distance_m reduced risk (-3.67); distance_to_public_toilet_m reduced risk (-2.08); contextual_footfall_proxy reduced risk (-1.99); lighting_relevance increased risk (+1.56)
1010,AIIMS to Lajpat Nagar (Ring Road),South East,Late Night,0,41.0949,38.4122,Moderate,reduced_activity_context,10.9984,distance_m,-3.4398,contextual_footfall_proxy,2.1145,distance_to_public_toilet_m,-2.0651,lighting_relevance,1.7937,reduced_activity_context increased risk (+11.00); distance_m reduced risk (-3.44); contextual_footfall_proxy increased risk (+2.11); distance_to_public_toilet_m reduced risk (-2.07); lighting_relevance increased risk (+1.79)
1010,AIIMS to Lajpat Nagar (Ring Road),South East,Late Night,1,41.0949,43.4122,Moderate,reduced_activity_context,10.9984,distance_m,-3.4398,contextual_footfall_proxy,2.1145,distance_to_public_toilet_m,-2.0651,lighting_relevance,1.7937,reduced_activity_context increased risk (+11.00); distance_m reduced risk (-3.44); contextual_footfall_proxy increased risk (+2.11); distance_to_public_toilet_m reduced risk (-2.07); lighting_relevance increased risk (+1.79)
1011,Lajpat Nagar to Kalkaji,South East,Morning,0,29.6285,13.918,Low,reduced_activity_context,-6.5252,distance_m,5.3906,lighting_score,3.1696,contextual_footfall_proxy,-2.0212,distance_to_public_toilet_m,-1.6501,reduced_activity_context reduced risk (-6.53); distance_m increased risk (+5.39); lighting_score increased risk (+3.17); contextual_footfall_proxy reduced risk (-2.02); distance_to_public_toilet_m reduced risk (-1.65)
1011,Lajpat Nagar to Kalkaji,South East,Morning,1,29.6285,18.918,Low,reduced_activity_context,-6.5252,distance_m,5.3906,lighting_score,3.1696,contextual_footfall_proxy,-2.0212,distance_to_public_toilet_m,-1.6501,reduced_activity_context reduced risk (-6.53); distance_m increased risk (+5.39); lighting_score increased risk (+3.17); contextual_footfall_proxy reduced risk (-2.02); distance_to_public_toilet_m reduced risk (-1.65)
1011,Lajpat Nagar to Kalkaji,South East,Day,0,28.1627,10.418,Low,reduced_activity_context,-6.6189,distance_m,5.3619,lighting_score,3.1104,contextual_footfall_proxy,-2.8817,distance_to_public_toilet_m,-1.5978,reduced_activity_context reduced risk (-6.62); distance_m increased risk (+5.36); lighting_score increased risk (+3.11); contextual_footfall_proxy reduced risk (-2.88); distance_to_public_toilet_m reduced risk (-1.60)
1011,Lajpat Nagar to Kalkaji,South East,Day,1,28.1627,15.418,Low,reduced_activity_context,-6.6189,distance_m,5.3619,lighting_score,3.1104,contextual_footfall_proxy,-2.8817,distance_to_public_toilet_m,-1.5978,reduced_activity_context reduced risk (-6.62); distance_m increased risk (+5.36); lighting_score increased risk (+3.11); contextual_footfall_proxy reduced risk (-2.88); distance_to_public_toilet_m reduced risk (-1.60)
1011,Lajpat Nagar to Kalkaji,South East,Evening,0,34.5351,20.918,Low,reduced_activity_context,-5.9005,distance_m,5.2717,lighting_score,3.1087,contextual_footfall_proxy,1.7096,distance_to_public_toilet_m,-1.6048,reduced_activity_context reduced risk (-5.90); distance_m increased risk (+5.27); lighting_score increased risk (+3.11); contextual_footfall_proxy increased risk (+1.71); distance_to_public_toilet_m reduced risk (-1.60)
1011,Lajpat Nagar to Kalkaji,South East,Evening,1,34.5351,25.918,Low,reduced_activity_context,-5.9005,distance_m,5.2717,lighting_score,3.1087,contextual_footfall_proxy,1.7096,distance_to_public_toilet_m,-1.6048,reduced_activity_context reduced risk (-5.90); distance_m increased risk (+5.27); lighting_score increased risk (+3.11); contextual_footfall_proxy increased risk (+1.71); distance_to_public_toilet_m reduced risk (-1.60)
1011,Lajpat Nagar to Kalkaji,South East,Night,0,53.3528,31.418,Low,reduced_activity_context,10.6864,distance_m,6.0717,lighting_score,3.4773,lighting_relevance,1.7296,distance_to_hospital_m,1.4905,reduced_activity_context increased risk (+10.69); distance_m increased risk (+6.07); lighting_score increased risk (+3.48); lighting_relevance increased risk (+1.73); distance_to_hospital_m increased risk (+1.49)
1011,Lajpat Nagar to Kalkaji,South East,Night,1,53.3528,36.418,Moderate,reduced_activity_context,10.6864,distance_m,6.0717,lighting_score,3.4773,lighting_relevance,1.7296,distance_to_hospital_m,1.4905,reduced_activity_context increased risk (+10.69); distance_m increased risk (+6.07); lighting_score increased risk (+3.48); lighting_relevance increased risk (+1.73); distance_to_hospital_m increased risk (+1.49)
1011,Lajpat Nagar to Kalkaji,South East,Late Night,0,53.9307,38.418,Moderate,reduced_activity_context,11.2746,distance_m,5.1413,lighting_score,3.7335,lighting_relevance,1.8664,distance_to_hospital_m,1.4632,reduced_activity_context increased risk (+11.27); distance_m increased risk (+5.14); lighting_score increased risk (+3.73); lighting_relevance increased risk (+1.87); distance_to_hospital_m increased risk (+1.46)
1011,Lajpat Nagar to Kalkaji,South East,Late Night,1,53.9307,43.418,Moderate,reduced_activity_context,11.2746,distance_m,5.1413,lighting_score,3.7335,lighting_relevance,1.8664,distance_to_hospital_m,1.4632,reduced_activity_context increased risk (+11.27); distance_m increased risk (+5.14); lighting_score increased risk (+3.73); lighting_relevance increased risk (+1.87); distance_to_hospital_m increased risk (+1.46)
1012,Kalkaji to Okhla Industrial Area,South East,Morning,0,16.809,14.9128,Low,reduced_activity_context,-6.7794,lighting_score,-3.5781,contextual_footfall_proxy,-2.2327,distance_m,1.7402,cctv_coverage_score,-1.3144,reduced_activity_context reduced risk (-6.78); lighting_score reduced risk (-3.58); contextual_footfall_proxy reduced risk (-2.23); distance_m increased risk (+1.74); cctv_coverage_score reduced risk (-1.31)
1012,Kalkaji to Okhla Industrial Area,South East,Morning,1,16.809,19.9128,Low,reduced_activity_context,-6.7794,lighting_score,-3.5781,contextual_footfall_proxy,-2.2327,distance_m,1.7402,cctv_coverage_score,-1.3144,reduced_activity_context reduced risk (-6.78); lighting_score reduced risk (-3.58); contextual_footfall_proxy reduced risk (-2.23); distance_m increased risk (+1.74); cctv_coverage_score reduced risk (-1.31)
1012,Kalkaji to Okhla Industrial Area,South East,Day,0,16.4913,11.4128,Low,reduced_activity_context,-6.7965,lighting_score,-3.5781,contextual_footfall_proxy,-2.3498,distance_m,1.7161,cctv_coverage_score,-1.361,reduced_activity_context reduced risk (-6.80); lighting_score reduced risk (-3.58); contextual_footfall_proxy reduced risk (-2.35); distance_m increased risk (+1.72); cctv_coverage_score reduced risk (-1.36)
1012,Kalkaji to Okhla Industrial Area,South East,Day,1,16.4913,16.4128,Low,reduced_activity_context,-6.7965,lighting_score,-3.5781,contextual_footfall_proxy,-2.3498,distance_m,1.7161,cctv_coverage_score,-1.361,reduced_activity_context reduced risk (-6.80); lighting_score reduced risk (-3.58); contextual_footfall_proxy reduced risk (-2.35); distance_m increased risk (+1.72); cctv_coverage_score reduced risk (-1.36)
1012,Kalkaji to Okhla Industrial Area,South East,Evening,0,22.1856,21.9128,Low,reduced_activity_context,-6.3515,lighting_score,-2.8172,distance_m,2.2323,cctv_coverage_score,-1.1135,distance_to_public_toilet_m,-1.0765,reduced_activity_context reduced risk (-6.35); lighting_score reduced risk (-2.82); distance_m increased risk (+2.23); cctv_coverage_score reduced risk (-1.11); distance_to_public_toilet_m reduced risk (-1.08)
1012,Kalkaji to Okhla Industrial Area,South East,Evening,1,22.1856,26.9128,Low,reduced_activity_context,-6.3515,lighting_score,-2.8172,distance_m,2.2323,cctv_coverage_score,-1.1135,distance_to_public_toilet_m,-1.0765,reduced_activity_context reduced risk (-6.35); lighting_score reduced risk (-2.82); distance_m increased risk (+2.23); cctv_coverage_score reduced risk (-1.11); distance_to_public_toilet_m reduced risk (-1.08)
1012,Kalkaji to Okhla Industrial Area,South East,Night,0,36.8457,32.4128,Low,reduced_activity_context,10.1015,lighting_score,-3.6642,cctv_coverage_score,-1.8411,distance_m,1.8315,lighting_relevance,1.6943,reduced_activity_context increased risk (+10.10); lighting_score reduced risk (-3.66); cctv_coverage_score reduced risk (-1.84); distance_m increased risk (+1.83); lighting_relevance increased risk (+1.69)
1012,Kalkaji to Okhla Industrial Area,South East,Night,1,36.8457,37.4128,Moderate,reduced_activity_context,10.1015,lighting_score,-3.6642,cctv_coverage_score,-1.8411,distance_m,1.8315,lighting_relevance,1.6943,reduced_activity_context increased risk (+10.10); lighting_score reduced risk (-3.66); cctv_coverage_score reduced risk (-1.84); distance_m increased risk (+1.83); lighting_relevance increased risk (+1.69)
1012,Kalkaji to Okhla Industrial Area,South East,Late Night,0,39.7753,39.4128,Moderate,reduced_activity_context,10.5172,lighting_score,-3.4223,distance_m,2.1781,lighting_relevance,1.7281,cctv_coverage_score,-1.4529,reduced_activity_context increased risk (+10.52); lighting_score reduced risk (-3.42); distance_m increased risk (+2.18); lighting_relevance increased risk (+1.73); cctv_coverage_score reduced risk (-1.45)
1012,Kalkaji to Okhla Industrial Area,South East,Late Night,1,39.7753,44.4128,Moderate,reduced_activity_context,10.5172,lighting_score,-3.4223,distance_m,2.1781,lighting_relevance,1.7281,cctv_coverage_score,-1.4529,reduced_activity_context increased risk (+10.52); lighting_score reduced risk (-3.42); distance_m increased risk (+2.18); lighting_relevance increased risk (+1.73); cctv_coverage_score reduced risk (-1.45)
1013,AIIMS to RML Hospital (Sri Aurobindo Marg),South West,Morning,0,12.2935,10.5005,Low,reduced_activity_context,-6.1954,distance_m,-3.7632,contextual_footfall_proxy,-3.2384,distance_to_public_toilet_m,-2.7426,footfall_proxy,-1.2121,reduced_activity_context reduced risk (-6.20); distance_m reduced risk (-3.76); contextual_footfall_proxy reduced risk (-3.24); distance_to_public_toilet_m reduced risk (-2.74); footfall_proxy reduced risk (-1.21)
1013,AIIMS to RML Hospital (Sri Aurobindo Marg),South West,Morning,1,12.2935,15.5005,Low,reduced_activity_context,-6.1954,distance_m,-3.7632,contextual_footfall_proxy,-3.2384,distance_to_public_toilet_m,-2.7426,footfall_proxy,-1.2121,reduced_activity_context reduced risk (-6.20); distance_m reduced risk (-3.76); contextual_footfall_proxy reduced risk (-3.24); distance_to_public_toilet_m reduced risk (-2.74); footfall_proxy reduced risk (-1.21)
1013,AIIMS to RML Hospital (Sri Aurobindo Marg),South West,Day,0,11.1991,7.0005,Low,reduced_activity_context,-6.2331,contextual_footfall_proxy,-4.0075,distance_m,-3.7879,distance_to_public_toilet_m,-2.7355,footfall_proxy,-1.3059,reduced_activity_context reduced risk (-6.23); contextual_footfall_proxy reduced risk (-4.01); distance_m reduced risk (-3.79); distance_to_public_toilet_m reduced risk (-2.74); footfall_proxy reduced risk (-1.31)
1013,AIIMS to RML Hospital (Sri Aurobindo Marg),South West,Day,1,11.1991,12.0005,Low,reduced_activity_context,-6.2331,contextual_footfall_proxy,-4.0075,distance_m,-3.7879,distance_to_public_toilet_m,-2.7355,footfall_proxy,-1.3059,reduced_activity_context reduced risk (-6.23); contextual_footfall_proxy reduced risk (-4.01); distance_m reduced risk (-3.79); distance_to_public_toilet_m reduced risk (-2.74); footfall_proxy reduced risk (-1.31)
1013,AIIMS to RML Hospital (Sri Aurobindo Marg),South West,Evening,0,18.7391,17.5005,Low,reduced_activity_context,-5.6978,distance_m,-3.5137,distance_to_public_toilet_m,-2.7431,contextual_footfall_proxy,0.8679,lighting_relevance,-0.8203,reduced_activity_context reduced risk (-5.70); distance_m reduced risk (-3.51); distance_to_public_toilet_m reduced risk (-2.74); contextual_footfall_proxy increased risk (+0.87); lighting_relevance reduced risk (-0.82)
1013,AIIMS to RML Hospital (Sri Aurobindo Marg),South West,Evening,1,18.7391,22.5005,Low,reduced_activity_context,-5.6978,distance_m,-3.5137,distance_to_public_toilet_m,-2.7431,contextual_footfall_proxy,0.8679,lighting_relevance,-0.8203,reduced_activity_context reduced risk (-5.70); distance_m reduced risk (-3.51); distance_to_public_toilet_m reduced risk (-2.74); contextual_footfall_proxy increased risk (+0.87); lighting_relevance reduced risk (-0.82)
1013,AIIMS to RML Hospital (Sri Aurobindo Marg),South West,Night,0,31.3055,28.0005,Low,reduced_activity_context,9.546,distance_m,-4.3129,distance_to_public_toilet_m,-2.4582,contextual_footfall_proxy,-1.9072,lighting_relevance,1.5654,reduced_activity_context increased risk (+9.55); distance_m reduced risk (-4.31); distance_to_public_toilet_m reduced risk (-2.46); contextual_footfall_proxy reduced risk (-1.91); lighting_relevance increased risk (+1.57)
1013,AIIMS to RML Hospital (Sri Aurobindo Marg),South West,Night,1,31.3055,33.0005,Moderate,reduced_activity_context,9.546,distance_m,-4.3129,distance_to_public_toilet_m,-2.4582,contextual_footfall_proxy,-1.9072,lighting_relevance,1.5654,reduced_activity_context increased risk (+9.55); distance_m reduced risk (-4.31); distance_to_public_toilet_m reduced risk (-2.46); contextual_footfall_proxy reduced risk (-1.91); lighting_relevance increased risk (+1.57)
1013,AIIMS to RML Hospital (Sri Aurobindo Marg),South West,Late Night,0,37.1185,35.0005,Moderate,reduced_activity_context,10.4528,distance_m,-3.9407,distance_to_public_toilet_m,-2.4357,contextual_footfall_proxy,1.9082,lighting_relevance,1.7709,reduced_activity_context increased risk (+10.45); distance_m reduced risk (-3.94); distance_to_public_toilet_m reduced risk (-2.44); contextual_footfall_proxy increased risk (+1.91); lighting_relevance increased risk (+1.77)
1013,AIIMS to RML Hospital (Sri Aurobindo Marg),South West,Late Night,1,37.1185,40.0005,Moderate,reduced_activity_context,10.4528,distance_m,-3.9407,distance_to_public_toilet_m,-2.4357,contextual_footfall_proxy,1.9082,lighting_relevance,1.7709,reduced_activity_context increased risk (+10.45); distance_m reduced risk (-3.94); distance_to_public_toilet_m reduced risk (-2.44); contextual_footfall_proxy increased risk (+1.91); lighting_relevance increased risk (+1.77)
1014,RML to Connaught Place,New Delhi,Morning,0,48.9279,46.2286,Moderate,distance_to_public_toilet_m,9.1784,distance_m,8.0263,reduced_activity_context,-6.0732,lighting_score,3.0415,estimated_travel_time_s,2.2674,distance_to_public_toilet_m increased risk (+9.18); distance_m increased risk (+8.03); reduced_activity_context reduced risk (-6.07); lighting_score increased risk (+3.04); estimated_travel_time_s increased risk (+2.27)
1014,RML to Connaught Place,New Delhi,Morning,1,48.9279,51.2286,Moderate,distance_to_public_toilet_m,9.1784,distance_m,8.0263,reduced_activity_context,-6.0732,lighting_score,3.0415,estimated_travel_time_s,2.2674,distance_to_public_toilet_m increased risk (+9.18); distance_m increased risk (+8.03); reduced_activity_context reduced risk (-6.07); lighting_score increased risk (+3.04); estimated_travel_time_s increased risk (+2.27)
1014,RML to Connaught Place,New Delhi,Day,0,46.2626,42.7286,Moderate,distance_to_public_toilet_m,9.0296,distance_m,7.8298,reduced_activity_context,-6.2127,contextual_footfall_proxy,-3.389,lighting_score,3.008,distance_to_public_toilet_m increased risk (+9.03); distance_m increased risk (+7.83); reduced_activity_context reduced risk (-6.21); contextual_footfall_proxy reduced risk (-3.39); lighting_score increased risk (+3.01)
1014,RML to Connaught Place,New Delhi,Day,1,46.2626,47.7286,Moderate,distance_to_public_toilet_m,9.0296,distance_m,7.8298,reduced_activity_context,-6.2127,contextual_footfall_proxy,-3.389,lighting_score,3.008,distance_to_public_toilet_m increased risk (+9.03); distance_m increased risk (+7.83); reduced_activity_context reduced risk (-6.21); contextual_footfall_proxy reduced risk (-3.39); lighting_score increased risk (+3.01)
1014,RML to Connaught Place,New Delhi,Evening,0,54.0045,53.2286,Moderate,distance_to_public_toilet_m,8.5602,distance_m,7.8214,reduced_activity_context,-5.5029,lighting_score,3.1742,contextual_footfall_proxy,2.1435,distance_to_public_toilet_m increased risk (+8.56); distance_m increased risk (+7.82); reduced_activity_context reduced risk (-5.50); lighting_score increased risk (+3.17); contextual_footfall_proxy increased risk (+2.14)
1014,RML to Connaught Place,New Delhi,Evening,1,54.0045,58.2286,Moderate,distance_to_public_toilet_m,8.5602,distance_m,7.8214,reduced_activity_context,-5.5029,lighting_score,3.1742,contextual_footfall_proxy,2.1435,distance_to_public_toilet_m increased risk (+8.56); distance_m increased risk (+7.82); reduced_activity_context reduced risk (-5.50); lighting_score increased risk (+3.17); contextual_footfall_proxy increased risk (+2.14)
1014,RML to Connaught Place,New Delhi,Night,0,67.4396,63.7286,Moderate,reduced_activity_context,9.9543,distance_m,8.5527,distance_to_public_toilet_m,7.8867,lighting_score,3.1763,distance_to_hospital_m,1.9628,reduced_activity_context increased risk (+9.95); distance_m increased risk (+8.55); distance_to_public_toilet_m increased risk (+7.89); lighting_score increased risk (+3.18); distance_to_hospital_m increased risk (+1.96)
1014,RML to Connaught Place,New Delhi,Night,1,67.4396,68.7286,High,reduced_activity_context,9.9543,distance_m,8.5527,distance_to_public_toilet_m,7.8867,lighting_score,3.1763,distance_to_hospital_m,1.9628,reduced_activity_context increased risk (+9.95); distance_m increased risk (+8.55); distance_to_public_toilet_m increased risk (+7.89); lighting_score increased risk (+3.18); distance_to_hospital_m increased risk (+1.96)
1014,RML to Connaught Place,New Delhi,Late Night,0,72.2958,70.7286,High,reduced_activity_context,10.5495,distance_to_public_toilet_m,8.2081,distance_m,7.9824,lighting_score,3.451,contextual_footfall_proxy,2.3994,reduced_activity_context increased risk (+10.55); distance_to_public_toilet_m increased risk (+8.21); distance_m increased risk (+7.98); lighting_score increased risk (+3.45); contextual_footfall_proxy increased risk (+2.40)
1014,RML to Connaught Place,New Delhi,Late Night,1,72.2958,75.7286,High,reduced_activity_context,10.5495,distance_to_public_toilet_m,8.2081,distance_m,7.9824,lighting_score,3.451,contextual_footfall_proxy,2.3994,reduced_activity_context increased risk (+10.55); distance_to_public_toilet_m increased risk (+8.21); distance_m increased risk (+7.98); lighting_score increased risk (+3.45); contextual_footfall_proxy increased risk (+2.40)
1015,Connaught Place to Karol Bagh,Central,Morning,0,23.9589,24.4913,Low,distance_to_public_toilet_m,6.6809,reduced_activity_context,-6.0026,cctv_coverage_score,-3.6071,distance_m,-3.0296,contextual_footfall_proxy,-2.4187,distance_to_public_toilet_m increased risk (+6.68); reduced_activity_context reduced risk (-6.00); cctv_coverage_score reduced risk (-3.61); distance_m reduced risk (-3.03); contextual_footfall_proxy reduced risk (-2.42)
1015,Connaught Place to Karol Bagh,Central,Morning,1,23.9589,29.4913,Low,distance_to_public_toilet_m,6.6809,reduced_activity_context,-6.0026,cctv_coverage_score,-3.6071,distance_m,-3.0296,contextual_footfall_proxy,-2.4187,distance_to_public_toilet_m increased risk (+6.68); reduced_activity_context reduced risk (-6.00); cctv_coverage_score reduced risk (-3.61); distance_m reduced risk (-3.03); contextual_footfall_proxy reduced risk (-2.42)
1015,Connaught Place to Karol Bagh,Central,Day,0,22.7496,20.9913,Low,distance_to_public_toilet_m,6.5346,reduced_activity_context,-6.0628,cctv_coverage_score,-3.4593,contextual_footfall_proxy,-3.3596,distance_m,-2.9926,distance_to_public_toilet_m increased risk (+6.53); reduced_activity_context reduced risk (-6.06); cctv_coverage_score reduced risk (-3.46); contextual_footfall_proxy reduced risk (-3.36); distance_m reduced risk (-2.99)
1015,Connaught Place to Karol Bagh,Central,Day,1,22.7496,25.9913,Low,distance_to_public_toilet_m,6.5346,reduced_activity_context,-6.0628,cctv_coverage_score,-3.4593,contextual_footfall_proxy,-3.3596,distance_m,-2.9926,distance_to_public_toilet_m increased risk (+6.53); reduced_activity_context reduced risk (-6.06); cctv_coverage_score reduced risk (-3.46); contextual_footfall_proxy reduced risk (-3.36); distance_m reduced risk (-2.99)
1015,Connaught Place to Karol Bagh,Central,Evening,0,26.8137,31.4913,Low,distance_to_public_toilet_m,6.0121,reduced_activity_context,-5.6221,cctv_coverage_score,-4.1877,distance_m,-2.9412,distance_to_hospital_m,1.1877,distance_to_public_toilet_m increased risk (+6.01); reduced_activity_context reduced risk (-5.62); cctv_coverage_score reduced risk (-4.19); distance_m reduced risk (-2.94); distance_to_hospital_m increased risk (+1.19)
1015,Connaught Place to Karol Bagh,Central,Evening,1,26.8137,36.4913,Moderate,distance_to_public_toilet_m,6.0121,reduced_activity_context,-5.6221,cctv_coverage_score,-4.1877,distance_m,-2.9412,distance_to_hospital_m,1.1877,distance_to_public_toilet_m increased risk (+6.01); reduced_activity_context reduced risk (-5.62); cctv_coverage_score reduced risk (-4.19); distance_m reduced risk (-2.94); distance_to_hospital_m increased risk (+1.19)
1015,Connaught Place to Karol Bagh,Central,Night,0,42.9013,41.9913,Moderate,reduced_activity_context,9.5831,distance_to_public_toilet_m,5.5804,distance_m,-3.6216,cctv_coverage_score,-3.2229,lighting_score,1.4456,reduced_activity_context increased risk (+9.58); distance_to_public_toilet_m increased risk (+5.58); distance_m reduced risk (-3.62); cctv_coverage_score reduced risk (-3.22); lighting_score increased risk (+1.45)
1015,Connaught Place to Karol Bagh,Central,Night,1,42.9013,46.9913,Moderate,reduced_activity_context,9.5831,distance_to_public_toilet_m,5.5804,distance_m,-3.6216,cctv_coverage_score,-3.2229,lighting_score,1.4456,reduced_activity_context increased risk (+9.58); distance_to_public_toilet_m increased risk (+5.58); distance_m reduced risk (-3.62); cctv_coverage_score reduced risk (-3.22); lighting_score increased risk (+1.45)
1015,Connaught Place to Karol Bagh,Central,Late Night,0,48.267,48.9913,Moderate,reduced_activity_context,10.3303,distance_to_public_toilet_m,5.5966,cctv_coverage_score,-3.434,distance_m,-3.2443,contextual_footfall_proxy,2.6569,reduced_activity_context increased risk (+10.33); distance_to_public_toilet_m increased risk (+5.60); cctv_coverage_score reduced risk (-3.43); distance_m reduced risk (-3.24); contextual_footfall_proxy increased risk (+2.66)
1015,Connaught Place to Karol Bagh,Central,Late Night,1,48.267,53.9913,Moderate,reduced_activity_context,10.3303,distance_to_public_toilet_m,5.5966,cctv_coverage_score,-3.434,distance_m,-3.2443,contextual_footfall_proxy,2.6569,reduced_activity_context increased risk (+10.33); distance_to_public_toilet_m increased risk (+5.60); cctv_coverage_score reduced risk (-3.43); distance_m reduced risk (-3.24); contextual_footfall_proxy increased risk (+2.66)
1016,Karol Bagh to Rajouri Garden,West,Morning,0,14.9834,13.4183,Low,reduced_activity_context,-6.1983,distance_m,-4.2487,contextual_footfall_proxy,-2.9974,distance_to_public_toilet_m,-1.4817,lighting_score,1.1495,reduced_activity_context reduced risk (-6.20); distance_m reduced risk (-4.25); contextual_footfall_proxy reduced risk (-3.00); distance_to_public_toilet_m reduced risk (-1.48); lighting_score increased risk (+1.15)
1016,Karol Bagh to Rajouri Garden,West,Morning,1,14.9834,18.4183,Low,reduced_activity_context,-6.1983,distance_m,-4.2487,contextual_footfall_proxy,-2.9974,distance_to_public_toilet_m,-1.4817,lighting_score,1.1495,reduced_activity_context reduced risk (-6.20); distance_m reduced risk (-4.25); contextual_footfall_proxy reduced risk (-3.00); distance_to_public_toilet_m reduced risk (-1.48); lighting_score increased risk (+1.15)
1016,Karol Bagh to Rajouri Garden,West,Day,0,13.6211,9.9183,Low,reduced_activity_context,-6.2281,distance_m,-4.2736,contextual_footfall_proxy,-3.9147,distance_to_public_toilet_m,-1.5315,lighting_score,1.0991,reduced_activity_context reduced risk (-6.23); distance_m reduced risk (-4.27); contextual_footfall_proxy reduced risk (-3.91); distance_to_public_toilet_m reduced risk (-1.53); lighting_score increased risk (+1.10)
1016,Karol Bagh to Rajouri Garden,West,Day,1,13.6211,14.9183,Low,reduced_activity_context,-6.2281,distance_m,-4.2736,contextual_footfall_proxy,-3.9147,distance_to_public_toilet_m,-1.5315,lighting_score,1.0991,reduced_activity_context reduced risk (-6.23); distance_m reduced risk (-4.27); contextual_footfall_proxy reduced risk (-3.91); distance_to_public_toilet_m reduced risk (-1.53); lighting_score increased risk (+1.10)
1016,Karol Bagh to Rajouri Garden,West,Evening,0,21.7643,20.4183,Low,reduced_activity_context,-5.7023,distance_m,-3.9969,lighting_score,1.3124,distance_to_public_toilet_m,-1.2276,contextual_footfall_proxy,1.162,reduced_activity_context reduced risk (-5.70); distance_m reduced risk (-4.00); lighting_score increased risk (+1.31); distance_to_public_toilet_m reduced risk (-1.23); contextual_footfall_proxy increased risk (+1.16)
1016,Karol Bagh to Rajouri Garden,West,Evening,1,21.7643,25.4183,Low,reduced_activity_context,-5.7023,distance_m,-3.9969,lighting_score,1.3124,distance_to_public_toilet_m,-1.2276,contextual_footfall_proxy,1.162,reduced_activity_context reduced risk (-5.70); distance_m reduced risk (-4.00); lighting_score increased risk (+1.31); distance_to_public_toilet_m reduced risk (-1.23); contextual_footfall_proxy increased risk (+1.16)
1016,Karol Bagh to Rajouri Garden,West,Night,0,34.1301,30.9183,Low,reduced_activity_context,9.7824,distance_m,-4.4594,contextual_footfall_proxy,-1.7556,lighting_relevance,1.4816,lighting_score,1.3424,reduced_activity_context increased risk (+9.78); distance_m reduced risk (-4.46); contextual_footfall_proxy reduced risk (-1.76); lighting_relevance increased risk (+1.48); lighting_score increased risk (+1.34)
1016,Karol Bagh to Rajouri Garden,West,Night,1,34.1301,35.9183,Moderate,reduced_activity_context,9.7824,distance_m,-4.4594,contextual_footfall_proxy,-1.7556,lighting_relevance,1.4816,lighting_score,1.3424,reduced_activity_context increased risk (+9.78); distance_m reduced risk (-4.46); contextual_footfall_proxy reduced risk (-1.76); lighting_relevance increased risk (+1.48); lighting_score increased risk (+1.34)
1016,Karol Bagh to Rajouri Garden,West,Late Night,0,40.0584,37.9183,Moderate,reduced_activity_context,10.6779,distance_m,-4.0991,contextual_footfall_proxy,1.9269,lighting_relevance,1.7228,lighting_score,1.6229,reduced_activity_context increased risk (+10.68); distance_m reduced risk (-4.10); contextual_footfall_proxy increased risk (+1.93); lighting_relevance increased risk (+1.72); lighting_score increased risk (+1.62)
1016,Karol Bagh to Rajouri Garden,West,Late Night,1,40.0584,42.9183,Moderate,reduced_activity_context,10.6779,distance_m,-4.0991,contextual_footfall_proxy,1.9269,lighting_relevance,1.7228,lighting_score,1.6229,reduced_activity_context increased risk (+10.68); distance_m reduced risk (-4.10); contextual_footfall_proxy increased risk (+1.93); lighting_relevance increased risk (+1.72); lighting_score increased risk (+1.62)
1017,Rajouri Garden to Janakpuri,West,Morning,0,15.2331,13.4181,Low,reduced_activity_context,-6.3148,distance_m,-3.6715,contextual_footfall_proxy,-1.5427,footfall_proxy,-1.4155,distance_to_public_toilet_m,-1.2082,reduced_activity_context reduced risk (-6.31); distance_m reduced risk (-3.67); contextual_footfall_proxy reduced risk (-1.54); footfall_proxy reduced risk (-1.42); distance_to_public_toilet_m reduced risk (-1.21)
1017,Rajouri Garden to Janakpuri,West,Morning,1,15.2331,18.4181,Low,reduced_activity_context,-6.3148,distance_m,-3.6715,contextual_footfall_proxy,-1.5427,footfall_proxy,-1.4155,distance_to_public_toilet_m,-1.2082,reduced_activity_context reduced risk (-6.31); distance_m reduced risk (-3.67); contextual_footfall_proxy reduced risk (-1.54); footfall_proxy reduced risk (-1.42); distance_to_public_toilet_m reduced risk (-1.21)
1017,Rajouri Garden to Janakpuri,West,Day,0,13.3859,9.9181,Low,reduced_activity_context,-6.432,distance_m,-3.7037,contextual_footfall_proxy,-2.9282,footfall_proxy,-1.6875,distance_to_public_toilet_m,-1.1941,reduced_activity_context reduced risk (-6.43); distance_m reduced risk (-3.70); contextual_footfall_proxy reduced risk (-2.93); footfall_proxy reduced risk (-1.69); distance_to_public_toilet_m reduced risk (-1.19)
1017,Rajouri Garden to Janakpuri,West,Day,1,13.3859,14.9181,Low,reduced_activity_context,-6.432,distance_m,-3.7037,contextual_footfall_proxy,-2.9282,footfall_proxy,-1.6875,distance_to_public_toilet_m,-1.1941,reduced_activity_context reduced risk (-6.43); distance_m reduced risk (-3.70); contextual_footfall_proxy reduced risk (-2.93); footfall_proxy reduced risk (-1.69); distance_to_public_toilet_m reduced risk (-1.19)
1017,Rajouri Garden to Janakpuri,West,Evening,0,22.7635,20.4181,Low,reduced_activity_context,-5.2242,contextual_footfall_proxy,4.0407,distance_m,-3.4009,footfall_proxy,-1.1626,distance_to_public_toilet_m,-1.1066,reduced_activity_context reduced risk (-5.22); contextual_footfall_proxy increased risk (+4.04); distance_m reduced risk (-3.40); footfall_proxy reduced risk (-1.16); distance_to_public_toilet_m reduced risk (-1.11)
1017,Rajouri Garden to Janakpuri,West,Evening,1,22.7635,25.4181,Low,reduced_activity_context,-5.2242,contextual_footfall_proxy,4.0407,distance_m,-3.4009,footfall_proxy,-1.1626,distance_to_public_toilet_m,-1.1066,reduced_activity_context reduced risk (-5.22); contextual_footfall_proxy increased risk (+4.04); distance_m reduced risk (-3.40); footfall_proxy reduced risk (-1.16); distance_to_public_toilet_m reduced risk (-1.11)
1017,Rajouri Garden to Janakpuri,West,Night,0,33.9585,30.9181,Low,reduced_activity_context,9.8279,distance_m,-3.7495,contextual_footfall_proxy,-2.2269,lighting_relevance,1.5363,footfall_proxy,-1.2903,reduced_activity_context increased risk (+9.83); distance_m reduced risk (-3.75); contextual_footfall_proxy reduced risk (-2.23); lighting_relevance increased risk (+1.54); footfall_proxy reduced risk (-1.29)
1017,Rajouri Garden to Janakpuri,West,Night,1,33.9585,35.9181,Moderate,reduced_activity_context,9.8279,distance_m,-3.7495,contextual_footfall_proxy,-2.2269,lighting_relevance,1.5363,footfall_proxy,-1.2903,reduced_activity_context increased risk (+9.83); distance_m reduced risk (-3.75); contextual_footfall_proxy reduced risk (-2.23); lighting_relevance increased risk (+1.54); footfall_proxy reduced risk (-1.29)
1017,Rajouri Garden to Janakpuri,West,Late Night,0,39.7422,37.9181,Moderate,reduced_activity_context,11.1066,distance_m,-3.5649,lighting_relevance,1.7695,footfall_proxy,-1.1124,lighting_score,1.1023,reduced_activity_context increased risk (+11.11); distance_m reduced risk (-3.56); lighting_relevance increased risk (+1.77); footfall_proxy reduced risk (-1.11); lighting_score increased risk (+1.10)
1017,Rajouri Garden to Janakpuri,West,Late Night,1,39.7422,42.9181,Moderate,reduced_activity_context,11.1066,distance_m,-3.5649,lighting_relevance,1.7695,footfall_proxy,-1.1124,lighting_score,1.1023,reduced_activity_context increased risk (+11.11); distance_m reduced risk (-3.56); lighting_relevance increased risk (+1.77); footfall_proxy reduced risk (-1.11); lighting_score increased risk (+1.10)
1018,Janakpuri to Dwarka Sec 23,South West,Morning,0,13.0725,10.5,Low,reduced_activity_context,-6.4032,distance_m,-5.2827,footfall_proxy,-2.0548,distance_to_public_toilet_m,-2.011,estimated_travel_time_s,-1.2099,reduced_activity_context reduced risk (-6.40); distance_m reduced risk (-5.28); footfall_proxy reduced risk (-2.05); distance_to_public_toilet_m reduced risk (-2.01); estimated_travel_time_s reduced risk (-1.21)
1018,Janakpuri to Dwarka Sec 23,South West,Morning,1,13.0725,15.5,Low,reduced_activity_context,-6.4032,distance_m,-5.2827,footfall_proxy,-2.0548,distance_to_public_toilet_m,-2.011,estimated_travel_time_s,-1.2099,reduced_activity_context reduced risk (-6.40); distance_m reduced risk (-5.28); footfall_proxy reduced risk (-2.05); distance_to_public_toilet_m reduced risk (-2.01); estimated_travel_time_s reduced risk (-1.21)
1018,Janakpuri to Dwarka Sec 23,South West,Day,0,10.7277,7.0,Low,reduced_activity_context,-6.6992,distance_m,-5.1806,footfall_proxy,-2.2533,distance_to_public_toilet_m,-1.9849,estimated_travel_time_s,-1.2525,reduced_activity_context reduced risk (-6.70); distance_m reduced risk (-5.18); footfall_proxy reduced risk (-2.25); distance_to_public_toilet_m reduced risk (-1.98); estimated_travel_time_s reduced risk (-1.25)
1018,Janakpuri to Dwarka Sec 23,South West,Day,1,10.7277,12.0,Low,reduced_activity_context,-6.6992,distance_m,-5.1806,footfall_proxy,-2.2533,distance_to_public_toilet_m,-1.9849,estimated_travel_time_s,-1.2525,reduced_activity_context reduced risk (-6.70); distance_m reduced risk (-5.18); footfall_proxy reduced risk (-2.25); distance_to_public_toilet_m reduced risk (-1.98); estimated_travel_time_s reduced risk (-1.25)
1018,Janakpuri to Dwarka Sec 23,South West,Evening,0,19.6943,17.5,Low,reduced_activity_context,-5.6933,contextual_footfall_proxy,5.6042,distance_m,-5.1728,distance_to_public_toilet_m,-1.828,footfall_proxy,-1.6769,reduced_activity_context reduced risk (-5.69); contextual_footfall_proxy increased risk (+5.60); distance_m reduced risk (-5.17); distance_to_public_toilet_m reduced risk (-1.83); footfall_proxy reduced risk (-1.68)
1018,Janakpuri to Dwarka Sec 23,South West,Evening,1,19.6943,22.5,Low,reduced_activity_context,-5.6933,contextual_footfall_proxy,5.6042,distance_m,-5.1728,distance_to_public_toilet_m,-1.828,footfall_proxy,-1.6769,reduced_activity_context reduced risk (-5.69); contextual_footfall_proxy increased risk (+5.60); distance_m reduced risk (-5.17); distance_to_public_toilet_m reduced risk (-1.83); footfall_proxy reduced risk (-1.68)
1018,Janakpuri to Dwarka Sec 23,South West,Night,0,30.8459,28.0,Low,reduced_activity_context,10.5303,distance_m,-4.6186,contextual_footfall_proxy,-3.984,distance_to_public_toilet_m,-1.7809,lighting_relevance,1.5748,reduced_activity_context increased risk (+10.53); distance_m reduced risk (-4.62); contextual_footfall_proxy reduced risk (-3.98); distance_to_public_toilet_m reduced risk (-1.78); lighting_relevance increased risk (+1.57)
1018,Janakpuri to Dwarka Sec 23,South West,Night,1,30.8459,33.0,Moderate,reduced_activity_context,10.5303,distance_m,-4.6186,contextual_footfall_proxy,-3.984,distance_to_public_toilet_m,-1.7809,lighting_relevance,1.5748,reduced_activity_context increased risk (+10.53); distance_m reduced risk (-4.62); contextual_footfall_proxy reduced risk (-3.98); distance_to_public_toilet_m reduced risk (-1.78); lighting_relevance increased risk (+1.57)
1018,Janakpuri to Dwarka Sec 23,South West,Late Night,0,36.3654,35.0,Moderate,reduced_activity_context,10.9487,distance_m,-4.6816,lighting_relevance,1.7546,distance_to_public_toilet_m,-1.7005,lighting_score,1.0348,reduced_activity_context increased risk (+10.95); distance_m reduced risk (-4.68); lighting_relevance increased risk (+1.75); distance_to_public_toilet_m reduced risk (-1.70); lighting_score increased risk (+1.03)
1018,Janakpuri to Dwarka Sec 23,South West,Late Night,1,36.3654,40.0,Moderate,reduced_activity_context,10.9487,distance_m,-4.6816,lighting_relevance,1.7546,distance_to_public_toilet_m,-1.7005,lighting_score,1.0348,reduced_activity_context increased risk (+10.95); distance_m reduced risk (-4.68); lighting_relevance increased risk (+1.75); distance_to_public_toilet_m reduced risk (-1.70); lighting_score increased risk (+1.03)
1019,CP to Daryaganj,Central,Morning,0,30.7035,22.0923,Low,distance_to_public_toilet_m,6.166,reduced_activity_context,-5.6714,distance_m,4.3869,cctv_coverage_score,-3.6832,lighting_score,2.7989,distance_to_public_toilet_m increased risk (+6.17); reduced_activity_context reduced risk (-5.67); distance_m increased risk (+4.39); cctv_coverage_score reduced risk (-3.68); lighting_score increased risk (+2.80)
1019,CP to Daryaganj,Central,Morning,1,30.7035,27.0923,Low,distance_to_public_toilet_m,6.166,reduced_activity_context,-5.6714,distance_m,4.3869,cctv_coverage_score,-3.6832,lighting_score,2.7989,distance_to_public_toilet_m increased risk (+6.17); reduced_activity_context reduced risk (-5.67); distance_m increased risk (+4.39); cctv_coverage_score reduced risk (-3.68); lighting_score increased risk (+2.80)
1019,CP to Daryaganj,Central,Day,0,30.7332,18.5923,Low,distance_to_public_toilet_m,5.9829,reduced_activity_context,-5.6761,distance_m,4.3664,cctv_coverage_score,-3.7018,lighting_score,2.8192,distance_to_public_toilet_m increased risk (+5.98); reduced_activity_context reduced risk (-5.68); distance_m increased risk (+4.37); cctv_coverage_score reduced risk (-3.70); lighting_score increased risk (+2.82)
1019,CP to Daryaganj,Central,Day,1,30.7332,23.5923,Low,distance_to_public_toilet_m,5.9829,reduced_activity_context,-5.6761,distance_m,4.3664,cctv_coverage_score,-3.7018,lighting_score,2.8192,distance_to_public_toilet_m increased risk (+5.98); reduced_activity_context reduced risk (-5.68); distance_m increased risk (+4.37); cctv_coverage_score reduced risk (-3.70); lighting_score increased risk (+2.82)
1019,CP to Daryaganj,Central,Evening,0,30.0874,29.0923,Low,distance_to_public_toilet_m,5.7232,reduced_activity_context,-5.4268,cctv_coverage_score,-4.3737,distance_m,4.124,distance_to_hospital_m,-3.3794,distance_to_public_toilet_m increased risk (+5.72); reduced_activity_context reduced risk (-5.43); cctv_coverage_score reduced risk (-4.37); distance_m increased risk (+4.12); distance_to_hospital_m reduced risk (-3.38)
1019,CP to Daryaganj,Central,Evening,1,30.0874,34.0923,Moderate,distance_to_public_toilet_m,5.7232,reduced_activity_context,-5.4268,cctv_coverage_score,-4.3737,distance_m,4.124,distance_to_hospital_m,-3.3794,distance_to_public_toilet_m increased risk (+5.72); reduced_activity_context reduced risk (-5.43); cctv_coverage_score reduced risk (-4.37); distance_m increased risk (+4.12); distance_to_hospital_m reduced risk (-3.38)
1019,CP to Daryaganj,Central,Night,0,48.4585,39.5923,Moderate,reduced_activity_context,9.4907,distance_to_public_toilet_m,4.7833,distance_m,3.8525,cctv_coverage_score,-3.4046,distance_to_hospital_m,-3.1295,reduced_activity_context increased risk (+9.49); distance_to_public_toilet_m increased risk (+4.78); distance_m increased risk (+3.85); cctv_coverage_score reduced risk (-3.40); distance_to_hospital_m reduced risk (-3.13)
1019,CP to Daryaganj,Central,Night,1,48.4585,44.5923,Moderate,reduced_activity_context,9.4907,distance_to_public_toilet_m,4.7833,distance_m,3.8525,cctv_coverage_score,-3.4046,distance_to_hospital_m,-3.1295,reduced_activity_context increased risk (+9.49); distance_to_public_toilet_m increased risk (+4.78); distance_m increased risk (+3.85); cctv_coverage_score reduced risk (-3.40); distance_to_hospital_m reduced risk (-3.13)
1019,CP to Daryaganj,Central,Late Night,0,50.5525,46.5923,Moderate,reduced_activity_context,9.5413,distance_to_public_toilet_m,5.0306,distance_m,3.8604,cctv_coverage_score,-3.5495,distance_to_hospital_m,-3.228,reduced_activity_context increased risk (+9.54); distance_to_public_toilet_m increased risk (+5.03); distance_m increased risk (+3.86); cctv_coverage_score reduced risk (-3.55); distance_to_hospital_m reduced risk (-3.23)
1019,CP to Daryaganj,Central,Late Night,1,50.5525,51.5923,Moderate,reduced_activity_context,9.5413,distance_to_public_toilet_m,5.0306,distance_m,3.8604,cctv_coverage_score,-3.5495,distance_to_hospital_m,-3.228,reduced_activity_context increased risk (+9.54); distance_to_public_toilet_m increased risk (+5.03); distance_m increased risk (+3.86); cctv_coverage_score reduced risk (-3.55); distance_to_hospital_m reduced risk (-3.23)
1020,Daryaganj to Kashmere Gate,North,Morning,0,46.3401,16.4143,Low,distance_to_public_toilet_m,9.8338,reduced_activity_context,-5.7796,distance_m,5.245,lighting_score,3.6875,cctv_coverage_score,2.5096,distance_to_public_toilet_m increased risk (+9.83); reduced_activity_context reduced risk (-5.78); distance_m increased risk (+5.25); lighting_score increased risk (+3.69); cctv_coverage_score increased risk (+2.51)
1020,Daryaganj to Kashmere Gate,North,Morning,1,46.3401,21.4143,Low,distance_to_public_toilet_m,9.8338,reduced_activity_context,-5.7796,distance_m,5.245,lighting_score,3.6875,cctv_coverage_score,2.5096,distance_to_public_toilet_m increased risk (+9.83); reduced_activity_context reduced risk (-5.78); distance_m increased risk (+5.25); lighting_score increased risk (+3.69); cctv_coverage_score increased risk (+2.51)
1020,Daryaganj to Kashmere Gate,North,Day,0,43.8533,12.9143,Low,distance_to_public_toilet_m,9.5935,reduced_activity_context,-6.0011,distance_m,5.1975,lighting_score,3.578,cctv_coverage_score,2.3786,distance_to_public_toilet_m increased risk (+9.59); reduced_activity_context reduced risk (-6.00); distance_m increased risk (+5.20); lighting_score increased risk (+3.58); cctv_coverage_score increased risk (+2.38)
1020,Daryaganj to Kashmere Gate,North,Day,1,43.8533,17.9143,Low,distance_to_public_toilet_m,9.5935,reduced_activity_context,-6.0011,distance_m,5.1975,lighting_score,3.578,cctv_coverage_score,2.3786,distance_to_public_toilet_m increased risk (+9.59); reduced_activity_context reduced risk (-6.00); distance_m increased risk (+5.20); lighting_score increased risk (+3.58); cctv_coverage_score increased risk (+2.38)
1020,Daryaganj to Kashmere Gate,North,Evening,0,48.0545,23.4143,Low,distance_to_public_toilet_m,8.9194,reduced_activity_context,-5.5239,distance_m,4.9698,lighting_score,3.6472,cctv_coverage_score,2.2569,distance_to_public_toilet_m increased risk (+8.92); reduced_activity_context reduced risk (-5.52); distance_m increased risk (+4.97); lighting_score increased risk (+3.65); cctv_coverage_score increased risk (+2.26)
1020,Daryaganj to Kashmere Gate,North,Evening,1,48.0545,28.4143,Low,distance_to_public_toilet_m,8.9194,reduced_activity_context,-5.5239,distance_m,4.9698,lighting_score,3.6472,cctv_coverage_score,2.2569,distance_to_public_toilet_m increased risk (+8.92); reduced_activity_context reduced risk (-5.52); distance_m increased risk (+4.97); lighting_score increased risk (+3.65); cctv_coverage_score increased risk (+2.26)
1020,Daryaganj to Kashmere Gate,North,Night,0,63.249,33.9143,Moderate,reduced_activity_context,9.8221,distance_to_public_toilet_m,7.9724,distance_m,5.9602,lighting_score,3.7691,cctv_coverage_score,2.0903,reduced_activity_context increased risk (+9.82); distance_to_public_toilet_m increased risk (+7.97); distance_m increased risk (+5.96); lighting_score increased risk (+3.77); cctv_coverage_score increased risk (+2.09)
1020,Daryaganj to Kashmere Gate,North,Night,1,63.249,38.9143,Moderate,reduced_activity_context,9.8221,distance_to_public_toilet_m,7.9724,distance_m,5.9602,lighting_score,3.7691,cctv_coverage_score,2.0903,reduced_activity_context increased risk (+9.82); distance_to_public_toilet_m increased risk (+7.97); distance_m increased risk (+5.96); lighting_score increased risk (+3.77); cctv_coverage_score increased risk (+2.09)
1020,Daryaganj to Kashmere Gate,North,Late Night,0,64.5682,40.9143,Moderate,reduced_activity_context,10.3228,distance_to_public_toilet_m,7.8799,distance_m,5.3222,lighting_score,4.0507,cctv_coverage_score,2.0695,reduced_activity_context increased risk (+10.32); distance_to_public_toilet_m increased risk (+7.88); distance_m increased risk (+5.32); lighting_score increased risk (+4.05); cctv_coverage_score increased risk (+2.07)
1020,Daryaganj to Kashmere Gate,North,Late Night,1,64.5682,45.9143,Moderate,reduced_activity_context,10.3228,distance_to_public_toilet_m,7.8799,distance_m,5.3222,lighting_score,4.0507,cctv_coverage_score,2.0695,reduced_activity_context increased risk (+10.32); distance_to_public_toilet_m increased risk (+7.88); distance_m increased risk (+5.32); lighting_score increased risk (+4.05); cctv_coverage_score increased risk (+2.07)
1021,Kashmere Gate to Civil Lines,North,Morning,0,39.496,16.3131,Low,distance_m,8.6078,reduced_activity_context,-5.6154,distance_to_public_toilet_m,5.2797,cctv_coverage_score,-4.2911,estimated_travel_time_s,2.1682,distance_m increased risk (+8.61); reduced_activity_context reduced risk (-5.62); distance_to_public_toilet_m increased risk (+5.28); cctv_coverage_score reduced risk (-4.29); estimated_travel_time_s increased risk (+2.17)
1021,Kashmere Gate to Civil Lines,North,Morning,1,39.496,21.3131,Low,distance_m,8.6078,reduced_activity_context,-5.6154,distance_to_public_toilet_m,5.2797,cctv_coverage_score,-4.2911,estimated_travel_time_s,2.1682,distance_m increased risk (+8.61); reduced_activity_context reduced risk (-5.62); distance_to_public_toilet_m increased risk (+5.28); cctv_coverage_score reduced risk (-4.29); estimated_travel_time_s increased risk (+2.17)
1021,Kashmere Gate to Civil Lines,North,Day,0,39.0027,12.8131,Low,distance_m,8.8399,reduced_activity_context,-5.7491,distance_to_public_toilet_m,5.5468,cctv_coverage_score,-4.3925,estimated_travel_time_s,2.2603,distance_m increased risk (+8.84); reduced_activity_context reduced risk (-5.75); distance_to_public_toilet_m increased risk (+5.55); cctv_coverage_score reduced risk (-4.39); estimated_travel_time_s increased risk (+2.26)
1021,Kashmere Gate to Civil Lines,North,Day,1,39.0027,17.8131,Low,distance_m,8.8399,reduced_activity_context,-5.7491,distance_to_public_toilet_m,5.5468,cctv_coverage_score,-4.3925,estimated_travel_time_s,2.2603,distance_m increased risk (+8.84); reduced_activity_context reduced risk (-5.75); distance_to_public_toilet_m increased risk (+5.55); cctv_coverage_score reduced risk (-4.39); estimated_travel_time_s increased risk (+2.26)
1021,Kashmere Gate to Civil Lines,North,Evening,0,42.3604,23.3131,Low,distance_m,8.2442,reduced_activity_context,-5.1833,distance_to_public_toilet_m,4.3175,cctv_coverage_score,-3.7946,contextual_footfall_proxy,3.1478,distance_m increased risk (+8.24); reduced_activity_context reduced risk (-5.18); distance_to_public_toilet_m increased risk (+4.32); cctv_coverage_score reduced risk (-3.79); contextual_footfall_proxy increased risk (+3.15)
1021,Kashmere Gate to Civil Lines,North,Evening,1,42.3604,28.3131,Low,distance_m,8.2442,reduced_activity_context,-5.1833,distance_to_public_toilet_m,4.3175,cctv_coverage_score,-3.7946,contextual_footfall_proxy,3.1478,distance_m increased risk (+8.24); reduced_activity_context reduced risk (-5.18); distance_to_public_toilet_m increased risk (+4.32); cctv_coverage_score reduced risk (-3.79); contextual_footfall_proxy increased risk (+3.15)
1021,Kashmere Gate to Civil Lines,North,Night,0,54.5358,33.8131,Moderate,reduced_activity_context,9.1524,distance_m,8.7266,distance_to_public_toilet_m,4.8606,cctv_coverage_score,-3.716,contextual_footfall_proxy,-3.2998,reduced_activity_context increased risk (+9.15); distance_m increased risk (+8.73); distance_to_public_toilet_m increased risk (+4.86); cctv_coverage_score reduced risk (-3.72); contextual_footfall_proxy reduced risk (-3.30)
1021,Kashmere Gate to Civil Lines,North,Night,1,54.5358,38.8131,Moderate,reduced_activity_context,9.1524,distance_m,8.7266,distance_to_public_toilet_m,4.8606,cctv_coverage_score,-3.716,contextual_footfall_proxy,-3.2998,reduced_activity_context increased risk (+9.15); distance_m increased risk (+8.73); distance_to_public_toilet_m increased risk (+4.86); cctv_coverage_score reduced risk (-3.72); contextual_footfall_proxy reduced risk (-3.30)
1021,Kashmere Gate to Civil Lines,North,Late Night,0,60.1088,40.8131,Moderate,reduced_activity_context,10.0695,distance_m,8.2497,distance_to_public_toilet_m,4.7692,cctv_coverage_score,-3.3356,lighting_score,2.5409,reduced_activity_context increased risk (+10.07); distance_m increased risk (+8.25); distance_to_public_toilet_m increased risk (+4.77); cctv_coverage_score reduced risk (-3.34); lighting_score increased risk (+2.54)
1021,Kashmere Gate to Civil Lines,North,Late Night,1,60.1088,45.8131,Moderate,reduced_activity_context,10.0695,distance_m,8.2497,distance_to_public_toilet_m,4.7692,cctv_coverage_score,-3.3356,lighting_score,2.5409,reduced_activity_context increased risk (+10.07); distance_m increased risk (+8.25); distance_to_public_toilet_m increased risk (+4.77); cctv_coverage_score reduced risk (-3.34); lighting_score increased risk (+2.54)
1022,Civil Lines to Model Town,North,Morning,0,17.019,16.2981,Low,reduced_activity_context,-6.9262,distance_m,-2.1594,contextual_footfall_proxy,-1.8805,distance_to_public_toilet_m,-1.3285,lighting_relevance,-1.0655,reduced_activity_context reduced risk (-6.93); distance_m reduced risk (-2.16); contextual_footfall_proxy reduced risk (-1.88); distance_to_public_toilet_m reduced risk (-1.33); lighting_relevance reduced risk (-1.07)
1022,Civil Lines to Model Town,North,Morning,1,17.019,21.2981,Low,reduced_activity_context,-6.9262,distance_m,-2.1594,contextual_footfall_proxy,-1.8805,distance_to_public_toilet_m,-1.3285,lighting_relevance,-1.0655,reduced_activity_context reduced risk (-6.93); distance_m reduced risk (-2.16); contextual_footfall_proxy reduced risk (-1.88); distance_to_public_toilet_m reduced risk (-1.33); lighting_relevance reduced risk (-1.07)
1022,Civil Lines to Model Town,North,Day,0,16.9679,12.7981,Low,reduced_activity_context,-6.9292,distance_m,-2.2403,contextual_footfall_proxy,-1.7906,distance_to_public_toilet_m,-1.3164,lighting_relevance,-1.0655,reduced_activity_context reduced risk (-6.93); distance_m reduced risk (-2.24); contextual_footfall_proxy reduced risk (-1.79); distance_to_public_toilet_m reduced risk (-1.32); lighting_relevance reduced risk (-1.07)
1022,Civil Lines to Model Town,North,Day,1,16.9679,17.7981,Low,reduced_activity_context,-6.9292,distance_m,-2.2403,contextual_footfall_proxy,-1.7906,distance_to_public_toilet_m,-1.3164,lighting_relevance,-1.0655,reduced_activity_context reduced risk (-6.93); distance_m reduced risk (-2.24); contextual_footfall_proxy reduced risk (-1.79); distance_to_public_toilet_m reduced risk (-1.32); lighting_relevance reduced risk (-1.07)
1022,Civil Lines to Model Town,North,Evening,0,18.363,23.2981,Low,reduced_activity_context,-6.739,distance_m,-2.1811,distance_to_public_toilet_m,-1.3014,contextual_footfall_proxy,-1.0649,lighting_relevance,-1.0449,reduced_activity_context reduced risk (-6.74); distance_m reduced risk (-2.18); distance_to_public_toilet_m reduced risk (-1.30); contextual_footfall_proxy reduced risk (-1.06); lighting_relevance reduced risk (-1.04)
1022,Civil Lines to Model Town,North,Evening,1,18.363,28.2981,Low,reduced_activity_context,-6.739,distance_m,-2.1811,distance_to_public_toilet_m,-1.3014,contextual_footfall_proxy,-1.0649,lighting_relevance,-1.0449,reduced_activity_context reduced risk (-6.74); distance_m reduced risk (-2.18); distance_to_public_toilet_m reduced risk (-1.30); contextual_footfall_proxy reduced risk (-1.06); lighting_relevance reduced risk (-1.04)
1022,Civil Lines to Model Town,North,Night,0,36.8719,33.7981,Moderate,reduced_activity_context,10.3952,distance_m,-2.5995,lighting_relevance,1.64,contextual_footfall_proxy,-1.1927,footfall_proxy,-1.1342,reduced_activity_context increased risk (+10.40); distance_m reduced risk (-2.60); lighting_relevance increased risk (+1.64); contextual_footfall_proxy reduced risk (-1.19); footfall_proxy reduced risk (-1.13)
1022,Civil Lines to Model Town,North,Night,1,36.8719,38.7981,Moderate,reduced_activity_context,10.3952,distance_m,-2.5995,lighting_relevance,1.64,contextual_footfall_proxy,-1.1927,footfall_proxy,-1.1342,reduced_activity_context increased risk (+10.40); distance_m reduced risk (-2.60); lighting_relevance increased risk (+1.64); contextual_footfall_proxy reduced risk (-1.19); footfall_proxy reduced risk (-1.13)
1022,Civil Lines to Model Town,North,Late Night,0,37.5373,40.7981,Moderate,reduced_activity_context,10.7438,distance_m,-2.4626,lighting_relevance,1.7185,footfall_proxy,-1.2621,distance_to_public_toilet_m,-1.1647,reduced_activity_context increased risk (+10.74); distance_m reduced risk (-2.46); lighting_relevance increased risk (+1.72); footfall_proxy reduced risk (-1.26); distance_to_public_toilet_m reduced risk (-1.16)
1022,Civil Lines to Model Town,North,Late Night,1,37.5373,45.7981,Moderate,reduced_activity_context,10.7438,distance_m,-2.4626,lighting_relevance,1.7185,footfall_proxy,-1.2621,distance_to_public_toilet_m,-1.1647,reduced_activity_context increased risk (+10.74); distance_m reduced risk (-2.46); lighting_relevance increased risk (+1.72); footfall_proxy reduced risk (-1.26); distance_to_public_toilet_m reduced risk (-1.16)
1023,Model Town to Shalimar Bagh,North West,Morning,0,16.7378,14.3448,Low,reduced_activity_context,-6.7339,contextual_footfall_proxy,-2.1415,distance_m,-2.1076,distance_to_public_toilet_m,-1.0896,lighting_relevance,-1.0738,reduced_activity_context reduced risk (-6.73); contextual_footfall_proxy reduced risk (-2.14); distance_m reduced risk (-2.11); distance_to_public_toilet_m reduced risk (-1.09); lighting_relevance reduced risk (-1.07)
1023,Model Town to Shalimar Bagh,North West,Morning,1,16.7378,19.3448,Low,reduced_activity_context,-6.7339,contextual_footfall_proxy,-2.1415,distance_m,-2.1076,distance_to_public_toilet_m,-1.0896,lighting_relevance,-1.0738,reduced_activity_context reduced risk (-6.73); contextual_footfall_proxy reduced risk (-2.14); distance_m reduced risk (-2.11); distance_to_public_toilet_m reduced risk (-1.09); lighting_relevance reduced risk (-1.07)
1023,Model Town to Shalimar Bagh,North West,Day,0,15.9913,10.8448,Low,reduced_activity_context,-6.7853,contextual_footfall_proxy,-2.5656,distance_m,-2.1419,distance_to_public_toilet_m,-1.1017,lighting_relevance,-1.0738,reduced_activity_context reduced risk (-6.79); contextual_footfall_proxy reduced risk (-2.57); distance_m reduced risk (-2.14); distance_to_public_toilet_m reduced risk (-1.10); lighting_relevance reduced risk (-1.07)
1023,Model Town to Shalimar Bagh,North West,Day,1,15.9913,15.8448,Low,reduced_activity_context,-6.7853,contextual_footfall_proxy,-2.5656,distance_m,-2.1419,distance_to_public_toilet_m,-1.1017,lighting_relevance,-1.0738,reduced_activity_context reduced risk (-6.79); contextual_footfall_proxy reduced risk (-2.57); distance_m reduced risk (-2.14); distance_to_public_toilet_m reduced risk (-1.10); lighting_relevance reduced risk (-1.07)
1023,Model Town to Shalimar Bagh,North West,Evening,0,20.9288,21.3448,Low,reduced_activity_context,-6.5531,distance_m,-2.1042,contextual_footfall_proxy,1.1571,distance_to_public_toilet_m,-1.0949,lighting_relevance,-1.0532,reduced_activity_context reduced risk (-6.55); distance_m reduced risk (-2.10); contextual_footfall_proxy increased risk (+1.16); distance_to_public_toilet_m reduced risk (-1.09); lighting_relevance reduced risk (-1.05)
1023,Model Town to Shalimar Bagh,North West,Evening,1,20.9288,26.3448,Low,reduced_activity_context,-6.5531,distance_m,-2.1042,contextual_footfall_proxy,1.1571,distance_to_public_toilet_m,-1.0949,lighting_relevance,-1.0532,reduced_activity_context reduced risk (-6.55); distance_m reduced risk (-2.10); contextual_footfall_proxy increased risk (+1.16); distance_to_public_toilet_m reduced risk (-1.09); lighting_relevance reduced risk (-1.05)
1023,Model Town to Shalimar Bagh,North West,Night,0,35.9245,31.8448,Low,reduced_activity_context,10.1626,distance_m,-2.6115,lighting_relevance,1.6479,footfall_proxy,-1.0003,contextual_footfall_proxy,-0.975,reduced_activity_context increased risk (+10.16); distance_m reduced risk (-2.61); lighting_relevance increased risk (+1.65); footfall_proxy reduced risk (-1.00); contextual_footfall_proxy reduced risk (-0.97)
1023,Model Town to Shalimar Bagh,North West,Night,1,35.9245,36.8448,Moderate,reduced_activity_context,10.1626,distance_m,-2.6115,lighting_relevance,1.6479,footfall_proxy,-1.0003,contextual_footfall_proxy,-0.975,reduced_activity_context increased risk (+10.16); distance_m reduced risk (-2.61); lighting_relevance increased risk (+1.65); footfall_proxy reduced risk (-1.00); contextual_footfall_proxy reduced risk (-0.97)
1023,Model Town to Shalimar Bagh,North West,Late Night,0,39.5454,38.8448,Moderate,reduced_activity_context,10.5453,distance_m,-2.4174,lighting_relevance,1.7225,contextual_footfall_proxy,1.042,footfall_proxy,-0.9311,reduced_activity_context increased risk (+10.55); distance_m reduced risk (-2.42); lighting_relevance increased risk (+1.72); contextual_footfall_proxy increased risk (+1.04); footfall_proxy reduced risk (-0.93)
1023,Model Town to Shalimar Bagh,North West,Late Night,1,39.5454,43.8448,Moderate,reduced_activity_context,10.5453,distance_m,-2.4174,lighting_relevance,1.7225,contextual_footfall_proxy,1.042,footfall_proxy,-0.9311,reduced_activity_context increased risk (+10.55); distance_m reduced risk (-2.42); lighting_relevance increased risk (+1.72); contextual_footfall_proxy increased risk (+1.04); footfall_proxy reduced risk (-0.93)
1024,Shalimar Bagh to Rohini Sec 18,North West,Morning,0,16.627,14.3448,Low,reduced_activity_context,-6.5075,contextual_footfall_proxy,-1.7393,distance_m,-1.6113,distance_to_public_toilet_m,-1.0631,lighting_relevance,-1.0395,reduced_activity_context reduced risk (-6.51); contextual_footfall_proxy reduced risk (-1.74); distance_m reduced risk (-1.61); distance_to_public_toilet_m reduced risk (-1.06); lighting_relevance reduced risk (-1.04)
1024,Shalimar Bagh to Rohini Sec 18,North West,Morning,1,16.627,19.3448,Low,reduced_activity_context,-6.5075,contextual_footfall_proxy,-1.7393,distance_m,-1.6113,distance_to_public_toilet_m,-1.0631,lighting_relevance,-1.0395,reduced_activity_context reduced risk (-6.51); contextual_footfall_proxy reduced risk (-1.74); distance_m reduced risk (-1.61); distance_to_public_toilet_m reduced risk (-1.06); lighting_relevance reduced risk (-1.04)
1024,Shalimar Bagh to Rohini Sec 18,North West,Day,0,15.492,10.8448,Low,reduced_activity_context,-6.5985,contextual_footfall_proxy,-2.3947,distance_m,-1.6451,lighting_score,-1.1463,distance_to_public_toilet_m,-1.0863,reduced_activity_context reduced risk (-6.60); contextual_footfall_proxy reduced risk (-2.39); distance_m reduced risk (-1.65); lighting_score reduced risk (-1.15); distance_to_public_toilet_m reduced risk (-1.09)
1024,Shalimar Bagh to Rohini Sec 18,North West,Day,1,15.492,15.8448,Low,reduced_activity_context,-6.5985,contextual_footfall_proxy,-2.3947,distance_m,-1.6451,lighting_score,-1.1463,distance_to_public_toilet_m,-1.0863,reduced_activity_context reduced risk (-6.60); contextual_footfall_proxy reduced risk (-2.39); distance_m reduced risk (-1.65); lighting_score reduced risk (-1.15); distance_to_public_toilet_m reduced risk (-1.09)
1024,Shalimar Bagh to Rohini Sec 18,North West,Evening,0,21.1637,21.3448,Low,reduced_activity_context,-5.8419,distance_m,-1.3268,distance_to_public_toilet_m,-0.9398,lighting_relevance,-0.8909,footfall_proxy,-0.6345,reduced_activity_context reduced risk (-5.84); distance_m reduced risk (-1.33); distance_to_public_toilet_m reduced risk (-0.94); lighting_relevance reduced risk (-0.89); footfall_proxy reduced risk (-0.63)
1024,Shalimar Bagh to Rohini Sec 18,North West,Evening,1,21.1637,26.3448,Low,reduced_activity_context,-5.8419,distance_m,-1.3268,distance_to_public_toilet_m,-0.9398,lighting_relevance,-0.8909,footfall_proxy,-0.6345,reduced_activity_context reduced risk (-5.84); distance_m reduced risk (-1.33); distance_to_public_toilet_m reduced risk (-0.94); lighting_relevance reduced risk (-0.89); footfall_proxy reduced risk (-0.63)
1024,Shalimar Bagh to Rohini Sec 18,North West,Night,0,36.5559,31.8448,Low,reduced_activity_context,9.8927,lighting_score,-1.7084,lighting_relevance,1.5844,distance_m,-1.4504,cctv_coverage_score,-1.2246,reduced_activity_context increased risk (+9.89); lighting_score reduced risk (-1.71); lighting_relevance increased risk (+1.58); distance_m reduced risk (-1.45); cctv_coverage_score reduced risk (-1.22)
1024,Shalimar Bagh to Rohini Sec 18,North West,Night,1,36.5559,36.8448,Moderate,reduced_activity_context,9.8927,lighting_score,-1.7084,lighting_relevance,1.5844,distance_m,-1.4504,cctv_coverage_score,-1.2246,reduced_activity_context increased risk (+9.89); lighting_score reduced risk (-1.71); lighting_relevance increased risk (+1.58); distance_m reduced risk (-1.45); cctv_coverage_score reduced risk (-1.22)
1024,Shalimar Bagh to Rohini Sec 18,North West,Late Night,0,39.2344,38.8448,Moderate,reduced_activity_context,10.2722,lighting_relevance,1.6096,lighting_score,-1.3837,distance_m,-1.3072,distance_to_public_toilet_m,-0.8353,reduced_activity_context increased risk (+10.27); lighting_relevance increased risk (+1.61); lighting_score reduced risk (-1.38); distance_m reduced risk (-1.31); distance_to_public_toilet_m reduced risk (-0.84)
1024,Shalimar Bagh to Rohini Sec 18,North West,Late Night,1,39.2344,43.8448,Moderate,reduced_activity_context,10.2722,lighting_relevance,1.6096,lighting_score,-1.3837,distance_m,-1.3072,distance_to_public_toilet_m,-0.8353,reduced_activity_context increased risk (+10.27); lighting_relevance increased risk (+1.61); lighting_score reduced risk (-1.38); distance_m reduced risk (-1.31); distance_to_public_toilet_m reduced risk (-0.84)
1025,Daryaganj to Preet Vihar (Vikas Marg),East,Morning,0,17.9193,15.5334,Low,reduced_activity_context,-6.2114,distance_m,-4.1018,distance_to_public_toilet_m,-2.2864,footfall_proxy,-1.693,lighting_score,0.9802,reduced_activity_context reduced risk (-6.21); distance_m reduced risk (-4.10); distance_to_public_toilet_m reduced risk (-2.29); footfall_proxy reduced risk (-1.69); lighting_score increased risk (+0.98)
1025,Daryaganj to Preet Vihar (Vikas Marg),East,Morning,1,17.9193,20.5334,Low,reduced_activity_context,-6.2114,distance_m,-4.1018,distance_to_public_toilet_m,-2.2864,footfall_proxy,-1.693,lighting_score,0.9802,reduced_activity_context reduced risk (-6.21); distance_m reduced risk (-4.10); distance_to_public_toilet_m reduced risk (-2.29); footfall_proxy reduced risk (-1.69); lighting_score increased risk (+0.98)
1025,Daryaganj to Preet Vihar (Vikas Marg),East,Day,0,15.0923,12.0334,Low,reduced_activity_context,-6.6214,distance_m,-4.1245,distance_to_public_toilet_m,-2.4326,footfall_proxy,-1.7784,contextual_footfall_proxy,-1.4346,reduced_activity_context reduced risk (-6.62); distance_m reduced risk (-4.12); distance_to_public_toilet_m reduced risk (-2.43); footfall_proxy reduced risk (-1.78); contextual_footfall_proxy reduced risk (-1.43)
1025,Daryaganj to Preet Vihar (Vikas Marg),East,Day,1,15.0923,17.0334,Low,reduced_activity_context,-6.6214,distance_m,-4.1245,distance_to_public_toilet_m,-2.4326,footfall_proxy,-1.7784,contextual_footfall_proxy,-1.4346,reduced_activity_context reduced risk (-6.62); distance_m reduced risk (-4.12); distance_to_public_toilet_m reduced risk (-2.43); footfall_proxy reduced risk (-1.78); contextual_footfall_proxy reduced risk (-1.43)
1025,Daryaganj to Preet Vihar (Vikas Marg),East,Evening,0,24.8477,22.5334,Low,contextual_footfall_proxy,5.5848,reduced_activity_context,-5.4664,distance_m,-3.7556,distance_to_public_toilet_m,-2.06,footfall_proxy,-1.4848,contextual_footfall_proxy increased risk (+5.58); reduced_activity_context reduced risk (-5.47); distance_m reduced risk (-3.76); distance_to_public_toilet_m reduced risk (-2.06); footfall_proxy reduced risk (-1.48)
1025,Daryaganj to Preet Vihar (Vikas Marg),East,Evening,1,24.8477,27.5334,Low,contextual_footfall_proxy,5.5848,reduced_activity_context,-5.4664,distance_m,-3.7556,distance_to_public_toilet_m,-2.06,footfall_proxy,-1.4848,contextual_footfall_proxy increased risk (+5.58); reduced_activity_context reduced risk (-5.47); distance_m reduced risk (-3.76); distance_to_public_toilet_m reduced risk (-2.06); footfall_proxy reduced risk (-1.48)
1025,Daryaganj to Preet Vihar (Vikas Marg),East,Night,0,34.8106,33.0334,Moderate,reduced_activity_context,10.3899,distance_m,-4.155,contextual_footfall_proxy,-3.7232,distance_to_public_toilet_m,-1.9401,lighting_relevance,1.6114,reduced_activity_context increased risk (+10.39); distance_m reduced risk (-4.15); contextual_footfall_proxy reduced risk (-3.72); distance_to_public_toilet_m reduced risk (-1.94); lighting_relevance increased risk (+1.61)
1025,Daryaganj to Preet Vihar (Vikas Marg),East,Night,1,34.8106,38.0334,Moderate,reduced_activity_context,10.3899,distance_m,-4.155,contextual_footfall_proxy,-3.7232,distance_to_public_toilet_m,-1.9401,lighting_relevance,1.6114,reduced_activity_context increased risk (+10.39); distance_m reduced risk (-4.15); contextual_footfall_proxy reduced risk (-3.72); distance_to_public_toilet_m reduced risk (-1.94); lighting_relevance increased risk (+1.61)
1025,Daryaganj to Preet Vihar (Vikas Marg),East,Late Night,0,42.2032,40.0334,Moderate,reduced_activity_context,11.4803,distance_m,-3.9811,lighting_relevance,1.8571,distance_to_public_toilet_m,-1.833,lighting_score,1.5703,reduced_activity_context increased risk (+11.48); distance_m reduced risk (-3.98); lighting_relevance increased risk (+1.86); distance_to_public_toilet_m reduced risk (-1.83); lighting_score increased risk (+1.57)
1025,Daryaganj to Preet Vihar (Vikas Marg),East,Late Night,1,42.2032,45.0334,Moderate,reduced_activity_context,11.4803,distance_m,-3.9811,lighting_relevance,1.8571,distance_to_public_toilet_m,-1.833,lighting_score,1.5703,reduced_activity_context increased risk (+11.48); distance_m reduced risk (-3.98); lighting_relevance increased risk (+1.86); distance_to_public_toilet_m reduced risk (-1.83); lighting_score increased risk (+1.57)
1026,Preet Vihar to Shahdara,East,Morning,0,17.747,15.5307,Low,reduced_activity_context,-6.2648,distance_m,-3.1332,distance_to_public_toilet_m,-2.1689,footfall_proxy,-1.4869,lighting_score,1.0854,reduced_activity_context reduced risk (-6.26); distance_m reduced risk (-3.13); distance_to_public_toilet_m reduced risk (-2.17); footfall_proxy reduced risk (-1.49); lighting_score increased risk (+1.09)
1026,Preet Vihar to Shahdara,East,Morning,1,17.747,20.5307,Low,reduced_activity_context,-6.2648,distance_m,-3.1332,distance_to_public_toilet_m,-2.1689,footfall_proxy,-1.4869,lighting_score,1.0854,reduced_activity_context reduced risk (-6.26); distance_m reduced risk (-3.13); distance_to_public_toilet_m reduced risk (-2.17); footfall_proxy reduced risk (-1.49); lighting_score increased risk (+1.09)
1026,Preet Vihar to Shahdara,East,Day,0,15.615,12.0307,Low,reduced_activity_context,-6.4571,distance_m,-3.2115,contextual_footfall_proxy,-2.392,distance_to_public_toilet_m,-2.1657,footfall_proxy,-1.496,reduced_activity_context reduced risk (-6.46); distance_m reduced risk (-3.21); contextual_footfall_proxy reduced risk (-2.39); distance_to_public_toilet_m reduced risk (-2.17); footfall_proxy reduced risk (-1.50)
1026,Preet Vihar to Shahdara,East,Day,1,15.615,17.0307,Low,reduced_activity_context,-6.4571,distance_m,-3.2115,contextual_footfall_proxy,-2.392,distance_to_public_toilet_m,-2.1657,footfall_proxy,-1.496,reduced_activity_context reduced risk (-6.46); distance_m reduced risk (-3.21); contextual_footfall_proxy reduced risk (-2.39); distance_to_public_toilet_m reduced risk (-2.17); footfall_proxy reduced risk (-1.50)
1026,Preet Vihar to Shahdara,East,Evening,0,25.12,22.5307,Low,reduced_activity_context,-5.252,contextual_footfall_proxy,4.5669,distance_m,-2.9629,distance_to_public_toilet_m,-1.8702,footfall_proxy,-1.2486,reduced_activity_context reduced risk (-5.25); contextual_footfall_proxy increased risk (+4.57); distance_m reduced risk (-2.96); distance_to_public_toilet_m reduced risk (-1.87); footfall_proxy reduced risk (-1.25)
1026,Preet Vihar to Shahdara,East,Evening,1,25.12,27.5307,Low,reduced_activity_context,-5.252,contextual_footfall_proxy,4.5669,distance_m,-2.9629,distance_to_public_toilet_m,-1.8702,footfall_proxy,-1.2486,reduced_activity_context reduced risk (-5.25); contextual_footfall_proxy increased risk (+4.57); distance_m reduced risk (-2.96); distance_to_public_toilet_m reduced risk (-1.87); footfall_proxy reduced risk (-1.25)
1026,Preet Vihar to Shahdara,East,Night,0,35.5883,33.0307,Moderate,reduced_activity_context,9.9839,distance_m,-3.288,contextual_footfall_proxy,-2.4207,distance_to_public_toilet_m,-1.7324,lighting_relevance,1.5363,reduced_activity_context increased risk (+9.98); distance_m reduced risk (-3.29); contextual_footfall_proxy reduced risk (-2.42); distance_to_public_toilet_m reduced risk (-1.73); lighting_relevance increased risk (+1.54)
1026,Preet Vihar to Shahdara,East,Night,1,35.5883,38.0307,Moderate,reduced_activity_context,9.9839,distance_m,-3.288,contextual_footfall_proxy,-2.4207,distance_to_public_toilet_m,-1.7324,lighting_relevance,1.5363,reduced_activity_context increased risk (+9.98); distance_m reduced risk (-3.29); contextual_footfall_proxy reduced risk (-2.42); distance_to_public_toilet_m reduced risk (-1.73); lighting_relevance increased risk (+1.54)
1026,Preet Vihar to Shahdara,East,Late Night,0,41.6821,40.0307,Moderate,reduced_activity_context,11.2671,distance_m,-3.3258,lighting_relevance,1.7568,distance_to_public_toilet_m,-1.6996,lighting_score,1.6253,reduced_activity_context increased risk (+11.27); distance_m reduced risk (-3.33); lighting_relevance increased risk (+1.76); distance_to_public_toilet_m reduced risk (-1.70); lighting_score increased risk (+1.63)
1026,Preet Vihar to Shahdara,East,Late Night,1,41.6821,45.0307,Moderate,reduced_activity_context,11.2671,distance_m,-3.3258,lighting_relevance,1.7568,distance_to_public_toilet_m,-1.6996,lighting_score,1.6253,reduced_activity_context increased risk (+11.27); distance_m reduced risk (-3.33); lighting_relevance increased risk (+1.76); distance_to_public_toilet_m reduced risk (-1.70); lighting_score increased risk (+1.63)
1027,Shahdara to Seelampur,North East,Morning,0,17.2311,16.3786,Low,reduced_activity_context,-6.5474,lighting_score,-3.9427,cctv_coverage_score,-1.6416,distance_to_public_toilet_m,-1.5986,distance_m,1.1315,reduced_activity_context reduced risk (-6.55); lighting_score reduced risk (-3.94); cctv_coverage_score reduced risk (-1.64); distance_to_public_toilet_m reduced risk (-1.60); distance_m increased risk (+1.13)
1027,Shahdara to Seelampur,North East,Morning,1,17.2311,21.3786,Low,reduced_activity_context,-6.5474,lighting_score,-3.9427,cctv_coverage_score,-1.6416,distance_to_public_toilet_m,-1.5986,distance_m,1.1315,reduced_activity_context reduced risk (-6.55); lighting_score reduced risk (-3.94); cctv_coverage_score reduced risk (-1.64); distance_to_public_toilet_m reduced risk (-1.60); distance_m increased risk (+1.13)
1027,Shahdara to Seelampur,North East,Day,0,17.6545,12.8786,Low,reduced_activity_context,-6.4735,lighting_score,-3.9606,cctv_coverage_score,-1.5948,distance_to_public_toilet_m,-1.5878,distance_m,1.1146,reduced_activity_context reduced risk (-6.47); lighting_score reduced risk (-3.96); cctv_coverage_score reduced risk (-1.59); distance_to_public_toilet_m reduced risk (-1.59); distance_m increased risk (+1.11)
1027,Shahdara to Seelampur,North East,Day,1,17.6545,17.8786,Low,reduced_activity_context,-6.4735,lighting_score,-3.9606,cctv_coverage_score,-1.5948,distance_to_public_toilet_m,-1.5878,distance_m,1.1146,reduced_activity_context reduced risk (-6.47); lighting_score reduced risk (-3.96); cctv_coverage_score reduced risk (-1.59); distance_to_public_toilet_m reduced risk (-1.59); distance_m increased risk (+1.11)
1027,Shahdara to Seelampur,North East,Evening,0,18.5282,23.3786,Low,reduced_activity_context,-6.0306,lighting_score,-3.4452,distance_to_public_toilet_m,-1.5092,cctv_coverage_score,-1.405,distance_m,1.3007,reduced_activity_context reduced risk (-6.03); lighting_score reduced risk (-3.45); distance_to_public_toilet_m reduced risk (-1.51); cctv_coverage_score reduced risk (-1.41); distance_m increased risk (+1.30)
1027,Shahdara to Seelampur,North East,Evening,1,18.5282,28.3786,Low,reduced_activity_context,-6.0306,lighting_score,-3.4452,distance_to_public_toilet_m,-1.5092,cctv_coverage_score,-1.405,distance_m,1.3007,reduced_activity_context reduced risk (-6.03); lighting_score reduced risk (-3.45); distance_to_public_toilet_m reduced risk (-1.51); cctv_coverage_score reduced risk (-1.41); distance_m increased risk (+1.30)
1027,Shahdara to Seelampur,North East,Night,0,32.6274,33.8786,Moderate,reduced_activity_context,10.02,lighting_score,-4.7226,cctv_coverage_score,-2.0245,contextual_footfall_proxy,-1.6562,lighting_relevance,1.5552,reduced_activity_context increased risk (+10.02); lighting_score reduced risk (-4.72); cctv_coverage_score reduced risk (-2.02); contextual_footfall_proxy reduced risk (-1.66); lighting_relevance increased risk (+1.56)
1027,Shahdara to Seelampur,North East,Night,1,32.6274,38.8786,Moderate,reduced_activity_context,10.02,lighting_score,-4.7226,cctv_coverage_score,-2.0245,contextual_footfall_proxy,-1.6562,lighting_relevance,1.5552,reduced_activity_context increased risk (+10.02); lighting_score reduced risk (-4.72); cctv_coverage_score reduced risk (-2.02); contextual_footfall_proxy reduced risk (-1.66); lighting_relevance increased risk (+1.56)
1027,Shahdara to Seelampur,North East,Late Night,0,34.8049,40.8786,Moderate,reduced_activity_context,10.1032,lighting_score,-4.4092,cctv_coverage_score,-1.6988,lighting_relevance,1.5552,distance_to_public_toilet_m,-1.4786,reduced_activity_context increased risk (+10.10); lighting_score reduced risk (-4.41); cctv_coverage_score reduced risk (-1.70); lighting_relevance increased risk (+1.56); distance_to_public_toilet_m reduced risk (-1.48)
1027,Shahdara to Seelampur,North East,Late Night,1,34.8049,45.8786,Moderate,reduced_activity_context,10.1032,lighting_score,-4.4092,cctv_coverage_score,-1.6988,lighting_relevance,1.5552,distance_to_public_toilet_m,-1.4786,reduced_activity_context increased risk (+10.10); lighting_score reduced risk (-4.41); cctv_coverage_score reduced risk (-1.70); lighting_relevance increased risk (+1.56); distance_to_public_toilet_m reduced risk (-1.48)
1028,Seelampur to Nand Nagri,North East,Morning,0,14.6708,12.5076,Low,reduced_activity_context,-6.806,contextual_footfall_proxy,-3.5873,distance_m,-2.3504,distance_to_public_toilet_m,-1.3708,lighting_relevance,-1.0631,reduced_activity_context reduced risk (-6.81); contextual_footfall_proxy reduced risk (-3.59); distance_m reduced risk (-2.35); distance_to_public_toilet_m reduced risk (-1.37); lighting_relevance reduced risk (-1.06)
1028,Seelampur to Nand Nagri,North East,Morning,1,14.6708,17.5076,Low,reduced_activity_context,-6.806,contextual_footfall_proxy,-3.5873,distance_m,-2.3504,distance_to_public_toilet_m,-1.3708,lighting_relevance,-1.0631,reduced_activity_context reduced risk (-6.81); contextual_footfall_proxy reduced risk (-3.59); distance_m reduced risk (-2.35); distance_to_public_toilet_m reduced risk (-1.37); lighting_relevance reduced risk (-1.06)
1028,Seelampur to Nand Nagri,North East,Day,0,12.7495,9.0076,Low,reduced_activity_context,-6.7321,contextual_footfall_proxy,-5.1462,distance_m,-2.4186,distance_to_public_toilet_m,-1.4084,lighting_relevance,-1.0759,reduced_activity_context reduced risk (-6.73); contextual_footfall_proxy reduced risk (-5.15); distance_m reduced risk (-2.42); distance_to_public_toilet_m reduced risk (-1.41); lighting_relevance reduced risk (-1.08)
1028,Seelampur to Nand Nagri,North East,Day,1,12.7495,14.0076,Low,reduced_activity_context,-6.7321,contextual_footfall_proxy,-5.1462,distance_m,-2.4186,distance_to_public_toilet_m,-1.4084,lighting_relevance,-1.0759,reduced_activity_context reduced risk (-6.73); contextual_footfall_proxy reduced risk (-5.15); distance_m reduced risk (-2.42); distance_to_public_toilet_m reduced risk (-1.41); lighting_relevance reduced risk (-1.08)
1028,Seelampur to Nand Nagri,North East,Evening,0,20.0084,19.5076,Low,reduced_activity_context,-6.5792,distance_m,-2.098,distance_to_public_toilet_m,-1.277,lighting_relevance,-1.0154,lighting_score,-0.9453,reduced_activity_context reduced risk (-6.58); distance_m reduced risk (-2.10); distance_to_public_toilet_m reduced risk (-1.28); lighting_relevance reduced risk (-1.02); lighting_score reduced risk (-0.95)
1028,Seelampur to Nand Nagri,North East,Evening,1,20.0084,24.5076,Low,reduced_activity_context,-6.5792,distance_m,-2.098,distance_to_public_toilet_m,-1.277,lighting_relevance,-1.0154,lighting_score,-0.9453,reduced_activity_context reduced risk (-6.58); distance_m reduced risk (-2.10); distance_to_public_toilet_m reduced risk (-1.28); lighting_relevance reduced risk (-1.02); lighting_score reduced risk (-0.95)
1028,Seelampur to Nand Nagri,North East,Night,0,33.3354,30.0076,Low,reduced_activity_context,10.1648,distance_m,-2.7106,contextual_footfall_proxy,-2.5831,lighting_relevance,1.6245,distance_to_public_toilet_m,-1.2583,reduced_activity_context increased risk (+10.16); distance_m reduced risk (-2.71); contextual_footfall_proxy reduced risk (-2.58); lighting_relevance increased risk (+1.62); distance_to_public_toilet_m reduced risk (-1.26)
1028,Seelampur to Nand Nagri,North East,Night,1,33.3354,35.0076,Moderate,reduced_activity_context,10.1648,distance_m,-2.7106,contextual_footfall_proxy,-2.5831,lighting_relevance,1.6245,distance_to_public_toilet_m,-1.2583,reduced_activity_context increased risk (+10.16); distance_m reduced risk (-2.71); contextual_footfall_proxy reduced risk (-2.58); lighting_relevance increased risk (+1.62); distance_to_public_toilet_m reduced risk (-1.26)
1028,Seelampur to Nand Nagri,North East,Late Night,0,38.8554,37.0076,Moderate,reduced_activity_context,10.4797,distance_m,-2.3901,contextual_footfall_proxy,1.7356,lighting_relevance,1.6879,distance_to_public_toilet_m,-1.2586,reduced_activity_context increased risk (+10.48); distance_m reduced risk (-2.39); contextual_footfall_proxy increased risk (+1.74); lighting_relevance increased risk (+1.69); distance_to_public_toilet_m reduced risk (-1.26)
1028,Seelampur to Nand Nagri,North East,Late Night,1,38.8554,42.0076,Moderate,reduced_activity_context,10.4797,distance_m,-2.3901,contextual_footfall_proxy,1.7356,lighting_relevance,1.6879,distance_to_public_toilet_m,-1.2586,reduced_activity_context increased risk (+10.48); distance_m reduced risk (-2.39); contextual_footfall_proxy increased risk (+1.74); lighting_relevance increased risk (+1.69); distance_to_public_toilet_m reduced risk (-1.26)
1029,Lajpat Nagar to Mayur Vihar (DND Link),South East,Morning,0,15.9711,13.9122,Low,reduced_activity_context,-6.3016,distance_m,-4.2184,distance_to_public_toilet_m,-2.1035,footfall_proxy,-1.4997,lighting_relevance,-0.9338,reduced_activity_context reduced risk (-6.30); distance_m reduced risk (-4.22); distance_to_public_toilet_m reduced risk (-2.10); footfall_proxy reduced risk (-1.50); lighting_relevance reduced risk (-0.93)
1029,Lajpat Nagar to Mayur Vihar (DND Link),South East,Morning,1,15.9711,18.9122,Low,reduced_activity_context,-6.3016,distance_m,-4.2184,distance_to_public_toilet_m,-2.1035,footfall_proxy,-1.4997,lighting_relevance,-0.9338,reduced_activity_context reduced risk (-6.30); distance_m reduced risk (-4.22); distance_to_public_toilet_m reduced risk (-2.10); footfall_proxy reduced risk (-1.50); lighting_relevance reduced risk (-0.93)
1029,Lajpat Nagar to Mayur Vihar (DND Link),South East,Day,0,13.7182,10.4122,Low,reduced_activity_context,-6.5166,distance_m,-4.3396,contextual_footfall_proxy,-2.3582,distance_to_public_toilet_m,-2.1298,footfall_proxy,-1.5509,reduced_activity_context reduced risk (-6.52); distance_m reduced risk (-4.34); contextual_footfall_proxy reduced risk (-2.36); distance_to_public_toilet_m reduced risk (-2.13); footfall_proxy reduced risk (-1.55)
1029,Lajpat Nagar to Mayur Vihar (DND Link),South East,Day,1,13.7182,15.4122,Low,reduced_activity_context,-6.5166,distance_m,-4.3396,contextual_footfall_proxy,-2.3582,distance_to_public_toilet_m,-2.1298,footfall_proxy,-1.5509,reduced_activity_context reduced risk (-6.52); distance_m reduced risk (-4.34); contextual_footfall_proxy reduced risk (-2.36); distance_to_public_toilet_m reduced risk (-2.13); footfall_proxy reduced risk (-1.55)
1029,Lajpat Nagar to Mayur Vihar (DND Link),South East,Evening,0,23.3516,20.9122,Low,reduced_activity_context,-5.2953,contextual_footfall_proxy,4.7639,distance_m,-4.0159,distance_to_public_toilet_m,-1.8411,footfall_proxy,-1.3696,reduced_activity_context reduced risk (-5.30); contextual_footfall_proxy increased risk (+4.76); distance_m reduced risk (-4.02); distance_to_public_toilet_m reduced risk (-1.84); footfall_proxy reduced risk (-1.37)
1029,Lajpat Nagar to Mayur Vihar (DND Link),South East,Evening,1,23.3516,25.9122,Low,reduced_activity_context,-5.2953,contextual_footfall_proxy,4.7639,distance_m,-4.0159,distance_to_public_toilet_m,-1.8411,footfall_proxy,-1.3696,reduced_activity_context reduced risk (-5.30); contextual_footfall_proxy increased risk (+4.76); distance_m reduced risk (-4.02); distance_to_public_toilet_m reduced risk (-1.84); footfall_proxy reduced risk (-1.37)
1029,Lajpat Nagar to Mayur Vihar (DND Link),South East,Night,0,34.2221,31.4122,Low,reduced_activity_context,10.0376,distance_m,-4.3025,contextual_footfall_proxy,-2.6336,distance_to_public_toilet_m,-1.6101,lighting_relevance,1.5294,reduced_activity_context increased risk (+10.04); distance_m reduced risk (-4.30); contextual_footfall_proxy reduced risk (-2.63); distance_to_public_toilet_m reduced risk (-1.61); lighting_relevance increased risk (+1.53)
1029,Lajpat Nagar to Mayur Vihar (DND Link),South East,Night,1,34.2221,36.4122,Moderate,reduced_activity_context,10.0376,distance_m,-4.3025,contextual_footfall_proxy,-2.6336,distance_to_public_toilet_m,-1.6101,lighting_relevance,1.5294,reduced_activity_context increased risk (+10.04); distance_m reduced risk (-4.30); contextual_footfall_proxy reduced risk (-2.63); distance_to_public_toilet_m reduced risk (-1.61); lighting_relevance increased risk (+1.53)
1029,Lajpat Nagar to Mayur Vihar (DND Link),South East,Late Night,0,40.6743,38.4122,Moderate,reduced_activity_context,11.2513,distance_m,-3.9424,lighting_relevance,1.7587,distance_to_public_toilet_m,-1.6146,lighting_score,1.4083,reduced_activity_context increased risk (+11.25); distance_m reduced risk (-3.94); lighting_relevance increased risk (+1.76); distance_to_public_toilet_m reduced risk (-1.61); lighting_score increased risk (+1.41)
1029,Lajpat Nagar to Mayur Vihar (DND Link),South East,Late Night,1,40.6743,43.4122,Moderate,reduced_activity_context,11.2513,distance_m,-3.9424,lighting_relevance,1.7587,distance_to_public_toilet_m,-1.6146,lighting_score,1.4083,reduced_activity_context increased risk (+11.25); distance_m reduced risk (-3.94); lighting_relevance increased risk (+1.76); distance_to_public_toilet_m reduced risk (-1.61); lighting_score increased risk (+1.41)
1030,Okhla Ind Area to Sarita Vihar,South East,Morning,0,28.8037,15.924,Low,distance_m,8.2236,reduced_activity_context,-5.5131,lighting_score,-2.6398,estimated_travel_time_s,1.8533,cctv_coverage_score,-1.6288,distance_m increased risk (+8.22); reduced_activity_context reduced risk (-5.51); lighting_score reduced risk (-2.64); estimated_travel_time_s increased risk (+1.85); cctv_coverage_score reduced risk (-1.63)
1030,Okhla Ind Area to Sarita Vihar,South East,Morning,1,28.8037,20.924,Low,distance_m,8.2236,reduced_activity_context,-5.5131,lighting_score,-2.6398,estimated_travel_time_s,1.8533,cctv_coverage_score,-1.6288,distance_m increased risk (+8.22); reduced_activity_context reduced risk (-5.51); lighting_score reduced risk (-2.64); estimated_travel_time_s increased risk (+1.85); cctv_coverage_score reduced risk (-1.63)
1030,Okhla Ind Area to Sarita Vihar,South East,Day,0,27.5686,12.424,Low,distance_m,8.1242,reduced_activity_context,-5.5138,lighting_score,-2.5806,estimated_travel_time_s,1.6932,contextual_footfall_proxy,-1.6426,distance_m increased risk (+8.12); reduced_activity_context reduced risk (-5.51); lighting_score reduced risk (-2.58); estimated_travel_time_s increased risk (+1.69); contextual_footfall_proxy reduced risk (-1.64)
1030,Okhla Ind Area to Sarita Vihar,South East,Day,1,27.5686,17.424,Low,distance_m,8.1242,reduced_activity_context,-5.5138,lighting_score,-2.5806,estimated_travel_time_s,1.6932,contextual_footfall_proxy,-1.6426,distance_m increased risk (+8.12); reduced_activity_context reduced risk (-5.51); lighting_score reduced risk (-2.58); estimated_travel_time_s increased risk (+1.69); contextual_footfall_proxy reduced risk (-1.64)
1030,Okhla Ind Area to Sarita Vihar,South East,Evening,0,28.9604,22.924,Low,distance_m,8.2978,reduced_activity_context,-5.4544,lighting_score,-2.2464,estimated_travel_time_s,1.9529,cctv_coverage_score,-1.4999,distance_m increased risk (+8.30); reduced_activity_context reduced risk (-5.45); lighting_score reduced risk (-2.25); estimated_travel_time_s increased risk (+1.95); cctv_coverage_score reduced risk (-1.50)
1030,Okhla Ind Area to Sarita Vihar,South East,Evening,1,28.9604,27.924,Low,distance_m,8.2978,reduced_activity_context,-5.4544,lighting_score,-2.2464,estimated_travel_time_s,1.9529,cctv_coverage_score,-1.4999,distance_m increased risk (+8.30); reduced_activity_context reduced risk (-5.45); lighting_score reduced risk (-2.25); estimated_travel_time_s increased risk (+1.95); cctv_coverage_score reduced risk (-1.50)
1030,Okhla Ind Area to Sarita Vihar,South East,Night,0,40.2659,33.424,Moderate,reduced_activity_context,8.6253,distance_m,6.7022,lighting_score,-3.55,cctv_coverage_score,-1.7313,lighting_relevance,1.5246,reduced_activity_context increased risk (+8.63); distance_m increased risk (+6.70); lighting_score reduced risk (-3.55); cctv_coverage_score reduced risk (-1.73); lighting_relevance increased risk (+1.52)
1030,Okhla Ind Area to Sarita Vihar,South East,Night,1,40.2659,38.424,Moderate,reduced_activity_context,8.6253,distance_m,6.7022,lighting_score,-3.55,cctv_coverage_score,-1.7313,lighting_relevance,1.5246,reduced_activity_context increased risk (+8.63); distance_m increased risk (+6.70); lighting_score reduced risk (-3.55); cctv_coverage_score reduced risk (-1.73); lighting_relevance increased risk (+1.52)
1030,Okhla Ind Area to Sarita Vihar,South East,Late Night,0,40.7289,40.424,Moderate,reduced_activity_context,8.6009,distance_m,6.9375,lighting_score,-3.5077,cctv_coverage_score,-1.7182,lighting_relevance,1.5329,reduced_activity_context increased risk (+8.60); distance_m increased risk (+6.94); lighting_score reduced risk (-3.51); cctv_coverage_score reduced risk (-1.72); lighting_relevance increased risk (+1.53)
1030,Okhla Ind Area to Sarita Vihar,South East,Late Night,1,40.7289,45.424,Moderate,reduced_activity_context,8.6009,distance_m,6.9375,lighting_score,-3.5077,cctv_coverage_score,-1.7182,lighting_relevance,1.5329,reduced_activity_context increased risk (+8.60); distance_m increased risk (+6.94); lighting_score reduced risk (-3.51); cctv_coverage_score reduced risk (-1.72); lighting_relevance increased risk (+1.53)
